solid OpenSCAD_Model
  facet normal -1 0 0
    outer loop
      vertex 0 0 0
      vertex 0 50.95 22.5
      vertex 0 50.95 0
    endloop
  endfacet
  facet normal -1 -0 0
    outer loop
      vertex 0 50.95 22.5
      vertex 0 0 0
      vertex 0 0 22.5
    endloop
  endfacet
  facet normal 0 0 1
    outer loop
      vertex 132 50.95 22.5
      vertex 129.5 48.45 22.5
      vertex 132 0 22.5
    endloop
  endfacet
  facet normal 0 0 1
    outer loop
      vertex 132 50.95 22.5
      vertex 110.5 48.45 22.5
      vertex 129.5 48.45 22.5
    endloop
  endfacet
  facet normal 0 0 1
    outer loop
      vertex 110.5 48.45 22.5
      vertex 108 48.45 22.5
      vertex 110.5 2.5 22.5
    endloop
  endfacet
  facet normal 0 0 1
    outer loop
      vertex 132 50.95 22.5
      vertex 108 48.45 22.5
      vertex 110.5 48.45 22.5
    endloop
  endfacet
  facet normal 0 0 1
    outer loop
      vertex 132 50.95 22.5
      vertex 90 48.45 22.5
      vertex 108 48.45 22.5
    endloop
  endfacet
  facet normal 0 0 1
    outer loop
      vertex 90 48.45 22.5
      vertex 87.5 48.45 22.5
      vertex 90 2.5 22.5
    endloop
  endfacet
  facet normal 0 0 1
    outer loop
      vertex 132 50.95 22.5
      vertex 87.5 48.45 22.5
      vertex 90 48.45 22.5
    endloop
  endfacet
  facet normal 0 0 1
    outer loop
      vertex 132 50.95 22.5
      vertex 70.5 48.45 22.5
      vertex 87.5 48.45 22.5
    endloop
  endfacet
  facet normal 0 0 1
    outer loop
      vertex 70.5 48.45 22.5
      vertex 68 48.45 22.5
      vertex 70.5 2.5 22.5
    endloop
  endfacet
  facet normal 0 0 1
    outer loop
      vertex 132 50.95 22.5
      vertex 68 48.45 22.5
      vertex 70.5 48.45 22.5
    endloop
  endfacet
  facet normal 0 0 1
    outer loop
      vertex 132 50.95 22.5
      vertex 52 48.45 22.5
      vertex 68 48.45 22.5
    endloop
  endfacet
  facet normal 0 0 1
    outer loop
      vertex 52 48.45 22.5
      vertex 49.5 48.45 22.5
      vertex 52 2.5 22.5
    endloop
  endfacet
  facet normal -0 0 1
    outer loop
      vertex 0 50.95 22.5
      vertex 52 48.45 22.5
      vertex 132 50.95 22.5
    endloop
  endfacet
  facet normal 0 0 1
    outer loop
      vertex 52 48.45 22.5
      vertex 0 50.95 22.5
      vertex 49.5 48.45 22.5
    endloop
  endfacet
  facet normal 0 0 1
    outer loop
      vertex 34.5 48.45 22.5
      vertex 32 48.45 22.5
      vertex 34.5 2.5 22.5
    endloop
  endfacet
  facet normal 0 0 1
    outer loop
      vertex 49.5 48.45 22.5
      vertex 0 50.95 22.5
      vertex 34.5 48.45 22.5
    endloop
  endfacet
  facet normal 0 0 1
    outer loop
      vertex 34.5 48.45 22.5
      vertex 0 50.95 22.5
      vertex 32 48.45 22.5
    endloop
  endfacet
  facet normal 0 0 1
    outer loop
      vertex 18 48.45 22.5
      vertex 15.5 48.45 22.5
      vertex 18 2.5 22.5
    endloop
  endfacet
  facet normal 0 0 1
    outer loop
      vertex 32 48.45 22.5
      vertex 0 50.95 22.5
      vertex 18 48.45 22.5
    endloop
  endfacet
  facet normal 0 0 1
    outer loop
      vertex 18 48.45 22.5
      vertex 0 50.95 22.5
      vertex 15.5 48.45 22.5
    endloop
  endfacet
  facet normal 0 0 1
    outer loop
      vertex 2.5 48.45 22.5
      vertex 0 50.95 22.5
      vertex 2.5 2.5 22.5
    endloop
  endfacet
  facet normal 0 0 1
    outer loop
      vertex 15.5 48.45 22.5
      vertex 0 50.95 22.5
      vertex 2.5 48.45 22.5
    endloop
  endfacet
  facet normal -0 0 1
    outer loop
      vertex 129.5 2.5 22.5
      vertex 132 0 22.5
      vertex 129.5 48.45 22.5
    endloop
  endfacet
  facet normal -0 0 1
    outer loop
      vertex 110.5 2.5 22.5
      vertex 132 0 22.5
      vertex 129.5 2.5 22.5
    endloop
  endfacet
  facet normal 0 0 1
    outer loop
      vertex 108 2.5 22.5
      vertex 110.5 2.5 22.5
      vertex 108 48.45 22.5
    endloop
  endfacet
  facet normal -0 0 1
    outer loop
      vertex 108 2.5 22.5
      vertex 132 0 22.5
      vertex 110.5 2.5 22.5
    endloop
  endfacet
  facet normal -0 0 1
    outer loop
      vertex 90 2.5 22.5
      vertex 132 0 22.5
      vertex 108 2.5 22.5
    endloop
  endfacet
  facet normal 0 0 1
    outer loop
      vertex 87.5 2.5 22.5
      vertex 90 2.5 22.5
      vertex 87.5 48.45 22.5
    endloop
  endfacet
  facet normal -0 0 1
    outer loop
      vertex 87.5 2.5 22.5
      vertex 132 0 22.5
      vertex 90 2.5 22.5
    endloop
  endfacet
  facet normal -0 0 1
    outer loop
      vertex 70.5 2.5 22.5
      vertex 132 0 22.5
      vertex 87.5 2.5 22.5
    endloop
  endfacet
  facet normal 0 0 1
    outer loop
      vertex 68 2.5 22.5
      vertex 70.5 2.5 22.5
      vertex 68 48.45 22.5
    endloop
  endfacet
  facet normal -0 0 1
    outer loop
      vertex 68 2.5 22.5
      vertex 132 0 22.5
      vertex 70.5 2.5 22.5
    endloop
  endfacet
  facet normal -0 0 1
    outer loop
      vertex 52 2.5 22.5
      vertex 132 0 22.5
      vertex 68 2.5 22.5
    endloop
  endfacet
  facet normal 0 0 1
    outer loop
      vertex 49.5 2.5 22.5
      vertex 52 2.5 22.5
      vertex 49.5 48.45 22.5
    endloop
  endfacet
  facet normal 0 0 1
    outer loop
      vertex 0 0 22.5
      vertex 52 2.5 22.5
      vertex 49.5 2.5 22.5
    endloop
  endfacet
  facet normal 0 0 1
    outer loop
      vertex 0 0 22.5
      vertex 49.5 2.5 22.5
      vertex 34.5 2.5 22.5
    endloop
  endfacet
  facet normal 0 0 1
    outer loop
      vertex 32 2.5 22.5
      vertex 34.5 2.5 22.5
      vertex 32 48.45 22.5
    endloop
  endfacet
  facet normal 0 0 1
    outer loop
      vertex 0 0 22.5
      vertex 34.5 2.5 22.5
      vertex 32 2.5 22.5
    endloop
  endfacet
  facet normal 0 0 1
    outer loop
      vertex 0 0 22.5
      vertex 32 2.5 22.5
      vertex 18 2.5 22.5
    endloop
  endfacet
  facet normal 0 0 1
    outer loop
      vertex 15.5 2.5 22.5
      vertex 18 2.5 22.5
      vertex 15.5 48.45 22.5
    endloop
  endfacet
  facet normal 0 0 1
    outer loop
      vertex 0 0 22.5
      vertex 18 2.5 22.5
      vertex 15.5 2.5 22.5
    endloop
  endfacet
  facet normal 0 0 1
    outer loop
      vertex 0 0 22.5
      vertex 15.5 2.5 22.5
      vertex 2.5 2.5 22.5
    endloop
  endfacet
  facet normal 0 0 1
    outer loop
      vertex 52 2.5 22.5
      vertex 0 0 22.5
      vertex 132 0 22.5
    endloop
  endfacet
  facet normal 0 0 1
    outer loop
      vertex 0 0 22.5
      vertex 2.5 2.5 22.5
      vertex 0 50.95 22.5
    endloop
  endfacet
  facet normal 1 -0 0
    outer loop
      vertex 132 0 22.5
      vertex 132 50.95 0
      vertex 132 50.95 22.5
    endloop
  endfacet
  facet normal 1 0 0
    outer loop
      vertex 132 50.95 0
      vertex 132 0 22.5
      vertex 132 0 0
    endloop
  endfacet
  facet normal 0 1 -0
    outer loop
      vertex 132 50.95 0
      vertex 0 50.95 22.5
      vertex 132 50.95 22.5
    endloop
  endfacet
  facet normal 0 1 0
    outer loop
      vertex 0 50.95 22.5
      vertex 132 50.95 0
      vertex 0 50.95 0
    endloop
  endfacet
  facet normal 0 0 -1
    outer loop
      vertex 0 0 0
      vertex 132 50.95 0
      vertex 132 0 0
    endloop
  endfacet
  facet normal -0 0 -1
    outer loop
      vertex 132 50.95 0
      vertex 0 0 0
      vertex 0 50.95 0
    endloop
  endfacet
  facet normal 0 -1 0
    outer loop
      vertex 118.86 0 10.8233
      vertex 119.292 0 11.5235
      vertex 118.86 0 11.5235
    endloop
  endfacet
  facet normal 0 -1 0
    outer loop
      vertex 119.689 0 10.8233
      vertex 119.292 0 11.5235
      vertex 118.86 0 10.8233
    endloop
  endfacet
  facet normal 0 -1 0
    outer loop
      vertex 119.292 0 11.5235
      vertex 119.689 0 10.8233
      vertex 119.689 0 11.4902
    endloop
  endfacet
  facet normal 0 -1 0
    outer loop
      vertex 96.5401 0 10.8233
      vertex 96.9721 0 11.5235
      vertex 96.5401 0 11.5235
    endloop
  endfacet
  facet normal 0 -1 0
    outer loop
      vertex 97.3694 0 10.8233
      vertex 96.9721 0 11.5235
      vertex 96.5401 0 10.8233
    endloop
  endfacet
  facet normal 0 -1 0
    outer loop
      vertex 96.9721 0 11.5235
      vertex 97.3694 0 10.8233
      vertex 97.3694 0 11.4902
    endloop
  endfacet
  facet normal 0 -1 0
    outer loop
      vertex 77.8602 0 10.8233
      vertex 78.2922 0 11.5235
      vertex 77.8602 0 11.5235
    endloop
  endfacet
  facet normal 0 -1 0
    outer loop
      vertex 78.6894 0 10.8233
      vertex 78.2922 0 11.5235
      vertex 77.8602 0 10.8233
    endloop
  endfacet
  facet normal 0 -1 0
    outer loop
      vertex 78.2922 0 11.5235
      vertex 78.6894 0 10.8233
      vertex 78.6894 0 11.4902
    endloop
  endfacet
  facet normal 0 -1 -0
    outer loop
      vertex 62.2762 0 12.4444
      vertex 62.1955 0 11.7181
      vertex 62.8601 0 11.7869
    endloop
  endfacet
  facet normal 0 -1 0
    outer loop
      vertex 60.6931 0 11.3149
      vertex 62.1955 0 11.7181
      vertex 60.8074 0 11.8688
    endloop
  endfacet
  facet normal 0 -1 -0
    outer loop
      vertex 62.1955 0 11.7181
      vertex 60.6931 0 11.3149
      vertex 62.3159 0 11.3259
    endloop
  endfacet
  facet normal 0 -1 0
    outer loop
      vertex 60.6566 0 10.8233
      vertex 62.3159 0 11.3259
      vertex 60.6931 0 11.3149
    endloop
  endfacet
  facet normal 0 -1 -0
    outer loop
      vertex 62.3159 0 11.3259
      vertex 60.6566 0 10.8233
      vertex 62.5586 0 11.0226
    endloop
  endfacet
  facet normal 0 -1 -0
    outer loop
      vertex 62.5586 0 11.0226
      vertex 60.6566 0 10.8233
      vertex 62.9069 0 10.8286
    endloop
  endfacet
  facet normal 0 -1 0
    outer loop
      vertex 63.3443 0 10.764
      vertex 60.6566 0 10.8233
      vertex 56.7071 0 10.764
    endloop
  endfacet
  facet normal 0 -1 0
    outer loop
      vertex 60.6566 0 10.8233
      vertex 63.3443 0 10.764
      vertex 62.9069 0 10.8286
    endloop
  endfacet
  facet normal 0 -1 -0
    outer loop
      vertex 42.9561 0 12.4444
      vertex 42.8754 0 11.7181
      vertex 43.54 0 11.7869
    endloop
  endfacet
  facet normal 0 -1 0
    outer loop
      vertex 41.1501 0 12.1601
      vertex 41.6894 0 11.4902
      vertex 42.3564 0 11.4902
    endloop
  endfacet
  facet normal 0 -1 0
    outer loop
      vertex 41.1112 0 11.4434
      vertex 41.6894 0 11.4902
      vertex 41.1949 0 11.8676
    endloop
  endfacet
  facet normal 0 -1 0
    outer loop
      vertex 41.6894 0 10.8233
      vertex 41.1112 0 11.4434
      vertex 40.8602 0 11.0867
    endloop
  endfacet
  facet normal 0 -1 0
    outer loop
      vertex 41.6894 0 10.8233
      vertex 40.8602 0 11.0867
      vertex 40.4846 0 10.8447
    endloop
  endfacet
  facet normal 0 -1 0
    outer loop
      vertex 41.1112 0 11.4434
      vertex 41.6894 0 10.8233
      vertex 41.6894 0 11.4902
    endloop
  endfacet
  facet normal 0 -1 -0
    outer loop
      vertex 41.6894 0 10.8233
      vertex 40.0271 0 10.764
      vertex 42.3564 0 10.8233
    endloop
  endfacet
  facet normal 0 -1 0
    outer loop
      vertex 40.0271 0 10.764
      vertex 41.6894 0 10.8233
      vertex 40.4846 0 10.8447
    endloop
  endfacet
  facet normal 0 -1 0
    outer loop
      vertex 122.494 0 12.2595
      vertex 122.012 0 12.62
      vertex 121.74 0 12.5565
    endloop
  endfacet
  facet normal 0 -1 0
    outer loop
      vertex 122.012 0 12.62
      vertex 122.494 0 12.2595
      vertex 122.221 0 12.5799
    endloop
  endfacet
  facet normal 0 -1 0
    outer loop
      vertex 121.54 0 11.7869
      vertex 121.74 0 12.5565
      vertex 121.497 0 12.366
    endloop
  endfacet
  facet normal 0 -1 0
    outer loop
      vertex 122.221 0 12.5799
      vertex 122.494 0 12.2595
      vertex 122.386 0 12.4597
    endloop
  endfacet
  facet normal 0 -1 0
    outer loop
      vertex 6.52875 0 11.8249
      vertex 7.47603 0 11.6575
      vertex 7.51134 0 11.8961
    endloop
  endfacet
  facet normal 0 -1 0
    outer loop
      vertex 6.58569 0 11.6071
      vertex 7.47603 0 11.6575
      vertex 6.52875 0 11.8249
    endloop
  endfacet
  facet normal 0 -1 0
    outer loop
      vertex 6.58569 0 11.6071
      vertex 7.37012 0 11.4736
      vertex 7.47603 0 11.6575
    endloop
  endfacet
  facet normal 0 -1 0
    outer loop
      vertex 6.69485 0 11.4475
      vertex 7.37012 0 11.4736
      vertex 6.58569 0 11.6071
    endloop
  endfacet
  facet normal 0 -1 0
    outer loop
      vertex 7.02243 0 11.317
      vertex 7.37012 0 11.4736
      vertex 6.69485 0 11.4475
    endloop
  endfacet
  facet normal 0 -1 0
    outer loop
      vertex 7.02243 0 11.317
      vertex 6.69485 0 11.4475
      vertex 6.84441 0 11.3496
    endloop
  endfacet
  facet normal 0 -1 0
    outer loop
      vertex 7.37012 0 11.4736
      vertex 7.02243 0 11.317
      vertex 7.21259 0 11.3561
    endloop
  endfacet
  facet normal 0 -1 0
    outer loop
      vertex 21.2087 0 11.8249
      vertex 22.156 0 11.6575
      vertex 22.1913 0 11.8961
    endloop
  endfacet
  facet normal 0 -1 0
    outer loop
      vertex 21.2656 0 11.6071
      vertex 22.156 0 11.6575
      vertex 21.2087 0 11.8249
    endloop
  endfacet
  facet normal 0 -1 0
    outer loop
      vertex 21.2656 0 11.6071
      vertex 22.05 0 11.4736
      vertex 22.156 0 11.6575
    endloop
  endfacet
  facet normal 0 -1 0
    outer loop
      vertex 21.3748 0 11.4475
      vertex 22.05 0 11.4736
      vertex 21.2656 0 11.6071
    endloop
  endfacet
  facet normal 0 -1 0
    outer loop
      vertex 21.7023 0 11.317
      vertex 22.05 0 11.4736
      vertex 21.3748 0 11.4475
    endloop
  endfacet
  facet normal 0 -1 0
    outer loop
      vertex 21.7023 0 11.317
      vertex 21.3748 0 11.4475
      vertex 21.5243 0 11.3496
    endloop
  endfacet
  facet normal 0 -1 0
    outer loop
      vertex 22.05 0 11.4736
      vertex 21.7023 0 11.317
      vertex 21.8925 0 11.3561
    endloop
  endfacet
  facet normal 0 -1 0
    outer loop
      vertex 39.5287 0 11.8249
      vertex 40.476 0 11.6575
      vertex 40.5113 0 11.8961
    endloop
  endfacet
  facet normal 0 -1 0
    outer loop
      vertex 39.5857 0 11.6071
      vertex 40.476 0 11.6575
      vertex 39.5287 0 11.8249
    endloop
  endfacet
  facet normal 0 -1 0
    outer loop
      vertex 39.5857 0 11.6071
      vertex 40.3701 0 11.4736
      vertex 40.476 0 11.6575
    endloop
  endfacet
  facet normal 0 -1 0
    outer loop
      vertex 39.6949 0 11.4475
      vertex 40.3701 0 11.4736
      vertex 39.5857 0 11.6071
    endloop
  endfacet
  facet normal 0 -1 0
    outer loop
      vertex 40.0224 0 11.317
      vertex 40.3701 0 11.4736
      vertex 39.6949 0 11.4475
    endloop
  endfacet
  facet normal 0 -1 0
    outer loop
      vertex 40.0224 0 11.317
      vertex 39.6949 0 11.4475
      vertex 39.8444 0 11.3496
    endloop
  endfacet
  facet normal 0 -1 0
    outer loop
      vertex 40.3701 0 11.4736
      vertex 40.0224 0 11.317
      vertex 40.2126 0 11.3561
    endloop
  endfacet
  facet normal 0 -1 0
    outer loop
      vertex 56.2087 0 11.8249
      vertex 57.156 0 11.6575
      vertex 57.1913 0 11.8961
    endloop
  endfacet
  facet normal 0 -1 0
    outer loop
      vertex 56.2656 0 11.6071
      vertex 57.156 0 11.6575
      vertex 56.2087 0 11.8249
    endloop
  endfacet
  facet normal 0 -1 0
    outer loop
      vertex 56.2656 0 11.6071
      vertex 57.05 0 11.4736
      vertex 57.156 0 11.6575
    endloop
  endfacet
  facet normal 0 -1 0
    outer loop
      vertex 56.3748 0 11.4475
      vertex 57.05 0 11.4736
      vertex 56.2656 0 11.6071
    endloop
  endfacet
  facet normal 0 -1 0
    outer loop
      vertex 56.7023 0 11.317
      vertex 57.05 0 11.4736
      vertex 56.3748 0 11.4475
    endloop
  endfacet
  facet normal 0 -1 0
    outer loop
      vertex 56.7023 0 11.317
      vertex 56.3748 0 11.4475
      vertex 56.5243 0 11.3496
    endloop
  endfacet
  facet normal 0 -1 0
    outer loop
      vertex 57.05 0 11.4736
      vertex 56.7023 0 11.317
      vertex 56.8925 0 11.3561
    endloop
  endfacet
  facet normal 0 -1 0
    outer loop
      vertex 27.8601 0 11.7869
      vertex 28.8136 0 11.6804
      vertex 28.8498 0 11.9792
    endloop
  endfacet
  facet normal 0 -1 0
    outer loop
      vertex 27.9164 0 11.5849
      vertex 28.8136 0 11.6804
      vertex 27.8601 0 11.7869
    endloop
  endfacet
  facet normal 0 -1 0
    outer loop
      vertex 27.9164 0 11.5849
      vertex 28.705 0 11.4677
      vertex 28.8136 0 11.6804
    endloop
  endfacet
  facet normal 0 -1 0
    outer loop
      vertex 28.0286 0 11.4297
      vertex 28.705 0 11.4677
      vertex 27.9164 0 11.5849
    endloop
  endfacet
  facet normal 0 -1 0
    outer loop
      vertex 28.0286 0 11.4297
      vertex 28.5442 0 11.3404
      vertex 28.705 0 11.4677
    endloop
  endfacet
  facet normal 0 -1 0
    outer loop
      vertex 28.1793 0 11.3309
      vertex 28.5442 0 11.3404
      vertex 28.0286 0 11.4297
    endloop
  endfacet
  facet normal 0 -1 0
    outer loop
      vertex 28.5442 0 11.3404
      vertex 28.1793 0 11.3309
      vertex 28.3514 0 11.298
    endloop
  endfacet
  facet normal 0 -1 0
    outer loop
      vertex 101.86 0 11.7869
      vertex 102.814 0 11.6804
      vertex 102.85 0 11.9792
    endloop
  endfacet
  facet normal 0 -1 0
    outer loop
      vertex 101.916 0 11.5849
      vertex 102.814 0 11.6804
      vertex 101.86 0 11.7869
    endloop
  endfacet
  facet normal 0 -1 0
    outer loop
      vertex 101.916 0 11.5849
      vertex 102.705 0 11.4677
      vertex 102.814 0 11.6804
    endloop
  endfacet
  facet normal 0 -1 0
    outer loop
      vertex 102.029 0 11.4297
      vertex 102.705 0 11.4677
      vertex 101.916 0 11.5849
    endloop
  endfacet
  facet normal 0 -1 0
    outer loop
      vertex 102.029 0 11.4297
      vertex 102.544 0 11.3404
      vertex 102.705 0 11.4677
    endloop
  endfacet
  facet normal 0 -1 0
    outer loop
      vertex 102.179 0 11.3309
      vertex 102.544 0 11.3404
      vertex 102.029 0 11.4297
    endloop
  endfacet
  facet normal 0 -1 0
    outer loop
      vertex 102.544 0 11.3404
      vertex 102.179 0 11.3309
      vertex 102.351 0 11.298
    endloop
  endfacet
  facet normal 0 -1 0
    outer loop
      vertex 121.54 0 11.7869
      vertex 122.494 0 11.6804
      vertex 122.53 0 11.9792
    endloop
  endfacet
  facet normal 0 -1 0
    outer loop
      vertex 121.596 0 11.5849
      vertex 122.494 0 11.6804
      vertex 121.54 0 11.7869
    endloop
  endfacet
  facet normal 0 -1 0
    outer loop
      vertex 121.596 0 11.5849
      vertex 122.385 0 11.4677
      vertex 122.494 0 11.6804
    endloop
  endfacet
  facet normal 0 -1 0
    outer loop
      vertex 121.709 0 11.4297
      vertex 122.385 0 11.4677
      vertex 121.596 0 11.5849
    endloop
  endfacet
  facet normal 0 -1 0
    outer loop
      vertex 121.709 0 11.4297
      vertex 122.224 0 11.3404
      vertex 122.385 0 11.4677
    endloop
  endfacet
  facet normal 0 -1 0
    outer loop
      vertex 121.859 0 11.3309
      vertex 122.224 0 11.3404
      vertex 121.709 0 11.4297
    endloop
  endfacet
  facet normal 0 -1 0
    outer loop
      vertex 122.224 0 11.3404
      vertex 121.859 0 11.3309
      vertex 122.031 0 11.298
    endloop
  endfacet
  facet normal 0 -1 -0
    outer loop
      vertex 9.86357 0 12.5464
      vertex 9.35637 0 11.4902
      vertex 9.9413 0 11.6976
    endloop
  endfacet
  facet normal 0 -1 0
    outer loop
      vertex 9.35637 0 11.4902
      vertex 10.1745 0 11.1544
      vertex 9.9413 0 11.6976
    endloop
  endfacet
  facet normal 0 -1 0
    outer loop
      vertex 9.35637 0 10.8233
      vertex 10.1745 0 11.1544
      vertex 9.35637 0 11.4902
    endloop
  endfacet
  facet normal 0 -1 -0
    outer loop
      vertex 10.1745 0 11.1544
      vertex 9.35637 0 10.8233
      vertex 10.5347 0 10.8616
    endloop
  endfacet
  facet normal 0 -1 0
    outer loop
      vertex 9.35637 0 10.8233
      vertex 10.9933 0 10.764
      vertex 10.5347 0 10.8616
    endloop
  endfacet
  facet normal 0 -1 -0
    outer loop
      vertex 8.68942 0 10.8233
      vertex 0 0 0
      vertex 9.35637 0 10.8233
    endloop
  endfacet
  facet normal 0 -1 -0
    outer loop
      vertex 24.5388 0 13.2869
      vertex 24.0363 0 11.4902
      vertex 24.9707 0 11.8549
    endloop
  endfacet
  facet normal 0 -1 0
    outer loop
      vertex 24.0363 0 11.4902
      vertex 24.6883 0 11.489
      vertex 24.9707 0 11.8549
    endloop
  endfacet
  facet normal 0 -1 0
    outer loop
      vertex 24.0363 0 11.4902
      vertex 24.5364 0 11.1654
      vertex 24.6883 0 11.489
    endloop
  endfacet
  facet normal 0 -1 0
    outer loop
      vertex 24.0363 0 10.8233
      vertex 24.5364 0 11.1654
      vertex 24.0363 0 11.4902
    endloop
  endfacet
  facet normal 0 -1 0
    outer loop
      vertex 24.5364 0 11.1654
      vertex 24.0363 0 10.8233
      vertex 24.4604 0 10.8233
    endloop
  endfacet
  facet normal 0 -1 0
    outer loop
      vertex 41.1501 0 12.1601
      vertex 42.3564 0 11.4902
      vertex 42.8754 0 11.7181
    endloop
  endfacet
  facet normal 0 -1 0
    outer loop
      vertex 42.3564 0 11.4902
      vertex 42.9959 0 11.3259
      vertex 42.8754 0 11.7181
    endloop
  endfacet
  facet normal 0 -1 0
    outer loop
      vertex 42.3564 0 10.8233
      vertex 42.9959 0 11.3259
      vertex 42.3564 0 11.4902
    endloop
  endfacet
  facet normal 0 -1 -0
    outer loop
      vertex 42.9959 0 11.3259
      vertex 42.3564 0 10.8233
      vertex 43.2386 0 11.0226
    endloop
  endfacet
  facet normal 0 -1 -0
    outer loop
      vertex 43.2386 0 11.0226
      vertex 42.3564 0 10.8233
      vertex 43.5869 0 10.8286
    endloop
  endfacet
  facet normal 0 -1 0
    outer loop
      vertex 44.0242 0 10.764
      vertex 42.3564 0 10.8233
      vertex 40.0271 0 10.764
    endloop
  endfacet
  facet normal 0 -1 0
    outer loop
      vertex 42.3564 0 10.8233
      vertex 44.0242 0 10.764
      vertex 43.5869 0 10.8286
    endloop
  endfacet
  facet normal 0 -1 0
    outer loop
      vertex 60.3113 0 12.2948
      vertex 59.0363 0 11.4902
      vertex 60.0962 0 11.5519
    endloop
  endfacet
  facet normal 0 -1 0
    outer loop
      vertex 60.0134 0 10.8233
      vertex 59.0363 0 11.4902
      vertex 59.0363 0 10.8233
    endloop
  endfacet
  facet normal 0 -1 0
    outer loop
      vertex 59.0363 0 11.4902
      vertex 60.0134 0 10.8233
      vertex 60.0962 0 11.5519
    endloop
  endfacet
  facet normal 0 -1 0
    outer loop
      vertex 121.803 0 13.631
      vertex 122.155 0 13.1516
      vertex 123.061 0 13.631
    endloop
  endfacet
  facet normal 0 -1 0
    outer loop
      vertex 121.803 0 13.631
      vertex 121.924 0 13.1237
      vertex 122.155 0 13.1516
    endloop
  endfacet
  facet normal -0 -1 0
    outer loop
      vertex 121.924 0 13.1237
      vertex 121.803 0 13.631
      vertex 121.699 0 13.0401
    endloop
  endfacet
  facet normal 0 -1 0
    outer loop
      vertex 102.124 0 13.631
      vertex 102.475 0 13.1516
      vertex 103.381 0 13.631
    endloop
  endfacet
  facet normal 0 -1 0
    outer loop
      vertex 102.124 0 13.631
      vertex 102.245 0 13.1237
      vertex 102.475 0 13.1516
    endloop
  endfacet
  facet normal -0 -1 0
    outer loop
      vertex 102.245 0 13.1237
      vertex 102.124 0 13.631
      vertex 102.019 0 13.0401
    endloop
  endfacet
  facet normal 0 -1 0
    outer loop
      vertex 63.1235 0 13.631
      vertex 63.4748 0 13.1516
      vertex 64.3814 0 13.631
    endloop
  endfacet
  facet normal 0 -1 0
    outer loop
      vertex 63.1235 0 13.631
      vertex 63.2446 0 13.1237
      vertex 63.4748 0 13.1516
    endloop
  endfacet
  facet normal -0 -1 0
    outer loop
      vertex 63.2446 0 13.1237
      vertex 63.1235 0 13.631
      vertex 63.0191 0 13.0401
    endloop
  endfacet
  facet normal 0 -1 0
    outer loop
      vertex 44.1547 0 13.1516
      vertex 45.0614 0 13.631
      vertex 43.8035 0 13.631
    endloop
  endfacet
  facet normal 0 -1 0
    outer loop
      vertex 44.9071 0 12.8288
      vertex 45.0614 0 13.631
      vertex 44.5647 0 13.0709
    endloop
  endfacet
  facet normal 0 -1 0
    outer loop
      vertex 45.1385 0 12.458
      vertex 45.0614 0 13.631
      vertex 44.9071 0 12.8288
    endloop
  endfacet
  facet normal 0 -1 0
    outer loop
      vertex 45.0614 0 13.631
      vertex 44.1547 0 13.1516
      vertex 44.5647 0 13.0709
    endloop
  endfacet
  facet normal 0 -1 0
    outer loop
      vertex 43.8035 0 13.631
      vertex 43.9245 0 13.1237
      vertex 44.1547 0 13.1516
    endloop
  endfacet
  facet normal -0 -1 0
    outer loop
      vertex 43.9245 0 13.1237
      vertex 43.8035 0 13.631
      vertex 43.699 0 13.0401
    endloop
  endfacet
  facet normal 0 -1 0
    outer loop
      vertex 28.4748 0 13.1516
      vertex 29.3814 0 13.631
      vertex 28.1235 0 13.631
    endloop
  endfacet
  facet normal 0 -1 0
    outer loop
      vertex 29.2272 0 12.8288
      vertex 29.3814 0 13.631
      vertex 28.8848 0 13.0709
    endloop
  endfacet
  facet normal 0 -1 0
    outer loop
      vertex 29.4586 0 12.458
      vertex 29.3814 0 13.631
      vertex 29.2272 0 12.8288
    endloop
  endfacet
  facet normal 0 -1 0
    outer loop
      vertex 29.3814 0 13.631
      vertex 28.4748 0 13.1516
      vertex 28.8848 0 13.0709
    endloop
  endfacet
  facet normal 0 -1 0
    outer loop
      vertex 28.1235 0 13.631
      vertex 28.2446 0 13.1237
      vertex 28.4748 0 13.1516
    endloop
  endfacet
  facet normal -0 -1 0
    outer loop
      vertex 28.2446 0 13.1237
      vertex 28.1235 0 13.631
      vertex 28.0191 0 13.0401
    endloop
  endfacet
  facet normal 0 -1 0
    outer loop
      vertex 118.86 0 14.317
      vertex 120.956 0 12.4444
      vertex 121.298 0 14.2553
    endloop
  endfacet
  facet normal 0 -1 0
    outer loop
      vertex 119.292 0 12.1097
      vertex 118.86 0 14.317
      vertex 118.86 0 12.1097
    endloop
  endfacet
  facet normal 0 -1 0
    outer loop
      vertex 118.86 0 14.317
      vertex 119.292 0 12.1097
      vertex 120.956 0 12.4444
    endloop
  endfacet
  facet normal 0 -1 0
    outer loop
      vertex 120.356 0 11.4902
      vertex 120.956 0 12.4444
      vertex 119.292 0 12.1097
    endloop
  endfacet
  facet normal 0 -1 -0
    outer loop
      vertex 120.956 0 12.4444
      vertex 120.875 0 11.7181
      vertex 121.497 0 12.366
    endloop
  endfacet
  facet normal -0 -1 0
    outer loop
      vertex 121.54 0 11.7869
      vertex 121.497 0 12.366
      vertex 120.875 0 11.7181
    endloop
  endfacet
  facet normal 0 -1 -0
    outer loop
      vertex 122.494 0 12.2595
      vertex 121.54 0 11.7869
      vertex 122.53 0 11.9792
    endloop
  endfacet
  facet normal 0 -1 -0
    outer loop
      vertex 121.74 0 12.5565
      vertex 121.54 0 11.7869
      vertex 122.494 0 12.2595
    endloop
  endfacet
  facet normal 0 -1 0
    outer loop
      vertex 119.689 0 11.4902
      vertex 119.292 0 12.1097
      vertex 119.292 0 11.5235
    endloop
  endfacet
  facet normal 0 -1 0
    outer loop
      vertex 120.356 0 11.4902
      vertex 119.292 0 12.1097
      vertex 119.689 0 11.4902
    endloop
  endfacet
  facet normal 0 -1 0
    outer loop
      vertex 120.956 0 12.4444
      vertex 120.356 0 11.4902
      vertex 120.875 0 11.7181
    endloop
  endfacet
  facet normal 0 -1 0
    outer loop
      vertex 120.356 0 11.4902
      vertex 120.996 0 11.3259
      vertex 120.875 0 11.7181
    endloop
  endfacet
  facet normal 0 -1 0
    outer loop
      vertex 120.356 0 10.8233
      vertex 120.996 0 11.3259
      vertex 120.356 0 11.4902
    endloop
  endfacet
  facet normal 0 -1 -0
    outer loop
      vertex 120.996 0 11.3259
      vertex 120.356 0 10.8233
      vertex 121.239 0 11.0226
    endloop
  endfacet
  facet normal 0 -1 -0
    outer loop
      vertex 121.239 0 11.0226
      vertex 120.356 0 10.8233
      vertex 121.587 0 10.8286
    endloop
  endfacet
  facet normal 0 -1 0
    outer loop
      vertex 120.356 0 10.8233
      vertex 122.024 0 10.764
      vertex 121.587 0 10.8286
    endloop
  endfacet
  facet normal 0 -1 0
    outer loop
      vertex 119.689 0 10.8233
      vertex 132 0 0
      vertex 120.356 0 10.8233
    endloop
  endfacet
  facet normal 0 -1 0
    outer loop
      vertex 61.8268 0 13.7711
      vertex 62.618 0 14.2553
      vertex 61.8268 0 14.2553
    endloop
  endfacet
  facet normal 0 -1 0
    outer loop
      vertex 62.2762 0 12.4444
      vertex 61.8268 0 13.7711
      vertex 61.5419 0 13.4329
    endloop
  endfacet
  facet normal 0 -1 0
    outer loop
      vertex 62.2762 0 12.4444
      vertex 61.5419 0 13.4329
      vertex 61.2524 0 12.9736
    endloop
  endfacet
  facet normal 0 -1 0
    outer loop
      vertex 61.8268 0 13.7711
      vertex 62.2762 0 12.4444
      vertex 62.618 0 14.2553
    endloop
  endfacet
  facet normal 0 -1 0
    outer loop
      vertex 60.9952 0 12.4375
      vertex 62.2762 0 12.4444
      vertex 61.2524 0 12.9736
    endloop
  endfacet
  facet normal 0 -1 0
    outer loop
      vertex 62.1955 0 11.7181
      vertex 60.9952 0 12.4375
      vertex 60.8074 0 11.8688
    endloop
  endfacet
  facet normal 0 -1 0
    outer loop
      vertex 62.2762 0 12.4444
      vertex 62.8601 0 11.7869
      vertex 62.8174 0 12.366
    endloop
  endfacet
  facet normal 0 -1 0
    outer loop
      vertex 62.8174 0 12.366
      vertex 62.8601 0 11.7869
      vertex 63.8139 0 12.2595
    endloop
  endfacet
  facet normal 0 -1 0
    outer loop
      vertex 60.9952 0 12.4375
      vertex 62.1955 0 11.7181
      vertex 62.2762 0 12.4444
    endloop
  endfacet
  facet normal 0 -1 -0
    outer loop
      vertex 63.8139 0 12.2595
      vertex 62.8601 0 11.7869
      vertex 63.8498 0 11.9792
    endloop
  endfacet
  facet normal 0 -1 0
    outer loop
      vertex 62.8601 0 11.7869
      vertex 63.8136 0 11.6804
      vertex 63.8498 0 11.9792
    endloop
  endfacet
  facet normal 0 -1 0
    outer loop
      vertex 62.9164 0 11.5849
      vertex 63.8136 0 11.6804
      vertex 62.8601 0 11.7869
    endloop
  endfacet
  facet normal 0 -1 0
    outer loop
      vertex 62.9164 0 11.5849
      vertex 63.705 0 11.4677
      vertex 63.8136 0 11.6804
    endloop
  endfacet
  facet normal 0 -1 0
    outer loop
      vertex 63.0286 0 11.4297
      vertex 63.705 0 11.4677
      vertex 62.9164 0 11.5849
    endloop
  endfacet
  facet normal 0 -1 0
    outer loop
      vertex 63.0286 0 11.4297
      vertex 63.5442 0 11.3404
      vertex 63.705 0 11.4677
    endloop
  endfacet
  facet normal 0 -1 0
    outer loop
      vertex 63.1793 0 11.3309
      vertex 63.5442 0 11.3404
      vertex 63.0286 0 11.4297
    endloop
  endfacet
  facet normal 0 -1 0
    outer loop
      vertex 63.5442 0 11.3404
      vertex 63.1793 0 11.3309
      vertex 63.3514 0 11.298
    endloop
  endfacet
  facet normal 0 -1 0
    outer loop
      vertex 103.381 0 14.2553
      vertex 132 0 22.5
      vertex 101.618 0 14.2553
    endloop
  endfacet
  facet normal 0 -1 0
    outer loop
      vertex 100.154 0 14.2476
      vertex 101.618 0 14.2553
      vertex 99.6946 0 14.317
    endloop
  endfacet
  facet normal 0 -1 0
    outer loop
      vertex 100.504 0 14.0393
      vertex 101.618 0 14.2553
      vertex 100.154 0 14.2476
    endloop
  endfacet
  facet normal 0 -1 0
    outer loop
      vertex 100.725 0 13.7278
      vertex 101.618 0 14.2553
      vertex 100.504 0 14.0393
    endloop
  endfacet
  facet normal 0 -1 0
    outer loop
      vertex 100.798 0 13.3486
      vertex 101.618 0 14.2553
      vertex 100.725 0 13.7278
    endloop
  endfacet
  facet normal 0 -1 0
    outer loop
      vertex 101.276 0 12.4444
      vertex 100.798 0 13.3486
      vertex 100.777 0 13.1193
    endloop
  endfacet
  facet normal 0 -1 0
    outer loop
      vertex 101.276 0 12.4444
      vertex 100.777 0 13.1193
      vertex 100.714 0 12.9012
    endloop
  endfacet
  facet normal 0 -1 0
    outer loop
      vertex 101.276 0 12.4444
      vertex 100.714 0 12.9012
      vertex 100.605 0 12.6838
    endloop
  endfacet
  facet normal 0 -1 0
    outer loop
      vertex 100.798 0 13.3486
      vertex 101.276 0 12.4444
      vertex 101.618 0 14.2553
    endloop
  endfacet
  facet normal 0 -1 0
    outer loop
      vertex 100.447 0 12.4562
      vertex 101.276 0 12.4444
      vertex 100.605 0 12.6838
    endloop
  endfacet
  facet normal 0 -1 0
    outer loop
      vertex 101.196 0 11.7181
      vertex 101.276 0 12.4444
      vertex 100.447 0 12.4562
    endloop
  endfacet
  facet normal 0 -1 0
    outer loop
      vertex 101.196 0 11.7181
      vertex 100.447 0 12.4562
      vertex 100.277 0 12.2681
    endloop
  endfacet
  facet normal 0 -1 0
    outer loop
      vertex 96.5401 0 14.317
      vertex 99.2638 0 14.257
      vertex 99.6946 0 14.317
    endloop
  endfacet
  facet normal 0 -1 0
    outer loop
      vertex 96.5401 0 14.317
      vertex 98.9114 0 14.0773
      vertex 99.2638 0 14.257
    endloop
  endfacet
  facet normal 0 -1 0
    outer loop
      vertex 96.5401 0 14.317
      vertex 98.6616 0 13.7598
      vertex 98.9114 0 14.0773
    endloop
  endfacet
  facet normal 0 -1 0
    outer loop
      vertex 96.5401 0 14.317
      vertex 98.5388 0 13.2869
      vertex 98.6616 0 13.7598
    endloop
  endfacet
  facet normal 0 -1 0
    outer loop
      vertex 99.4383 0 12.3233
      vertex 99.2033 0 13.2205
      vertex 98.5388 0 13.2869
    endloop
  endfacet
  facet normal 0 -1 0
    outer loop
      vertex 99.2033 0 13.2205
      vertex 99.9913 0 12.8929
      vertex 100.095 0 13.0982
    endloop
  endfacet
  facet normal 0 -1 0
    outer loop
      vertex 99.2033 0 13.2205
      vertex 99.802 0 12.6758
      vertex 99.9913 0 12.8929
    endloop
  endfacet
  facet normal 0 -1 0
    outer loop
      vertex 99.2033 0 13.2205
      vertex 99.4383 0 12.3233
      vertex 99.802 0 12.6758
    endloop
  endfacet
  facet normal 0 -1 0
    outer loop
      vertex 96.9721 0 12.1097
      vertex 98.5388 0 13.2869
      vertex 96.5401 0 14.317
    endloop
  endfacet
  facet normal 0 -1 0
    outer loop
      vertex 96.9721 0 12.1097
      vertex 96.5401 0 14.317
      vertex 96.5401 0 12.1097
    endloop
  endfacet
  facet normal 0 -1 0
    outer loop
      vertex 98.0363 0 11.4902
      vertex 98.5388 0 13.2869
      vertex 96.9721 0 12.1097
    endloop
  endfacet
  facet normal 0 -1 0
    outer loop
      vertex 98.5388 0 13.2869
      vertex 98.9707 0 11.8549
      vertex 99.4383 0 12.3233
    endloop
  endfacet
  facet normal 0 -1 0
    outer loop
      vertex 97.3694 0 11.4902
      vertex 96.9721 0 12.1097
      vertex 96.9721 0 11.5235
    endloop
  endfacet
  facet normal 0 -1 0
    outer loop
      vertex 98.0363 0 11.4902
      vertex 96.9721 0 12.1097
      vertex 97.3694 0 11.4902
    endloop
  endfacet
  facet normal 0 -1 -0
    outer loop
      vertex 98.5388 0 13.2869
      vertex 98.0363 0 11.4902
      vertex 98.9707 0 11.8549
    endloop
  endfacet
  facet normal 0 -1 0
    outer loop
      vertex 98.0363 0 11.4902
      vertex 98.6883 0 11.489
      vertex 98.9707 0 11.8549
    endloop
  endfacet
  facet normal 0 -1 0
    outer loop
      vertex 98.0363 0 11.4902
      vertex 98.5364 0 11.1654
      vertex 98.6883 0 11.489
    endloop
  endfacet
  facet normal 0 -1 0
    outer loop
      vertex 98.0363 0 10.8233
      vertex 98.5364 0 11.1654
      vertex 98.0363 0 11.4902
    endloop
  endfacet
  facet normal 0 -1 0
    outer loop
      vertex 98.5364 0 11.1654
      vertex 98.0363 0 10.8233
      vertex 98.4604 0 10.8233
    endloop
  endfacet
  facet normal 0 -1 0
    outer loop
      vertex 81.4437 0 14.2268
      vertex 95.98 0 14.317
      vertex 80.9933 0 14.317
    endloop
  endfacet
  facet normal 0 -1 0
    outer loop
      vertex 81.7837 0 13.9562
      vertex 95.98 0 14.317
      vertex 81.4437 0 14.2268
    endloop
  endfacet
  facet normal 0 -1 0
    outer loop
      vertex 94.4705 0 12.1073
      vertex 81.7837 0 13.9562
      vertex 82.0382 0 13.3884
    endloop
  endfacet
  facet normal 0 -1 0
    outer loop
      vertex 94.4705 0 12.1073
      vertex 82.0382 0 13.3884
      vertex 82.1231 0 12.5393
    endloop
  endfacet
  facet normal 0 -1 0
    outer loop
      vertex 81.7837 0 13.9562
      vertex 94.4705 0 12.1073
      vertex 95.98 0 14.317
    endloop
  endfacet
  facet normal 0 -1 0
    outer loop
      vertex 94.4705 0 11.5235
      vertex 82.1231 0 12.5393
      vertex 82.0376 0 11.6908
    endloop
  endfacet
  facet normal 0 -1 0
    outer loop
      vertex 82.1231 0 12.5393
      vertex 94.4705 0 11.5235
      vertex 94.4705 0 12.1073
    endloop
  endfacet
  facet normal 0 -1 0
    outer loop
      vertex 81.7813 0 11.12
      vertex 94.4705 0 11.5235
      vertex 82.0376 0 11.6908
    endloop
  endfacet
  facet normal 0 -1 0
    outer loop
      vertex 81.4431 0 10.853
      vertex 94.4705 0 11.5235
      vertex 81.7813 0 11.12
    endloop
  endfacet
  facet normal 0 -1 -0
    outer loop
      vertex 94.4705 0 11.5235
      vertex 81.4431 0 10.853
      vertex 95.8946 0 10.8233
    endloop
  endfacet
  facet normal 0 -1 0
    outer loop
      vertex 94.4705 0 11.5235
      vertex 95.8946 0 10.8233
      vertex 95.8946 0 11.5235
    endloop
  endfacet
  facet normal 0 -1 0
    outer loop
      vertex 132 0 0
      vertex 96.5401 0 10.8233
      vertex 95.8946 0 10.8233
    endloop
  endfacet
  facet normal 0 -1 0
    outer loop
      vertex 96.5401 0 10.8233
      vertex 132 0 0
      vertex 97.3694 0 10.8233
    endloop
  endfacet
  facet normal 0 -1 0
    outer loop
      vertex 97.3694 0 10.8233
      vertex 132 0 0
      vertex 98.0363 0 10.8233
    endloop
  endfacet
  facet normal 0 -1 0
    outer loop
      vertex 98.0363 0 10.8233
      vertex 132 0 0
      vertex 98.4604 0 10.8233
    endloop
  endfacet
  facet normal 0 -1 0
    outer loop
      vertex 132 0 0
      vertex 95.8946 0 10.8233
      vertex 80.9933 0 10.764
    endloop
  endfacet
  facet normal 0 -1 0
    outer loop
      vertex 80.9933 0 10.764
      vertex 95.8946 0 10.8233
      vertex 81.4431 0 10.853
    endloop
  endfacet
  facet normal 0 -1 0
    outer loop
      vertex 77.8602 0 14.317
      vertex 80.5436 0 14.228
      vertex 80.9933 0 14.317
    endloop
  endfacet
  facet normal 0 -1 0
    outer loop
      vertex 77.8602 0 14.317
      vertex 80.2054 0 13.961
      vertex 80.5436 0 14.228
    endloop
  endfacet
  facet normal 0 -1 0
    outer loop
      vertex 77.8602 0 14.317
      vertex 79.949 0 13.3913
      vertex 80.2054 0 13.961
    endloop
  endfacet
  facet normal 0 -1 0
    outer loop
      vertex 78.2922 0 12.1097
      vertex 79.949 0 13.3913
      vertex 77.8602 0 14.317
    endloop
  endfacet
  facet normal 0 -1 0
    outer loop
      vertex 78.2922 0 12.1097
      vertex 77.8602 0 14.317
      vertex 77.8602 0 12.1097
    endloop
  endfacet
  facet normal 0 -1 0
    outer loop
      vertex 79.949 0 13.3913
      vertex 78.2922 0 12.1097
      vertex 79.8636 0 12.5464
    endloop
  endfacet
  facet normal 0 -1 0
    outer loop
      vertex 79.3564 0 11.4902
      vertex 79.8636 0 12.5464
      vertex 78.2922 0 12.1097
    endloop
  endfacet
  facet normal 0 -1 0
    outer loop
      vertex 78.6894 0 11.4902
      vertex 78.2922 0 12.1097
      vertex 78.2922 0 11.5235
    endloop
  endfacet
  facet normal 0 -1 0
    outer loop
      vertex 79.3564 0 11.4902
      vertex 78.2922 0 12.1097
      vertex 78.6894 0 11.4902
    endloop
  endfacet
  facet normal 0 -1 -0
    outer loop
      vertex 79.8636 0 12.5464
      vertex 79.3564 0 11.4902
      vertex 79.9413 0 11.6976
    endloop
  endfacet
  facet normal 0 -1 0
    outer loop
      vertex 79.3564 0 11.4902
      vertex 80.1745 0 11.1544
      vertex 79.9413 0 11.6976
    endloop
  endfacet
  facet normal 0 -1 0
    outer loop
      vertex 79.3564 0 10.8233
      vertex 80.1745 0 11.1544
      vertex 79.3564 0 11.4902
    endloop
  endfacet
  facet normal 0 -1 -0
    outer loop
      vertex 80.1745 0 11.1544
      vertex 79.3564 0 10.8233
      vertex 80.5347 0 10.8616
    endloop
  endfacet
  facet normal 0 -1 0
    outer loop
      vertex 79.3564 0 10.8233
      vertex 80.9933 0 10.764
      vertex 80.5347 0 10.8616
    endloop
  endfacet
  facet normal -0 -1 -0
    outer loop
      vertex 80.9933 0 10.764
      vertex 77.2146 0 10.8233
      vertex 132 0 0
    endloop
  endfacet
  facet normal 0 -1 0
    outer loop
      vertex 62.618 0 14.2553
      vertex 0 0 22.5
      vertex 61.8268 0 14.2553
    endloop
  endfacet
  facet normal 0 -1 0
    outer loop
      vertex 57.1284 0 14.2386
      vertex 59.5459 0 14.2553
      vertex 56.6857 0 14.317
    endloop
  endfacet
  facet normal 0 -1 0
    outer loop
      vertex 57.4737 0 14.0037
      vertex 59.5459 0 14.2553
      vertex 57.1284 0 14.2386
    endloop
  endfacet
  facet normal 0 -1 0
    outer loop
      vertex 57.657 0 13.7307
      vertex 59.5459 0 14.2553
      vertex 57.4737 0 14.0037
    endloop
  endfacet
  facet normal 0 -1 0
    outer loop
      vertex 57.657 0 13.7307
      vertex 59.5459 0 13.6358
      vertex 59.5459 0 14.2553
    endloop
  endfacet
  facet normal 0 -1 0
    outer loop
      vertex 57.7182 0 13.4246
      vertex 59.5459 0 13.6358
      vertex 57.657 0 13.7307
    endloop
  endfacet
  facet normal 0 -1 0
    outer loop
      vertex 57.6956 0 12.4064
      vertex 59.5459 0 13.6358
      vertex 57.7182 0 13.4246
    endloop
  endfacet
  facet normal 0 -1 0
    outer loop
      vertex 57.6956 0 12.4064
      vertex 57.7182 0 13.4246
      vertex 57.593 0 13.0128
    endloop
  endfacet
  facet normal 0 -1 0
    outer loop
      vertex 59.5459 0 13.6358
      vertex 60.6397 0 13.0051
      vertex 61.0625 0 13.6358
    endloop
  endfacet
  facet normal 0 -1 0
    outer loop
      vertex 57.4865 0 12.5897
      vertex 57.593 0 13.0128
      vertex 57.2174 0 12.6935
    endloop
  endfacet
  facet normal 0 -1 0
    outer loop
      vertex 57.6956 0 12.4064
      vertex 57.593 0 13.0128
      vertex 57.4865 0 12.5897
    endloop
  endfacet
  facet normal 0 -1 0
    outer loop
      vertex 59.5459 0 13.6358
      vertex 57.6956 0 12.4064
      vertex 57.83 0 12.1601
    endloop
  endfacet
  facet normal 0 -1 0
    outer loop
      vertex 59.5459 0 13.6358
      vertex 60.3113 0 12.2948
      vertex 60.6397 0 13.0051
    endloop
  endfacet
  facet normal 0 -1 0
    outer loop
      vertex 59.0363 0 11.4902
      vertex 57.83 0 12.1601
      vertex 58.3694 0 11.4902
    endloop
  endfacet
  facet normal 0 -1 0
    outer loop
      vertex 58.3694 0 11.4902
      vertex 57.83 0 12.1601
      vertex 57.8748 0 11.8676
    endloop
  endfacet
  facet normal 0 -1 0
    outer loop
      vertex 57.83 0 12.1601
      vertex 59.0363 0 11.4902
      vertex 59.5459 0 13.6358
    endloop
  endfacet
  facet normal 0 -1 -0
    outer loop
      vertex 59.5459 0 13.6358
      vertex 59.0363 0 11.4902
      vertex 60.3113 0 12.2948
    endloop
  endfacet
  facet normal 0 -1 0
    outer loop
      vertex 57.7912 0 11.4434
      vertex 58.3694 0 11.4902
      vertex 57.8748 0 11.8676
    endloop
  endfacet
  facet normal 0 -1 0
    outer loop
      vertex 58.3694 0 10.8233
      vertex 57.7912 0 11.4434
      vertex 57.5401 0 11.0867
    endloop
  endfacet
  facet normal 0 -1 0
    outer loop
      vertex 58.3694 0 10.8233
      vertex 57.5401 0 11.0867
      vertex 57.1646 0 10.8447
    endloop
  endfacet
  facet normal 0 -1 0
    outer loop
      vertex 57.7912 0 11.4434
      vertex 58.3694 0 10.8233
      vertex 58.3694 0 11.4902
    endloop
  endfacet
  facet normal 0 -1 0
    outer loop
      vertex 56.7071 0 10.764
      vertex 59.0363 0 10.8233
      vertex 58.3694 0 10.8233
    endloop
  endfacet
  facet normal 0 -1 -0
    outer loop
      vertex 59.0363 0 10.8233
      vertex 56.7071 0 10.764
      vertex 60.0134 0 10.8233
    endloop
  endfacet
  facet normal 0 -1 -0
    outer loop
      vertex 60.0134 0 10.8233
      vertex 56.7071 0 10.764
      vertex 60.6566 0 10.8233
    endloop
  endfacet
  facet normal 0 -1 0
    outer loop
      vertex 56.7071 0 10.764
      vertex 58.3694 0 10.8233
      vertex 57.1646 0 10.8447
    endloop
  endfacet
  facet normal 0 -1 0
    outer loop
      vertex 0 0 22.5
      vertex 45.0614 0 14.2553
      vertex 56.6857 0 14.317
    endloop
  endfacet
  facet normal 0 -1 0
    outer loop
      vertex 45.0614 0 14.2553
      vertex 40.0058 0 14.317
      vertex 43.2979 0 14.2553
    endloop
  endfacet
  facet normal 0 -1 0
    outer loop
      vertex 40.4484 0 14.2386
      vertex 43.2979 0 14.2553
      vertex 40.0058 0 14.317
    endloop
  endfacet
  facet normal 0 -1 0
    outer loop
      vertex 40.7938 0 14.0037
      vertex 43.2979 0 14.2553
      vertex 40.4484 0 14.2386
    endloop
  endfacet
  facet normal 0 -1 0
    outer loop
      vertex 40.9771 0 13.7307
      vertex 43.2979 0 14.2553
      vertex 40.7938 0 14.0037
    endloop
  endfacet
  facet normal 0 -1 0
    outer loop
      vertex 41.0382 0 13.4246
      vertex 43.2979 0 14.2553
      vertex 40.9771 0 13.7307
    endloop
  endfacet
  facet normal 0 -1 0
    outer loop
      vertex 42.9561 0 12.4444
      vertex 41.0382 0 13.4246
      vertex 40.913 0 13.0128
    endloop
  endfacet
  facet normal 0 -1 0
    outer loop
      vertex 40.8065 0 12.5897
      vertex 40.913 0 13.0128
      vertex 40.5374 0 12.6935
    endloop
  endfacet
  facet normal 0 -1 0
    outer loop
      vertex 41.0157 0 12.4064
      vertex 40.913 0 13.0128
      vertex 40.8065 0 12.5897
    endloop
  endfacet
  facet normal -0 -1 0
    outer loop
      vertex 42.9561 0 12.4444
      vertex 40.913 0 13.0128
      vertex 41.0157 0 12.4064
    endloop
  endfacet
  facet normal 0 -1 0
    outer loop
      vertex 41.0382 0 13.4246
      vertex 42.9561 0 12.4444
      vertex 43.2979 0 14.2553
    endloop
  endfacet
  facet normal 0 -1 0
    outer loop
      vertex 41.1501 0 12.1601
      vertex 42.9561 0 12.4444
      vertex 41.0157 0 12.4064
    endloop
  endfacet
  facet normal 0 -1 0
    outer loop
      vertex 41.6894 0 11.4902
      vertex 41.1501 0 12.1601
      vertex 41.1949 0 11.8676
    endloop
  endfacet
  facet normal 0 -1 0
    outer loop
      vertex 41.1501 0 12.1601
      vertex 42.8754 0 11.7181
      vertex 42.9561 0 12.4444
    endloop
  endfacet
  facet normal 0 -1 0
    outer loop
      vertex 43.4973 0 12.366
      vertex 43.54 0 11.7869
      vertex 44.4938 0 12.2595
    endloop
  endfacet
  facet normal 0 -1 0
    outer loop
      vertex 42.9561 0 12.4444
      vertex 43.54 0 11.7869
      vertex 43.4973 0 12.366
    endloop
  endfacet
  facet normal 0 -1 -0
    outer loop
      vertex 44.4938 0 12.2595
      vertex 43.54 0 11.7869
      vertex 44.5297 0 11.9792
    endloop
  endfacet
  facet normal 0 -1 0
    outer loop
      vertex 43.54 0 11.7869
      vertex 44.4935 0 11.6804
      vertex 44.5297 0 11.9792
    endloop
  endfacet
  facet normal 0 -1 0
    outer loop
      vertex 43.5964 0 11.5849
      vertex 44.4935 0 11.6804
      vertex 43.54 0 11.7869
    endloop
  endfacet
  facet normal 0 -1 0
    outer loop
      vertex 43.5964 0 11.5849
      vertex 44.3849 0 11.4677
      vertex 44.4935 0 11.6804
    endloop
  endfacet
  facet normal 0 -1 0
    outer loop
      vertex 43.7085 0 11.4297
      vertex 44.3849 0 11.4677
      vertex 43.5964 0 11.5849
    endloop
  endfacet
  facet normal 0 -1 0
    outer loop
      vertex 43.7085 0 11.4297
      vertex 44.2241 0 11.3404
      vertex 44.3849 0 11.4677
    endloop
  endfacet
  facet normal 0 -1 0
    outer loop
      vertex 43.8592 0 11.3309
      vertex 44.2241 0 11.3404
      vertex 43.7085 0 11.4297
    endloop
  endfacet
  facet normal 0 -1 0
    outer loop
      vertex 44.2241 0 11.3404
      vertex 43.8592 0 11.3309
      vertex 44.0313 0 11.298
    endloop
  endfacet
  facet normal 0 -1 0
    outer loop
      vertex 0 0 22.5
      vertex 29.3814 0 14.2553
      vertex 40.0058 0 14.317
    endloop
  endfacet
  facet normal 0 -1 0
    outer loop
      vertex 29.3814 0 14.2553
      vertex 25.6946 0 14.317
      vertex 27.618 0 14.2553
    endloop
  endfacet
  facet normal 0 -1 0
    outer loop
      vertex 26.1545 0 14.2476
      vertex 27.618 0 14.2553
      vertex 25.6946 0 14.317
    endloop
  endfacet
  facet normal 0 -1 0
    outer loop
      vertex 26.504 0 14.0393
      vertex 27.618 0 14.2553
      vertex 26.1545 0 14.2476
    endloop
  endfacet
  facet normal 0 -1 0
    outer loop
      vertex 26.7247 0 13.7278
      vertex 27.618 0 14.2553
      vertex 26.504 0 14.0393
    endloop
  endfacet
  facet normal 0 -1 0
    outer loop
      vertex 26.7983 0 13.3486
      vertex 27.618 0 14.2553
      vertex 26.7247 0 13.7278
    endloop
  endfacet
  facet normal 0 -1 0
    outer loop
      vertex 27.2762 0 12.4444
      vertex 26.7983 0 13.3486
      vertex 26.7772 0 13.1193
    endloop
  endfacet
  facet normal 0 -1 0
    outer loop
      vertex 27.2762 0 12.4444
      vertex 26.7772 0 13.1193
      vertex 26.714 0 12.9012
    endloop
  endfacet
  facet normal 0 -1 0
    outer loop
      vertex 27.2762 0 12.4444
      vertex 26.714 0 12.9012
      vertex 26.6051 0 12.6838
    endloop
  endfacet
  facet normal 0 -1 0
    outer loop
      vertex 26.7983 0 13.3486
      vertex 27.2762 0 12.4444
      vertex 27.618 0 14.2553
    endloop
  endfacet
  facet normal 0 -1 0
    outer loop
      vertex 26.447 0 12.4562
      vertex 27.2762 0 12.4444
      vertex 26.6051 0 12.6838
    endloop
  endfacet
  facet normal 0 -1 0
    outer loop
      vertex 27.1955 0 11.7181
      vertex 27.2762 0 12.4444
      vertex 26.447 0 12.4562
    endloop
  endfacet
  facet normal 0 -1 0
    outer loop
      vertex 27.1955 0 11.7181
      vertex 26.447 0 12.4562
      vertex 26.2773 0 12.2681
    endloop
  endfacet
  facet normal 0 -1 0
    outer loop
      vertex 21.6857 0 14.317
      vertex 25.2638 0 14.257
      vertex 25.6946 0 14.317
    endloop
  endfacet
  facet normal 0 -1 0
    outer loop
      vertex 22.1284 0 14.2386
      vertex 25.2638 0 14.257
      vertex 21.6857 0 14.317
    endloop
  endfacet
  facet normal 0 -1 0
    outer loop
      vertex 22.1284 0 14.2386
      vertex 24.9114 0 14.0773
      vertex 25.2638 0 14.257
    endloop
  endfacet
  facet normal 0 -1 0
    outer loop
      vertex 22.4737 0 14.0037
      vertex 24.9114 0 14.0773
      vertex 22.1284 0 14.2386
    endloop
  endfacet
  facet normal 0 -1 0
    outer loop
      vertex 22.4737 0 14.0037
      vertex 24.6616 0 13.7598
      vertex 24.9114 0 14.0773
    endloop
  endfacet
  facet normal 0 -1 0
    outer loop
      vertex 22.657 0 13.7307
      vertex 24.6616 0 13.7598
      vertex 22.4737 0 14.0037
    endloop
  endfacet
  facet normal 0 -1 0
    outer loop
      vertex 22.7182 0 13.4246
      vertex 24.6616 0 13.7598
      vertex 22.657 0 13.7307
    endloop
  endfacet
  facet normal 0 -1 0
    outer loop
      vertex 22.7182 0 13.4246
      vertex 24.5388 0 13.2869
      vertex 24.6616 0 13.7598
    endloop
  endfacet
  facet normal 0 -1 0
    outer loop
      vertex 22.593 0 13.0128
      vertex 24.5388 0 13.2869
      vertex 22.7182 0 13.4246
    endloop
  endfacet
  facet normal 0 -1 0
    outer loop
      vertex 24.0363 0 11.4902
      vertex 22.83 0 12.1601
      vertex 23.3694 0 11.4902
    endloop
  endfacet
  facet normal 0 -1 0
    outer loop
      vertex 24.5388 0 13.2869
      vertex 22.593 0 13.0128
      vertex 22.6956 0 12.4064
    endloop
  endfacet
  facet normal -0 -1 0
    outer loop
      vertex 25.9913 0 12.8929
      vertex 25.2033 0 13.2205
      vertex 25.802 0 12.6758
    endloop
  endfacet
  facet normal 0 -1 0
    outer loop
      vertex 22.4865 0 12.5897
      vertex 22.593 0 13.0128
      vertex 22.2174 0 12.6935
    endloop
  endfacet
  facet normal 0 -1 0
    outer loop
      vertex 22.6956 0 12.4064
      vertex 22.593 0 13.0128
      vertex 22.4865 0 12.5897
    endloop
  endfacet
  facet normal 0 -1 0
    outer loop
      vertex 25.2033 0 13.2205
      vertex 25.9913 0 12.8929
      vertex 26.0946 0 13.0982
    endloop
  endfacet
  facet normal 0 -1 0
    outer loop
      vertex 24.5388 0 13.2869
      vertex 22.6956 0 12.4064
      vertex 22.83 0 12.1601
    endloop
  endfacet
  facet normal 0 -1 0
    outer loop
      vertex 25.2033 0 13.2205
      vertex 25.4383 0 12.3233
      vertex 25.802 0 12.6758
    endloop
  endfacet
  facet normal -0 -1 0
    outer loop
      vertex 25.4383 0 12.3233
      vertex 24.5388 0 13.2869
      vertex 24.9707 0 11.8549
    endloop
  endfacet
  facet normal 0 -1 0
    outer loop
      vertex 23.3694 0 11.4902
      vertex 22.83 0 12.1601
      vertex 22.8748 0 11.8676
    endloop
  endfacet
  facet normal 0 -1 0
    outer loop
      vertex 24.5388 0 13.2869
      vertex 25.4383 0 12.3233
      vertex 25.2033 0 13.2205
    endloop
  endfacet
  facet normal 0 -1 0
    outer loop
      vertex 22.83 0 12.1601
      vertex 24.0363 0 11.4902
      vertex 24.5388 0 13.2869
    endloop
  endfacet
  facet normal 0 -1 0
    outer loop
      vertex 22.7912 0 11.4434
      vertex 23.3694 0 11.4902
      vertex 22.8748 0 11.8676
    endloop
  endfacet
  facet normal 0 -1 0
    outer loop
      vertex 23.3694 0 10.8233
      vertex 22.7912 0 11.4434
      vertex 22.5401 0 11.0867
    endloop
  endfacet
  facet normal 0 -1 0
    outer loop
      vertex 23.3694 0 10.8233
      vertex 22.5401 0 11.0867
      vertex 22.1646 0 10.8447
    endloop
  endfacet
  facet normal 0 -1 0
    outer loop
      vertex 22.7912 0 11.4434
      vertex 23.3694 0 10.8233
      vertex 23.3694 0 11.4902
    endloop
  endfacet
  facet normal 0 -1 0
    outer loop
      vertex 21.7071 0 10.764
      vertex 24.0363 0 10.8233
      vertex 23.3694 0 10.8233
    endloop
  endfacet
  facet normal 0 -1 0
    outer loop
      vertex 0 0 0
      vertex 24.0363 0 10.8233
      vertex 21.7071 0 10.764
    endloop
  endfacet
  facet normal 0 -1 -0
    outer loop
      vertex 24.0363 0 10.8233
      vertex 0 0 0
      vertex 24.4604 0 10.8233
    endloop
  endfacet
  facet normal 0 -1 0
    outer loop
      vertex 21.7071 0 10.764
      vertex 23.3694 0 10.8233
      vertex 22.1646 0 10.8447
    endloop
  endfacet
  facet normal 0 -1 0
    outer loop
      vertex 0 0 22.5
      vertex 21.4125 0 14.29
      vertex 21.6857 0 14.317
    endloop
  endfacet
  facet normal 0 -1 0
    outer loop
      vertex 0 0 22.5
      vertex 11.4437 0 14.2268
      vertex 21.4125 0 14.29
    endloop
  endfacet
  facet normal 0 -1 0
    outer loop
      vertex 11.4437 0 14.2268
      vertex 21.1671 0 14.209
      vertex 21.4125 0 14.29
    endloop
  endfacet
  facet normal 0 -1 0
    outer loop
      vertex 11.4437 0 14.2268
      vertex 20.9612 0 14.0808
      vertex 21.1671 0 14.209
    endloop
  endfacet
  facet normal 0 -1 0
    outer loop
      vertex 11.7837 0 13.9562
      vertex 20.9612 0 14.0808
      vertex 11.4437 0 14.2268
    endloop
  endfacet
  facet normal 0 -1 0
    outer loop
      vertex 11.7837 0 13.9562
      vertex 20.8064 0 13.9123
      vertex 20.9612 0 14.0808
    endloop
  endfacet
  facet normal 0 -1 0
    outer loop
      vertex 11.7837 0 13.9562
      vertex 20.6933 0 13.6919
      vertex 20.8064 0 13.9123
    endloop
  endfacet
  facet normal 0 -1 0
    outer loop
      vertex 12.0382 0 13.3884
      vertex 20.6933 0 13.6919
      vertex 11.7837 0 13.9562
    endloop
  endfacet
  facet normal 0 -1 0
    outer loop
      vertex 20.6933 0 13.6919
      vertex 12.0382 0 13.3884
      vertex 20.6129 0 13.408
    endloop
  endfacet
  facet normal 0 -1 0
    outer loop
      vertex 12.1231 0 12.5393
      vertex 20.6129 0 13.408
      vertex 12.0382 0 13.3884
    endloop
  endfacet
  facet normal -0 -1 0
    outer loop
      vertex 21.4199 0 12.3921
      vertex 20.6129 0 13.408
      vertex 20.5631 0 11.7466
    endloop
  endfacet
  facet normal -0 -1 0
    outer loop
      vertex 21.732 0 12.9615
      vertex 21.2276 0 13.3035
      vertex 21.4935 0 12.9356
    endloop
  endfacet
  facet normal -0 -1 0
    outer loop
      vertex 21.9064 0 13.0531
      vertex 21.2276 0 13.3035
      vertex 21.732 0 12.9615
    endloop
  endfacet
  facet normal 0 -1 0
    outer loop
      vertex 21.2276 0 13.3035
      vertex 21.9064 0 13.0531
      vertex 22.0132 0 13.1982
    endloop
  endfacet
  facet normal 0 -1 0
    outer loop
      vertex 20.6129 0 13.408
      vertex 12.1231 0 12.5393
      vertex 20.5631 0 11.7466
    endloop
  endfacet
  facet normal 0 -1 0
    outer loop
      vertex 20.6129 0 13.408
      vertex 21.4199 0 12.3921
      vertex 21.2276 0 13.3035
    endloop
  endfacet
  facet normal 0 -1 0
    outer loop
      vertex 21.2276 0 13.3035
      vertex 21.4199 0 12.3921
      vertex 21.4935 0 12.9356
    endloop
  endfacet
  facet normal -0 -1 0
    outer loop
      vertex 21.2087 0 11.8249
      vertex 21.4199 0 12.3921
      vertex 20.5631 0 11.7466
    endloop
  endfacet
  facet normal 0 -1 -0
    outer loop
      vertex 21.4199 0 12.3921
      vertex 21.2087 0 11.8249
      vertex 22.056 0 12.2948
    endloop
  endfacet
  facet normal 0 -1 -0
    outer loop
      vertex 22.1574 0 12.1215
      vertex 21.2087 0 11.8249
      vertex 22.1913 0 11.8961
    endloop
  endfacet
  facet normal 0 -1 -0
    outer loop
      vertex 22.056 0 12.2948
      vertex 21.2087 0 11.8249
      vertex 22.1574 0 12.1215
    endloop
  endfacet
  facet normal 0 -1 0
    outer loop
      vertex 12.0376 0 11.6908
      vertex 20.5631 0 11.7466
      vertex 12.1231 0 12.5393
    endloop
  endfacet
  facet normal 0 -1 0
    outer loop
      vertex 12.0376 0 11.6908
      vertex 20.6782 0 11.3493
      vertex 20.5631 0 11.7466
    endloop
  endfacet
  facet normal 0 -1 0
    outer loop
      vertex 11.7813 0 11.12
      vertex 20.6782 0 11.3493
      vertex 12.0376 0 11.6908
    endloop
  endfacet
  facet normal 0 -1 0
    outer loop
      vertex 11.7813 0 11.12
      vertex 20.9238 0 11.0357
      vertex 20.6782 0 11.3493
    endloop
  endfacet
  facet normal 0 -1 0
    outer loop
      vertex 11.4431 0 10.853
      vertex 20.9238 0 11.0357
      vertex 11.7813 0 11.12
    endloop
  endfacet
  facet normal 0 -1 0
    outer loop
      vertex 11.4431 0 10.853
      vertex 21.2751 0 10.8319
      vertex 20.9238 0 11.0357
    endloop
  endfacet
  facet normal 0 -1 0
    outer loop
      vertex 0 0 0
      vertex 11.4431 0 10.853
      vertex 10.9933 0 10.764
    endloop
  endfacet
  facet normal 0 -1 -0
    outer loop
      vertex 11.4431 0 10.853
      vertex 0 0 0
      vertex 21.2751 0 10.8319
    endloop
  endfacet
  facet normal 0 -1 0
    outer loop
      vertex 0 0 22.5
      vertex 7.44844 0 14.2386
      vertex 10.9933 0 14.317
    endloop
  endfacet
  facet normal 0 -1 0
    outer loop
      vertex 7.44844 0 14.2386
      vertex 10.5436 0 14.228
      vertex 10.9933 0 14.317
    endloop
  endfacet
  facet normal 0 -1 0
    outer loop
      vertex 7.79379 0 14.0037
      vertex 10.5436 0 14.228
      vertex 7.44844 0 14.2386
    endloop
  endfacet
  facet normal 0 -1 0
    outer loop
      vertex 7.79379 0 14.0037
      vertex 10.2054 0 13.961
      vertex 10.5436 0 14.228
    endloop
  endfacet
  facet normal 0 -1 0
    outer loop
      vertex 7.97711 0 13.7307
      vertex 10.2054 0 13.961
      vertex 7.79379 0 14.0037
    endloop
  endfacet
  facet normal 0 -1 0
    outer loop
      vertex 9.94902 0 13.3913
      vertex 7.97711 0 13.7307
      vertex 8.03822 0 13.4246
    endloop
  endfacet
  facet normal 0 -1 0
    outer loop
      vertex 7.97711 0 13.7307
      vertex 9.94902 0 13.3913
      vertex 10.2054 0 13.961
    endloop
  endfacet
  facet normal 0 -1 0
    outer loop
      vertex 9.86357 0 12.5464
      vertex 8.03822 0 13.4246
      vertex 7.91304 0 13.0128
    endloop
  endfacet
  facet normal 0 -1 0
    outer loop
      vertex 7.80653 0 12.5897
      vertex 7.91304 0 13.0128
      vertex 7.53745 0 12.6935
    endloop
  endfacet
  facet normal 0 -1 0
    outer loop
      vertex 8.01569 0 12.4064
      vertex 7.91304 0 13.0128
      vertex 7.80653 0 12.5897
    endloop
  endfacet
  facet normal -0 -1 0
    outer loop
      vertex 9.86357 0 12.5464
      vertex 7.91304 0 13.0128
      vertex 8.01569 0 12.4064
    endloop
  endfacet
  facet normal 0 -1 0
    outer loop
      vertex 8.03822 0 13.4246
      vertex 9.86357 0 12.5464
      vertex 9.94902 0 13.3913
    endloop
  endfacet
  facet normal 0 -1 0
    outer loop
      vertex 8.15009 0 12.1601
      vertex 9.86357 0 12.5464
      vertex 8.01569 0 12.4064
    endloop
  endfacet
  facet normal 0 -1 0
    outer loop
      vertex 8.68942 0 11.4902
      vertex 8.15009 0 12.1601
      vertex 8.19489 0 11.8676
    endloop
  endfacet
  facet normal 0 -1 0
    outer loop
      vertex 8.15009 0 12.1601
      vertex 8.68942 0 11.4902
      vertex 9.86357 0 12.5464
    endloop
  endfacet
  facet normal 0 -1 0
    outer loop
      vertex 9.35637 0 11.4902
      vertex 9.86357 0 12.5464
      vertex 8.68942 0 11.4902
    endloop
  endfacet
  facet normal 0 -1 0
    outer loop
      vertex 8.11122 0 11.4434
      vertex 8.68942 0 11.4902
      vertex 8.19489 0 11.8676
    endloop
  endfacet
  facet normal 0 -1 0
    outer loop
      vertex 8.68942 0 10.8233
      vertex 8.11122 0 11.4434
      vertex 7.86021 0 11.0867
    endloop
  endfacet
  facet normal 0 -1 0
    outer loop
      vertex 8.68942 0 10.8233
      vertex 7.86021 0 11.0867
      vertex 7.48463 0 10.8447
    endloop
  endfacet
  facet normal 0 -1 0
    outer loop
      vertex 8.11122 0 11.4434
      vertex 8.68942 0 10.8233
      vertex 8.68942 0 11.4902
    endloop
  endfacet
  facet normal 0 -1 0
    outer loop
      vertex 0 0 0
      vertex 8.68942 0 10.8233
      vertex 7.02715 0 10.764
    endloop
  endfacet
  facet normal 0 -1 0
    outer loop
      vertex 7.02715 0 10.764
      vertex 8.68942 0 10.8233
      vertex 7.48463 0 10.8447
    endloop
  endfacet
  facet normal 0 -1 0
    outer loop
      vertex 7.44844 0 14.2386
      vertex 0 0 22.5
      vertex 7.0058 0 14.317
    endloop
  endfacet
  facet normal 0 -1 0
    outer loop
      vertex 0 0 22.5
      vertex 6.73256 0 14.29
      vertex 7.0058 0 14.317
    endloop
  endfacet
  facet normal 0 -1 0
    outer loop
      vertex 0 0 22.5
      vertex 6.4872 0 14.209
      vertex 6.73256 0 14.29
    endloop
  endfacet
  facet normal 0 -1 0
    outer loop
      vertex 0 0 22.5
      vertex 6.2813 0 14.0808
      vertex 6.4872 0 14.209
    endloop
  endfacet
  facet normal 0 -1 0
    outer loop
      vertex 0 0 22.5
      vertex 6.12642 0 13.9123
      vertex 6.2813 0 14.0808
    endloop
  endfacet
  facet normal 0 -1 0
    outer loop
      vertex 0 0 22.5
      vertex 6.01341 0 13.6919
      vertex 6.12642 0 13.9123
    endloop
  endfacet
  facet normal 0 -1 0
    outer loop
      vertex 0 0 22.5
      vertex 5.93301 0 13.408
      vertex 6.01341 0 13.6919
    endloop
  endfacet
  facet normal 0 -1 0
    outer loop
      vertex 6.59756 0 13.5041
      vertex 7.2265 0 13.0531
      vertex 7.33331 0 13.1982
    endloop
  endfacet
  facet normal 0 -1 0
    outer loop
      vertex 6.73997 0 12.3921
      vertex 6.54771 0 13.3035
      vertex 5.93301 0 13.408
    endloop
  endfacet
  facet normal -0 -1 0
    outer loop
      vertex 7.05208 0 12.9615
      vertex 6.54771 0 13.3035
      vertex 6.81354 0 12.9356
    endloop
  endfacet
  facet normal 0 -1 0
    outer loop
      vertex 6.59756 0 13.5041
      vertex 7.05208 0 12.9615
      vertex 7.2265 0 13.0531
    endloop
  endfacet
  facet normal 0 -1 0
    outer loop
      vertex 6.54771 0 13.3035
      vertex 6.73997 0 12.3921
      vertex 6.81354 0 12.9356
    endloop
  endfacet
  facet normal 0 -1 0
    outer loop
      vertex 7.04616 0 12.442
      vertex 7.47751 0 12.1215
      vertex 7.37602 0 12.2948
    endloop
  endfacet
  facet normal 0 -1 -0
    outer loop
      vertex 6.90552 0 12.4295
      vertex 6.52875 0 11.8249
      vertex 7.47751 0 12.1215
    endloop
  endfacet
  facet normal 0 -1 -0
    outer loop
      vertex 7.47751 0 12.1215
      vertex 6.52875 0 11.8249
      vertex 7.51134 0 11.8961
    endloop
  endfacet
  facet normal 0 -1 0
    outer loop
      vertex 5.88318 0 11.7466
      vertex 6.73997 0 12.3921
      vertex 5.93301 0 13.408
    endloop
  endfacet
  facet normal 0 -1 0
    outer loop
      vertex 5.88318 0 11.7466
      vertex 5.93301 0 13.408
      vertex 0 0 22.5
    endloop
  endfacet
  facet normal 0 -1 0
    outer loop
      vertex 6.73997 0 12.3921
      vertex 5.88318 0 11.7466
      vertex 6.52875 0 11.8249
    endloop
  endfacet
  facet normal 0 -1 0
    outer loop
      vertex 0 0 0
      vertex 5.88318 0 11.7466
      vertex 0 0 22.5
    endloop
  endfacet
  facet normal 0 -1 -0
    outer loop
      vertex 9.35637 0 10.8233
      vertex 0 0 0
      vertex 10.9933 0 10.764
    endloop
  endfacet
  facet normal 0 -1 -0
    outer loop
      vertex 21.2751 0 10.8319
      vertex 0 0 0
      vertex 21.7071 0 10.764
    endloop
  endfacet
  facet normal 0 -1 -0
    outer loop
      vertex 24.4604 0 10.8233
      vertex 0 0 0
      vertex 28.3443 0 10.764
    endloop
  endfacet
  facet normal 0 -1 -0
    outer loop
      vertex 28.3443 0 10.764
      vertex 0 0 0
      vertex 40.0271 0 10.764
    endloop
  endfacet
  facet normal 0 -1 -0
    outer loop
      vertex 40.0271 0 10.764
      vertex 0 0 0
      vertex 44.0242 0 10.764
    endloop
  endfacet
  facet normal 0 -1 -0
    outer loop
      vertex 44.0242 0 10.764
      vertex 0 0 0
      vertex 56.7071 0 10.764
    endloop
  endfacet
  facet normal 0 -1 -0
    outer loop
      vertex 56.7071 0 10.764
      vertex 0 0 0
      vertex 63.3443 0 10.764
    endloop
  endfacet
  facet normal 0 -1 0
    outer loop
      vertex 132 0 0
      vertex 63.3443 0 10.764
      vertex 0 0 0
    endloop
  endfacet
  facet normal 0 -1 0
    outer loop
      vertex 77.2146 0 10.8233
      vertex 80.9933 0 10.764
      vertex 79.3564 0 10.8233
    endloop
  endfacet
  facet normal 0 -1 0
    outer loop
      vertex 98.4604 0 10.8233
      vertex 132 0 0
      vertex 102.344 0 10.764
    endloop
  endfacet
  facet normal 0 -1 -0
    outer loop
      vertex 6.5952 0 10.8319
      vertex 0 0 0
      vertex 7.02715 0 10.764
    endloop
  endfacet
  facet normal 0 -1 -0
    outer loop
      vertex 6.24391 0 11.0357
      vertex 0 0 0
      vertex 6.5952 0 10.8319
    endloop
  endfacet
  facet normal 0 -1 -0
    outer loop
      vertex 5.99828 0 11.3493
      vertex 0 0 0
      vertex 6.24391 0 11.0357
    endloop
  endfacet
  facet normal 0 -1 -0
    outer loop
      vertex 5.88318 0 11.7466
      vertex 0 0 0
      vertex 5.99828 0 11.3493
    endloop
  endfacet
  facet normal 0 -1 0
    outer loop
      vertex 11.4437 0 14.2268
      vertex 0 0 22.5
      vertex 10.9933 0 14.317
    endloop
  endfacet
  facet normal 0 -1 0
    outer loop
      vertex 25.6946 0 14.317
      vertex 0 0 22.5
      vertex 21.6857 0 14.317
    endloop
  endfacet
  facet normal 0 -1 0
    outer loop
      vertex 29.3814 0 14.2553
      vertex 0 0 22.5
      vertex 25.6946 0 14.317
    endloop
  endfacet
  facet normal 0 -1 0
    outer loop
      vertex 45.0614 0 14.2553
      vertex 0 0 22.5
      vertex 40.0058 0 14.317
    endloop
  endfacet
  facet normal 0 -1 0
    outer loop
      vertex 61.8268 0 14.2553
      vertex 0 0 22.5
      vertex 56.6857 0 14.317
    endloop
  endfacet
  facet normal 0 -1 0
    outer loop
      vertex 61.8268 0 14.2553
      vertex 56.6857 0 14.317
      vertex 59.5459 0 14.2553
    endloop
  endfacet
  facet normal 0 -1 0
    outer loop
      vertex 77.8602 0 14.317
      vertex 132 0 22.5
      vertex 77.3001 0 14.317
    endloop
  endfacet
  facet normal 0 -1 0
    outer loop
      vertex 80.9933 0 14.317
      vertex 132 0 22.5
      vertex 77.8602 0 14.317
    endloop
  endfacet
  facet normal 0 -1 0
    outer loop
      vertex 95.98 0 14.317
      vertex 132 0 22.5
      vertex 80.9933 0 14.317
    endloop
  endfacet
  facet normal 0 -1 0
    outer loop
      vertex 96.5401 0 14.317
      vertex 132 0 22.5
      vertex 95.98 0 14.317
    endloop
  endfacet
  facet normal 0 -1 0
    outer loop
      vertex 99.6946 0 14.317
      vertex 132 0 22.5
      vertex 96.5401 0 14.317
    endloop
  endfacet
  facet normal 0 -1 0
    outer loop
      vertex 101.618 0 14.2553
      vertex 132 0 22.5
      vertex 99.6946 0 14.317
    endloop
  endfacet
  facet normal 0 -1 0
    outer loop
      vertex 118.86 0 14.317
      vertex 132 0 22.5
      vertex 118.3 0 14.317
    endloop
  endfacet
  facet normal 0 -1 0
    outer loop
      vertex 121.298 0 14.2553
      vertex 132 0 22.5
      vertex 118.86 0 14.317
    endloop
  endfacet
  facet normal 0 -1 0
    outer loop
      vertex 123.061 0 14.2553
      vertex 132 0 22.5
      vertex 121.298 0 14.2553
    endloop
  endfacet
  facet normal 0 -1 0
    outer loop
      vertex 123.061 0 13.631
      vertex 132 0 22.5
      vertex 123.061 0 14.2553
    endloop
  endfacet
  facet normal 0 -1 0
    outer loop
      vertex 122.565 0 13.0709
      vertex 123.061 0 13.631
      vertex 122.155 0 13.1516
    endloop
  endfacet
  facet normal 0 -1 0
    outer loop
      vertex 122.907 0 12.8288
      vertex 123.061 0 13.631
      vertex 122.565 0 13.0709
    endloop
  endfacet
  facet normal 0 -1 0
    outer loop
      vertex 123.139 0 12.458
      vertex 123.061 0 13.631
      vertex 122.907 0 12.8288
    endloop
  endfacet
  facet normal 0 -1 0
    outer loop
      vertex 123.061 0 13.631
      vertex 123.139 0 12.458
      vertex 132 0 22.5
    endloop
  endfacet
  facet normal 0 -1 0
    outer loop
      vertex 123.216 0 11.991
      vertex 132 0 22.5
      vertex 123.139 0 12.458
    endloop
  endfacet
  facet normal 0 -1 0
    outer loop
      vertex 132 0 0
      vertex 123.216 0 11.991
      vertex 123.153 0 11.5846
    endloop
  endfacet
  facet normal 0 -1 0
    outer loop
      vertex 132 0 0
      vertex 123.153 0 11.5846
      vertex 122.966 0 11.2244
    endloop
  endfacet
  facet normal 0 -1 0
    outer loop
      vertex 123.216 0 11.991
      vertex 132 0 0
      vertex 132 0 22.5
    endloop
  endfacet
  facet normal 0 -1 0
    outer loop
      vertex 122.561 0 10.8791
      vertex 132 0 0
      vertex 122.966 0 11.2244
    endloop
  endfacet
  facet normal 0 -1 0
    outer loop
      vertex 122.024 0 10.764
      vertex 132 0 0
      vertex 122.561 0 10.8791
    endloop
  endfacet
  facet normal 0 -1 0
    outer loop
      vertex 120.356 0 10.8233
      vertex 132 0 0
      vertex 122.024 0 10.764
    endloop
  endfacet
  facet normal 0 -1 0
    outer loop
      vertex 40.0058 0 14.317
      vertex 29.3814 0 14.2553
      vertex 39.7326 0 14.29
    endloop
  endfacet
  facet normal 0 -1 0
    outer loop
      vertex 29.3814 0 14.2553
      vertex 39.4872 0 14.209
      vertex 39.7326 0 14.29
    endloop
  endfacet
  facet normal 0 -1 0
    outer loop
      vertex 29.3814 0 14.2553
      vertex 39.2813 0 14.0808
      vertex 39.4872 0 14.209
    endloop
  endfacet
  facet normal 0 -1 0
    outer loop
      vertex 29.3814 0 14.2553
      vertex 39.1264 0 13.9123
      vertex 39.2813 0 14.0808
    endloop
  endfacet
  facet normal 0 -1 0
    outer loop
      vertex 29.3814 0 14.2553
      vertex 39.0134 0 13.6919
      vertex 39.1264 0 13.9123
    endloop
  endfacet
  facet normal 0 -1 0
    outer loop
      vertex 38.933 0 13.408
      vertex 29.3814 0 14.2553
      vertex 29.3814 0 13.631
    endloop
  endfacet
  facet normal 0 -1 0
    outer loop
      vertex 29.3814 0 14.2553
      vertex 38.933 0 13.408
      vertex 39.0134 0 13.6919
    endloop
  endfacet
  facet normal 0 -1 0
    outer loop
      vertex 56.6857 0 14.317
      vertex 45.0614 0 14.2553
      vertex 56.4125 0 14.29
    endloop
  endfacet
  facet normal 0 -1 0
    outer loop
      vertex 45.0614 0 14.2553
      vertex 56.1671 0 14.209
      vertex 56.4125 0 14.29
    endloop
  endfacet
  facet normal 0 -1 0
    outer loop
      vertex 45.0614 0 14.2553
      vertex 55.9612 0 14.0808
      vertex 56.1671 0 14.209
    endloop
  endfacet
  facet normal 0 -1 0
    outer loop
      vertex 45.0614 0 14.2553
      vertex 55.8064 0 13.9123
      vertex 55.9612 0 14.0808
    endloop
  endfacet
  facet normal 0 -1 0
    outer loop
      vertex 45.0614 0 14.2553
      vertex 55.6933 0 13.6919
      vertex 55.8064 0 13.9123
    endloop
  endfacet
  facet normal 0 -1 0
    outer loop
      vertex 55.6129 0 13.408
      vertex 45.0614 0 14.2553
      vertex 45.0614 0 13.631
    endloop
  endfacet
  facet normal 0 -1 0
    outer loop
      vertex 45.0614 0 14.2553
      vertex 55.6129 0 13.408
      vertex 55.6933 0 13.6919
    endloop
  endfacet
  facet normal 0 -1 0
    outer loop
      vertex 0 0 22.5
      vertex 62.618 0 14.2553
      vertex 132 0 22.5
    endloop
  endfacet
  facet normal 0 -1 0
    outer loop
      vertex 64.3814 0 14.2553
      vertex 132 0 22.5
      vertex 62.618 0 14.2553
    endloop
  endfacet
  facet normal 0 -1 0
    outer loop
      vertex 132 0 22.5
      vertex 64.3814 0 14.2553
      vertex 77.3001 0 14.317
    endloop
  endfacet
  facet normal 0 -1 0
    outer loop
      vertex 75.7906 0 12.1073
      vertex 64.3814 0 14.2553
      vertex 64.3814 0 13.631
    endloop
  endfacet
  facet normal 0 -1 0
    outer loop
      vertex 63.8848 0 13.0709
      vertex 64.3814 0 13.631
      vertex 63.4748 0 13.1516
    endloop
  endfacet
  facet normal 0 -1 0
    outer loop
      vertex 64.2272 0 12.8288
      vertex 64.3814 0 13.631
      vertex 63.8848 0 13.0709
    endloop
  endfacet
  facet normal 0 -1 0
    outer loop
      vertex 64.4586 0 12.458
      vertex 64.3814 0 13.631
      vertex 64.2272 0 12.8288
    endloop
  endfacet
  facet normal 0 -1 0
    outer loop
      vertex 64.3814 0 13.631
      vertex 64.4586 0 12.458
      vertex 75.7906 0 12.1073
    endloop
  endfacet
  facet normal 0 -1 0
    outer loop
      vertex 64.3814 0 14.2553
      vertex 75.7906 0 12.1073
      vertex 77.3001 0 14.317
    endloop
  endfacet
  facet normal 0 -1 0
    outer loop
      vertex 64.5357 0 11.991
      vertex 75.7906 0 12.1073
      vertex 64.4586 0 12.458
    endloop
  endfacet
  facet normal 0 -1 0
    outer loop
      vertex 75.7906 0 11.5235
      vertex 64.5357 0 11.991
      vertex 64.4734 0 11.5846
    endloop
  endfacet
  facet normal 0 -1 0
    outer loop
      vertex 64.5357 0 11.991
      vertex 75.7906 0 11.5235
      vertex 75.7906 0 12.1073
    endloop
  endfacet
  facet normal 0 -1 0
    outer loop
      vertex 64.2865 0 11.2244
      vertex 75.7906 0 11.5235
      vertex 64.4734 0 11.5846
    endloop
  endfacet
  facet normal 0 -1 0
    outer loop
      vertex 63.8813 0 10.8791
      vertex 75.7906 0 11.5235
      vertex 64.2865 0 11.2244
    endloop
  endfacet
  facet normal 0 -1 -0
    outer loop
      vertex 75.7906 0 11.5235
      vertex 63.8813 0 10.8791
      vertex 77.2146 0 10.8233
    endloop
  endfacet
  facet normal 0 -1 0
    outer loop
      vertex 75.7906 0 11.5235
      vertex 77.2146 0 10.8233
      vertex 77.2146 0 11.5235
    endloop
  endfacet
  facet normal 0 0 0
    outer loop
      vertex 77.2146 0 10.8233
      vertex 78.6894 0 10.8233
      vertex 77.8602 0 10.8233
    endloop
  endfacet
  facet normal 0 0 0
    outer loop
      vertex 77.2146 0 10.8233
      vertex 79.3564 0 10.8233
      vertex 78.6894 0 10.8233
    endloop
  endfacet
  facet normal 0 -1 0
    outer loop
      vertex 132 0 0
      vertex 77.2146 0 10.8233
      vertex 63.3443 0 10.764
    endloop
  endfacet
  facet normal 0 -1 0
    outer loop
      vertex 63.3443 0 10.764
      vertex 77.2146 0 10.8233
      vertex 63.8813 0 10.8791
    endloop
  endfacet
  facet normal 0 -1 0
    outer loop
      vertex 132 0 22.5
      vertex 103.381 0 14.2553
      vertex 118.3 0 14.317
    endloop
  endfacet
  facet normal 0 -1 0
    outer loop
      vertex 116.791 0 12.1073
      vertex 103.381 0 14.2553
      vertex 103.381 0 13.631
    endloop
  endfacet
  facet normal 0 -1 0
    outer loop
      vertex 102.885 0 13.0709
      vertex 103.381 0 13.631
      vertex 102.475 0 13.1516
    endloop
  endfacet
  facet normal 0 -1 0
    outer loop
      vertex 103.227 0 12.8288
      vertex 103.381 0 13.631
      vertex 102.885 0 13.0709
    endloop
  endfacet
  facet normal 0 -1 0
    outer loop
      vertex 103.459 0 12.458
      vertex 103.381 0 13.631
      vertex 103.227 0 12.8288
    endloop
  endfacet
  facet normal 0 -1 0
    outer loop
      vertex 103.381 0 13.631
      vertex 103.459 0 12.458
      vertex 116.791 0 12.1073
    endloop
  endfacet
  facet normal 0 -1 0
    outer loop
      vertex 103.381 0 14.2553
      vertex 116.791 0 12.1073
      vertex 118.3 0 14.317
    endloop
  endfacet
  facet normal 0 -1 0
    outer loop
      vertex 103.536 0 11.991
      vertex 116.791 0 12.1073
      vertex 103.459 0 12.458
    endloop
  endfacet
  facet normal 0 -1 0
    outer loop
      vertex 116.791 0 11.5235
      vertex 103.536 0 11.991
      vertex 103.473 0 11.5846
    endloop
  endfacet
  facet normal 0 -1 0
    outer loop
      vertex 103.536 0 11.991
      vertex 116.791 0 11.5235
      vertex 116.791 0 12.1073
    endloop
  endfacet
  facet normal 0 -1 0
    outer loop
      vertex 103.287 0 11.2244
      vertex 116.791 0 11.5235
      vertex 103.473 0 11.5846
    endloop
  endfacet
  facet normal 0 -1 0
    outer loop
      vertex 102.881 0 10.8791
      vertex 116.791 0 11.5235
      vertex 103.287 0 11.2244
    endloop
  endfacet
  facet normal 0 -1 -0
    outer loop
      vertex 116.791 0 11.5235
      vertex 102.881 0 10.8791
      vertex 118.215 0 10.8233
    endloop
  endfacet
  facet normal 0 -1 0
    outer loop
      vertex 116.791 0 11.5235
      vertex 118.215 0 10.8233
      vertex 118.215 0 11.5235
    endloop
  endfacet
  facet normal 0 -1 0
    outer loop
      vertex 132 0 0
      vertex 118.86 0 10.8233
      vertex 118.215 0 10.8233
    endloop
  endfacet
  facet normal 0 -1 0
    outer loop
      vertex 118.86 0 10.8233
      vertex 132 0 0
      vertex 119.689 0 10.8233
    endloop
  endfacet
  facet normal 0 -1 0
    outer loop
      vertex 102.881 0 10.8791
      vertex 132 0 0
      vertex 118.215 0 10.8233
    endloop
  endfacet
  facet normal 0 -1 0
    outer loop
      vertex 132 0 0
      vertex 102.881 0 10.8791
      vertex 102.344 0 10.764
    endloop
  endfacet
  facet normal 0 -1 0
    outer loop
      vertex 7.36893 0 13.3842
      vertex 6.98679 0 13.7687
      vertex 6.82837 0 13.739
    endloop
  endfacet
  facet normal 0 -1 0
    outer loop
      vertex 6.98679 0 13.7687
      vertex 7.36893 0 13.3842
      vertex 7.14285 0 13.7426
    endloop
  endfacet
  facet normal 0 -1 0
    outer loop
      vertex 7.36893 0 13.3842
      vertex 6.82837 0 13.739
      vertex 6.69485 0 13.65
    endloop
  endfacet
  facet normal 0 -1 0
    outer loop
      vertex 7.14285 0 13.7426
      vertex 7.34282 0 13.5421
      vertex 7.26448 0 13.6643
    endloop
  endfacet
  facet normal 0 -1 0
    outer loop
      vertex 7.36893 0 13.3842
      vertex 6.69485 0 13.65
      vertex 6.59756 0 13.5041
    endloop
  endfacet
  facet normal 0 -1 0
    outer loop
      vertex 7.14285 0 13.7426
      vertex 7.36893 0 13.3842
      vertex 7.34282 0 13.5421
    endloop
  endfacet
  facet normal 0 -1 0
    outer loop
      vertex 7.05208 0 12.9615
      vertex 6.59756 0 13.5041
      vertex 6.54771 0 13.3035
    endloop
  endfacet
  facet normal 0 -1 0
    outer loop
      vertex 6.59756 0 13.5041
      vertex 7.33331 0 13.1982
      vertex 7.36893 0 13.3842
    endloop
  endfacet
  facet normal 0 -1 0
    outer loop
      vertex 22.0489 0 13.3842
      vertex 21.6667 0 13.7687
      vertex 21.5083 0 13.739
    endloop
  endfacet
  facet normal 0 -1 0
    outer loop
      vertex 21.6667 0 13.7687
      vertex 22.0489 0 13.3842
      vertex 21.8228 0 13.7426
    endloop
  endfacet
  facet normal 0 -1 0
    outer loop
      vertex 22.0489 0 13.3842
      vertex 21.5083 0 13.739
      vertex 21.3748 0 13.65
    endloop
  endfacet
  facet normal 0 -1 0
    outer loop
      vertex 21.8228 0 13.7426
      vertex 22.0227 0 13.5421
      vertex 21.9444 0 13.6643
    endloop
  endfacet
  facet normal 0 -1 0
    outer loop
      vertex 22.0489 0 13.3842
      vertex 21.3748 0 13.65
      vertex 21.2775 0 13.5041
    endloop
  endfacet
  facet normal 0 -1 0
    outer loop
      vertex 21.8228 0 13.7426
      vertex 22.0489 0 13.3842
      vertex 22.0227 0 13.5421
    endloop
  endfacet
  facet normal 0 -1 0
    outer loop
      vertex 22.0132 0 13.1982
      vertex 21.2775 0 13.5041
      vertex 21.2276 0 13.3035
    endloop
  endfacet
  facet normal 0 -1 0
    outer loop
      vertex 21.2775 0 13.5041
      vertex 22.0132 0 13.1982
      vertex 22.0489 0 13.3842
    endloop
  endfacet
  facet normal 0 -1 0
    outer loop
      vertex 40.3689 0 13.3842
      vertex 39.9868 0 13.7687
      vertex 39.8284 0 13.739
    endloop
  endfacet
  facet normal 0 -1 0
    outer loop
      vertex 39.9868 0 13.7687
      vertex 40.3689 0 13.3842
      vertex 40.1429 0 13.7426
    endloop
  endfacet
  facet normal 0 -1 0
    outer loop
      vertex 40.3689 0 13.3842
      vertex 39.8284 0 13.739
      vertex 39.6949 0 13.65
    endloop
  endfacet
  facet normal 0 -1 0
    outer loop
      vertex 40.1429 0 13.7426
      vertex 40.3428 0 13.5421
      vertex 40.2645 0 13.6643
    endloop
  endfacet
  facet normal 0 -1 0
    outer loop
      vertex 40.3689 0 13.3842
      vertex 39.6949 0 13.65
      vertex 39.5976 0 13.5041
    endloop
  endfacet
  facet normal 0 -1 0
    outer loop
      vertex 40.1429 0 13.7426
      vertex 40.3689 0 13.3842
      vertex 40.3428 0 13.5421
    endloop
  endfacet
  facet normal 0 -1 0
    outer loop
      vertex 40.3333 0 13.1982
      vertex 39.5976 0 13.5041
      vertex 39.5477 0 13.3035
    endloop
  endfacet
  facet normal 0 -1 0
    outer loop
      vertex 39.5976 0 13.5041
      vertex 40.3333 0 13.1982
      vertex 40.3689 0 13.3842
    endloop
  endfacet
  facet normal 0 -1 0
    outer loop
      vertex 57.0489 0 13.3842
      vertex 56.6667 0 13.7687
      vertex 56.5083 0 13.739
    endloop
  endfacet
  facet normal 0 -1 0
    outer loop
      vertex 56.6667 0 13.7687
      vertex 57.0489 0 13.3842
      vertex 56.8228 0 13.7426
    endloop
  endfacet
  facet normal 0 -1 0
    outer loop
      vertex 57.0489 0 13.3842
      vertex 56.5083 0 13.739
      vertex 56.3748 0 13.65
    endloop
  endfacet
  facet normal 0 -1 0
    outer loop
      vertex 56.8228 0 13.7426
      vertex 57.0227 0 13.5421
      vertex 56.9444 0 13.6643
    endloop
  endfacet
  facet normal 0 -1 0
    outer loop
      vertex 57.0489 0 13.3842
      vertex 56.3748 0 13.65
      vertex 56.2775 0 13.5041
    endloop
  endfacet
  facet normal 0 -1 0
    outer loop
      vertex 56.8228 0 13.7426
      vertex 57.0489 0 13.3842
      vertex 57.0227 0 13.5421
    endloop
  endfacet
  facet normal 0 -1 0
    outer loop
      vertex 57.0132 0 13.1982
      vertex 56.2775 0 13.5041
      vertex 56.2276 0 13.3035
    endloop
  endfacet
  facet normal 0 -1 0
    outer loop
      vertex 56.2775 0 13.5041
      vertex 57.0132 0 13.1982
      vertex 57.0489 0 13.3842
    endloop
  endfacet
  facet normal 0 -1 0
    outer loop
      vertex 25.2484 0 13.4709
      vertex 25.678 0 13.764
      vertex 25.4905 0 13.7325
    endloop
  endfacet
  facet normal -0 -1 -0
    outer loop
      vertex 26.099 0 13.4984
      vertex 25.678 0 13.764
      vertex 26.129 0 13.3011
    endloop
  endfacet
  facet normal 0 -1 0
    outer loop
      vertex 25.2484 0 13.4709
      vertex 25.4905 0 13.7325
      vertex 25.3457 0 13.6382
    endloop
  endfacet
  facet normal 0 -1 0
    outer loop
      vertex 25.8664 0 13.734
      vertex 26.099 0 13.4984
      vertex 26.0091 0 13.6441
    endloop
  endfacet
  facet normal 0 -1 -0
    outer loop
      vertex 25.678 0 13.764
      vertex 25.2484 0 13.4709
      vertex 26.129 0 13.3011
    endloop
  endfacet
  facet normal 0 -1 0
    outer loop
      vertex 25.678 0 13.764
      vertex 26.099 0 13.4984
      vertex 25.8664 0 13.734
    endloop
  endfacet
  facet normal 0 -1 0
    outer loop
      vertex 26.0946 0 13.0982
      vertex 25.2484 0 13.4709
      vertex 25.2033 0 13.2205
    endloop
  endfacet
  facet normal 0 -1 0
    outer loop
      vertex 25.2484 0 13.4709
      vertex 26.0946 0 13.0982
      vertex 26.129 0 13.3011
    endloop
  endfacet
  facet normal 0 -1 0
    outer loop
      vertex 99.2484 0 13.4709
      vertex 99.678 0 13.764
      vertex 99.4905 0 13.7325
    endloop
  endfacet
  facet normal -0 -1 -0
    outer loop
      vertex 100.099 0 13.4984
      vertex 99.678 0 13.764
      vertex 100.129 0 13.3011
    endloop
  endfacet
  facet normal 0 -1 0
    outer loop
      vertex 99.2484 0 13.4709
      vertex 99.4905 0 13.7325
      vertex 99.3457 0 13.6382
    endloop
  endfacet
  facet normal 0 -1 0
    outer loop
      vertex 99.8664 0 13.734
      vertex 100.099 0 13.4984
      vertex 100.009 0 13.6441
    endloop
  endfacet
  facet normal 0 -1 -0
    outer loop
      vertex 99.678 0 13.764
      vertex 99.2484 0 13.4709
      vertex 100.129 0 13.3011
    endloop
  endfacet
  facet normal 0 -1 0
    outer loop
      vertex 99.678 0 13.764
      vertex 100.099 0 13.4984
      vertex 99.8664 0 13.734
    endloop
  endfacet
  facet normal 0 -1 0
    outer loop
      vertex 100.095 0 13.0982
      vertex 99.2484 0 13.4709
      vertex 99.2033 0 13.2205
    endloop
  endfacet
  facet normal 0 -1 0
    outer loop
      vertex 99.2484 0 13.4709
      vertex 100.095 0 13.0982
      vertex 100.129 0 13.3011
    endloop
  endfacet
  facet normal 0 -1 0
    outer loop
      vertex 29.3814 0 13.631
      vertex 29.4586 0 12.458
      vertex 38.933 0 13.408
    endloop
  endfacet
  facet normal -0 -1 0
    outer loop
      vertex 40.0521 0 12.9615
      vertex 39.5477 0 13.3035
      vertex 39.8135 0 12.9356
    endloop
  endfacet
  facet normal -0 -1 0
    outer loop
      vertex 40.2265 0 13.0531
      vertex 39.5477 0 13.3035
      vertex 40.0521 0 12.9615
    endloop
  endfacet
  facet normal 0 -1 0
    outer loop
      vertex 39.5477 0 13.3035
      vertex 40.2265 0 13.0531
      vertex 40.3333 0 13.1982
    endloop
  endfacet
  facet normal 0 -1 0
    outer loop
      vertex 29.5357 0 11.991
      vertex 38.933 0 13.408
      vertex 29.4586 0 12.458
    endloop
  endfacet
  facet normal -0 -1 0
    outer loop
      vertex 39.74 0 12.3921
      vertex 38.933 0 13.408
      vertex 38.8832 0 11.7466
    endloop
  endfacet
  facet normal 0 -1 0
    outer loop
      vertex 38.933 0 13.408
      vertex 39.74 0 12.3921
      vertex 39.5477 0 13.3035
    endloop
  endfacet
  facet normal 0 -1 0
    outer loop
      vertex 39.5477 0 13.3035
      vertex 39.74 0 12.3921
      vertex 39.8135 0 12.9356
    endloop
  endfacet
  facet normal -0 -1 0
    outer loop
      vertex 39.5287 0 11.8249
      vertex 39.74 0 12.3921
      vertex 38.8832 0 11.7466
    endloop
  endfacet
  facet normal 0 -1 0
    outer loop
      vertex 38.933 0 13.408
      vertex 29.5357 0 11.991
      vertex 38.8832 0 11.7466
    endloop
  endfacet
  facet normal 0 -1 -0
    outer loop
      vertex 39.74 0 12.3921
      vertex 39.5287 0 11.8249
      vertex 40.376 0 12.2948
    endloop
  endfacet
  facet normal 0 -1 -0
    outer loop
      vertex 40.4775 0 12.1215
      vertex 39.5287 0 11.8249
      vertex 40.5113 0 11.8961
    endloop
  endfacet
  facet normal 0 -1 -0
    outer loop
      vertex 40.376 0 12.2948
      vertex 39.5287 0 11.8249
      vertex 40.4775 0 12.1215
    endloop
  endfacet
  facet normal 0 -1 0
    outer loop
      vertex 29.4734 0 11.5846
      vertex 38.8832 0 11.7466
      vertex 29.5357 0 11.991
    endloop
  endfacet
  facet normal 0 -1 0
    outer loop
      vertex 29.4734 0 11.5846
      vertex 38.9983 0 11.3493
      vertex 38.8832 0 11.7466
    endloop
  endfacet
  facet normal 0 -1 0
    outer loop
      vertex 29.2865 0 11.2244
      vertex 38.9983 0 11.3493
      vertex 29.4734 0 11.5846
    endloop
  endfacet
  facet normal 0 -1 0
    outer loop
      vertex 29.2865 0 11.2244
      vertex 39.2439 0 11.0357
      vertex 38.9983 0 11.3493
    endloop
  endfacet
  facet normal 0 -1 0
    outer loop
      vertex 28.8813 0 10.8791
      vertex 39.2439 0 11.0357
      vertex 29.2865 0 11.2244
    endloop
  endfacet
  facet normal 0 -1 0
    outer loop
      vertex 28.8813 0 10.8791
      vertex 39.5952 0 10.8319
      vertex 39.2439 0 11.0357
    endloop
  endfacet
  facet normal 0 -1 0
    outer loop
      vertex 28.3443 0 10.764
      vertex 39.5952 0 10.8319
      vertex 28.8813 0 10.8791
    endloop
  endfacet
  facet normal 0 -1 -0
    outer loop
      vertex 39.5952 0 10.8319
      vertex 28.3443 0 10.764
      vertex 40.0271 0 10.764
    endloop
  endfacet
  facet normal 0 -1 0
    outer loop
      vertex 45.0614 0 13.631
      vertex 45.1385 0 12.458
      vertex 55.6129 0 13.408
    endloop
  endfacet
  facet normal -0 -1 0
    outer loop
      vertex 56.732 0 12.9615
      vertex 56.2276 0 13.3035
      vertex 56.4935 0 12.9356
    endloop
  endfacet
  facet normal -0 -1 0
    outer loop
      vertex 56.9064 0 13.0531
      vertex 56.2276 0 13.3035
      vertex 56.732 0 12.9615
    endloop
  endfacet
  facet normal 0 -1 0
    outer loop
      vertex 56.2276 0 13.3035
      vertex 56.9064 0 13.0531
      vertex 57.0132 0 13.1982
    endloop
  endfacet
  facet normal 0 -1 0
    outer loop
      vertex 45.2157 0 11.991
      vertex 55.6129 0 13.408
      vertex 45.1385 0 12.458
    endloop
  endfacet
  facet normal -0 -1 0
    outer loop
      vertex 56.4199 0 12.3921
      vertex 55.6129 0 13.408
      vertex 55.5631 0 11.7466
    endloop
  endfacet
  facet normal 0 -1 0
    outer loop
      vertex 55.6129 0 13.408
      vertex 56.4199 0 12.3921
      vertex 56.2276 0 13.3035
    endloop
  endfacet
  facet normal 0 -1 0
    outer loop
      vertex 56.2276 0 13.3035
      vertex 56.4199 0 12.3921
      vertex 56.4935 0 12.9356
    endloop
  endfacet
  facet normal -0 -1 0
    outer loop
      vertex 56.2087 0 11.8249
      vertex 56.4199 0 12.3921
      vertex 55.5631 0 11.7466
    endloop
  endfacet
  facet normal 0 -1 0
    outer loop
      vertex 55.6129 0 13.408
      vertex 45.2157 0 11.991
      vertex 55.5631 0 11.7466
    endloop
  endfacet
  facet normal 0 -1 -0
    outer loop
      vertex 56.4199 0 12.3921
      vertex 56.2087 0 11.8249
      vertex 57.056 0 12.2948
    endloop
  endfacet
  facet normal 0 -1 -0
    outer loop
      vertex 57.1574 0 12.1215
      vertex 56.2087 0 11.8249
      vertex 57.1913 0 11.8961
    endloop
  endfacet
  facet normal 0 -1 -0
    outer loop
      vertex 57.056 0 12.2948
      vertex 56.2087 0 11.8249
      vertex 57.1574 0 12.1215
    endloop
  endfacet
  facet normal 0 -1 0
    outer loop
      vertex 45.1534 0 11.5846
      vertex 55.5631 0 11.7466
      vertex 45.2157 0 11.991
    endloop
  endfacet
  facet normal 0 -1 0
    outer loop
      vertex 45.1534 0 11.5846
      vertex 55.6782 0 11.3493
      vertex 55.5631 0 11.7466
    endloop
  endfacet
  facet normal 0 -1 0
    outer loop
      vertex 44.9664 0 11.2244
      vertex 55.6782 0 11.3493
      vertex 45.1534 0 11.5846
    endloop
  endfacet
  facet normal 0 -1 0
    outer loop
      vertex 44.9664 0 11.2244
      vertex 55.9238 0 11.0357
      vertex 55.6782 0 11.3493
    endloop
  endfacet
  facet normal 0 -1 0
    outer loop
      vertex 44.5612 0 10.8791
      vertex 55.9238 0 11.0357
      vertex 44.9664 0 11.2244
    endloop
  endfacet
  facet normal 0 -1 0
    outer loop
      vertex 44.5612 0 10.8791
      vertex 56.2751 0 10.8319
      vertex 55.9238 0 11.0357
    endloop
  endfacet
  facet normal 0 -1 0
    outer loop
      vertex 44.0242 0 10.764
      vertex 56.2751 0 10.8319
      vertex 44.5612 0 10.8791
    endloop
  endfacet
  facet normal 0 -1 -0
    outer loop
      vertex 56.2751 0 10.8319
      vertex 44.0242 0 10.764
      vertex 56.7071 0 10.764
    endloop
  endfacet
  facet normal 0 -1 0
    outer loop
      vertex 7.47751 0 12.1215
      vertex 7.04616 0 12.442
      vertex 6.90552 0 12.4295
    endloop
  endfacet
  facet normal 0 -1 0
    outer loop
      vertex 6.52875 0 11.8249
      vertex 6.90552 0 12.4295
      vertex 6.73997 0 12.3921
    endloop
  endfacet
  facet normal 0 -1 0
    outer loop
      vertex 7.04616 0 12.442
      vertex 7.37602 0 12.2948
      vertex 7.22592 0 12.4052
    endloop
  endfacet
  facet normal 0 -1 0
    outer loop
      vertex 22.056 0 12.2948
      vertex 21.7261 0 12.442
      vertex 21.5854 0 12.4295
    endloop
  endfacet
  facet normal 0 -1 0
    outer loop
      vertex 22.056 0 12.2948
      vertex 21.5854 0 12.4295
      vertex 21.4199 0 12.3921
    endloop
  endfacet
  facet normal 0 -1 0
    outer loop
      vertex 21.7261 0 12.442
      vertex 22.056 0 12.2948
      vertex 21.9059 0 12.4052
    endloop
  endfacet
  facet normal 0 -1 0
    outer loop
      vertex 40.376 0 12.2948
      vertex 40.0462 0 12.442
      vertex 39.9055 0 12.4295
    endloop
  endfacet
  facet normal 0 -1 0
    outer loop
      vertex 40.376 0 12.2948
      vertex 39.9055 0 12.4295
      vertex 39.74 0 12.3921
    endloop
  endfacet
  facet normal 0 -1 0
    outer loop
      vertex 40.0462 0 12.442
      vertex 40.376 0 12.2948
      vertex 40.2259 0 12.4052
    endloop
  endfacet
  facet normal 0 -1 0
    outer loop
      vertex 57.056 0 12.2948
      vertex 56.7261 0 12.442
      vertex 56.5854 0 12.4295
    endloop
  endfacet
  facet normal 0 -1 0
    outer loop
      vertex 57.056 0 12.2948
      vertex 56.5854 0 12.4295
      vertex 56.4199 0 12.3921
    endloop
  endfacet
  facet normal 0 -1 0
    outer loop
      vertex 56.7261 0 12.442
      vertex 57.056 0 12.2948
      vertex 56.9059 0 12.4052
    endloop
  endfacet
  facet normal 0 -1 0
    outer loop
      vertex 28.8139 0 12.2595
      vertex 28.3324 0 12.62
      vertex 28.06 0 12.5565
    endloop
  endfacet
  facet normal 0 -1 0
    outer loop
      vertex 28.3324 0 12.62
      vertex 28.8139 0 12.2595
      vertex 28.5409 0 12.5799
    endloop
  endfacet
  facet normal 0 -1 0
    outer loop
      vertex 27.8601 0 11.7869
      vertex 28.06 0 12.5565
      vertex 27.8174 0 12.366
    endloop
  endfacet
  facet normal 0 -1 0
    outer loop
      vertex 28.5409 0 12.5799
      vertex 28.8139 0 12.2595
      vertex 28.7062 0 12.4597
    endloop
  endfacet
  facet normal 0 -1 -0
    outer loop
      vertex 27.2762 0 12.4444
      vertex 27.1955 0 11.7181
      vertex 27.8174 0 12.366
    endloop
  endfacet
  facet normal 0 -1 0
    outer loop
      vertex 26.7983 0 11.4427
      vertex 26.2773 0 12.2681
      vertex 26.0103 0 12.0124
    endloop
  endfacet
  facet normal 0 -1 -0
    outer loop
      vertex 27.8174 0 12.366
      vertex 27.1955 0 11.7181
      vertex 27.8601 0 11.7869
    endloop
  endfacet
  facet normal 0 -1 -0
    outer loop
      vertex 28.8139 0 12.2595
      vertex 27.8601 0 11.7869
      vertex 28.8498 0 11.9792
    endloop
  endfacet
  facet normal 0 -1 0
    outer loop
      vertex 26.7983 0 11.4427
      vertex 26.0103 0 12.0124
      vertex 25.7525 0 11.7715
    endloop
  endfacet
  facet normal 0 -1 -0
    outer loop
      vertex 28.06 0 12.5565
      vertex 27.8601 0 11.7869
      vertex 28.8139 0 12.2595
    endloop
  endfacet
  facet normal 0 -1 0
    outer loop
      vertex 26.7983 0 11.4427
      vertex 25.7525 0 11.7715
      vertex 25.6103 0 11.6279
    endloop
  endfacet
  facet normal 0 -1 0
    outer loop
      vertex 26.7983 0 11.4427
      vertex 25.6103 0 11.6279
      vertex 25.5341 0 11.5341
    endloop
  endfacet
  facet normal 0 -1 0
    outer loop
      vertex 26.7983 0 11.4427
      vertex 25.5341 0 11.5341
      vertex 25.4739 0 11.4427
    endloop
  endfacet
  facet normal 0 -1 0
    outer loop
      vertex 26.2773 0 12.2681
      vertex 26.7983 0 11.4427
      vertex 27.1955 0 11.7181
    endloop
  endfacet
  facet normal 0 -1 0
    outer loop
      vertex 26.7983 0 11.4427
      vertex 27.3159 0 11.3259
      vertex 27.1955 0 11.7181
    endloop
  endfacet
  facet normal 0 -1 0
    outer loop
      vertex 26.7983 0 10.8233
      vertex 27.3159 0 11.3259
      vertex 26.7983 0 11.4427
    endloop
  endfacet
  facet normal 0 -1 -0
    outer loop
      vertex 27.3159 0 11.3259
      vertex 26.7983 0 10.8233
      vertex 27.5586 0 11.0226
    endloop
  endfacet
  facet normal 0 -1 -0
    outer loop
      vertex 27.5586 0 11.0226
      vertex 26.7983 0 10.8233
      vertex 27.9069 0 10.8286
    endloop
  endfacet
  facet normal 0 -1 0
    outer loop
      vertex 24.4604 0 10.8233
      vertex 28.3443 0 10.764
      vertex 26.7983 0 10.8233
    endloop
  endfacet
  facet normal 0 -1 0
    outer loop
      vertex 26.7983 0 10.8233
      vertex 28.3443 0 10.764
      vertex 27.9069 0 10.8286
    endloop
  endfacet
  facet normal 0 -1 0
    outer loop
      vertex 44.4938 0 12.2595
      vertex 44.0123 0 12.62
      vertex 43.74 0 12.5565
    endloop
  endfacet
  facet normal 0 -1 0
    outer loop
      vertex 44.0123 0 12.62
      vertex 44.4938 0 12.2595
      vertex 44.2209 0 12.5799
    endloop
  endfacet
  facet normal 0 -1 0
    outer loop
      vertex 44.4938 0 12.2595
      vertex 43.74 0 12.5565
      vertex 43.4973 0 12.366
    endloop
  endfacet
  facet normal 0 -1 0
    outer loop
      vertex 44.2209 0 12.5799
      vertex 44.4938 0 12.2595
      vertex 44.3861 0 12.4597
    endloop
  endfacet
  facet normal 0 -1 0
    outer loop
      vertex 63.8139 0 12.2595
      vertex 63.3324 0 12.62
      vertex 63.06 0 12.5565
    endloop
  endfacet
  facet normal 0 -1 0
    outer loop
      vertex 63.3324 0 12.62
      vertex 63.8139 0 12.2595
      vertex 63.5409 0 12.5799
    endloop
  endfacet
  facet normal 0 -1 0
    outer loop
      vertex 63.8139 0 12.2595
      vertex 63.06 0 12.5565
      vertex 62.8174 0 12.366
    endloop
  endfacet
  facet normal 0 -1 0
    outer loop
      vertex 63.5409 0 12.5799
      vertex 63.8139 0 12.2595
      vertex 63.7062 0 12.4597
    endloop
  endfacet
  facet normal 0 -1 0
    outer loop
      vertex 102.814 0 12.2595
      vertex 102.332 0 12.62
      vertex 102.06 0 12.5565
    endloop
  endfacet
  facet normal 0 -1 0
    outer loop
      vertex 102.332 0 12.62
      vertex 102.814 0 12.2595
      vertex 102.541 0 12.5799
    endloop
  endfacet
  facet normal 0 -1 0
    outer loop
      vertex 101.86 0 11.7869
      vertex 102.06 0 12.5565
      vertex 101.817 0 12.366
    endloop
  endfacet
  facet normal 0 -1 0
    outer loop
      vertex 102.541 0 12.5799
      vertex 102.814 0 12.2595
      vertex 102.706 0 12.4597
    endloop
  endfacet
  facet normal 0 -1 -0
    outer loop
      vertex 101.276 0 12.4444
      vertex 101.196 0 11.7181
      vertex 101.817 0 12.366
    endloop
  endfacet
  facet normal 0 -1 0
    outer loop
      vertex 100.798 0 11.4427
      vertex 100.277 0 12.2681
      vertex 100.01 0 12.0124
    endloop
  endfacet
  facet normal 0 -1 -0
    outer loop
      vertex 101.817 0 12.366
      vertex 101.196 0 11.7181
      vertex 101.86 0 11.7869
    endloop
  endfacet
  facet normal 0 -1 -0
    outer loop
      vertex 102.814 0 12.2595
      vertex 101.86 0 11.7869
      vertex 102.85 0 11.9792
    endloop
  endfacet
  facet normal 0 -1 0
    outer loop
      vertex 100.798 0 11.4427
      vertex 100.01 0 12.0124
      vertex 99.7525 0 11.7715
    endloop
  endfacet
  facet normal 0 -1 -0
    outer loop
      vertex 102.06 0 12.5565
      vertex 101.86 0 11.7869
      vertex 102.814 0 12.2595
    endloop
  endfacet
  facet normal 0 -1 0
    outer loop
      vertex 100.798 0 11.4427
      vertex 99.7525 0 11.7715
      vertex 99.6103 0 11.6279
    endloop
  endfacet
  facet normal 0 -1 0
    outer loop
      vertex 100.798 0 11.4427
      vertex 99.6103 0 11.6279
      vertex 99.5341 0 11.5341
    endloop
  endfacet
  facet normal 0 -1 0
    outer loop
      vertex 100.798 0 11.4427
      vertex 99.5341 0 11.5341
      vertex 99.4739 0 11.4427
    endloop
  endfacet
  facet normal 0 -1 0
    outer loop
      vertex 100.277 0 12.2681
      vertex 100.798 0 11.4427
      vertex 101.196 0 11.7181
    endloop
  endfacet
  facet normal 0 -1 0
    outer loop
      vertex 100.798 0 11.4427
      vertex 101.316 0 11.3259
      vertex 101.196 0 11.7181
    endloop
  endfacet
  facet normal 0 -1 0
    outer loop
      vertex 100.798 0 10.8233
      vertex 101.316 0 11.3259
      vertex 100.798 0 11.4427
    endloop
  endfacet
  facet normal 0 -1 -0
    outer loop
      vertex 101.316 0 11.3259
      vertex 100.798 0 10.8233
      vertex 101.559 0 11.0226
    endloop
  endfacet
  facet normal 0 -1 -0
    outer loop
      vertex 101.559 0 11.0226
      vertex 100.798 0 10.8233
      vertex 101.907 0 10.8286
    endloop
  endfacet
  facet normal 0 -1 0
    outer loop
      vertex 100.798 0 10.8233
      vertex 102.344 0 10.764
      vertex 101.907 0 10.8286
    endloop
  endfacet
  facet normal 0 -1 0
    outer loop
      vertex 98.4604 0 10.8233
      vertex 102.344 0 10.764
      vertex 100.798 0 10.8233
    endloop
  endfacet
  facet normal 0 -1 -0
    outer loop
      vertex 118.215 0 13.2988
      vertex 117.415 0 12.1097
      vertex 118.215 0 12.1097
    endloop
  endfacet
  facet normal 0 -1 0
    outer loop
      vertex 81.2939 0 13.5717
      vertex 80.9933 0 13.764
      vertex 80.8788 0 13.7447
    endloop
  endfacet
  facet normal 0 -1 0
    outer loop
      vertex 81.2939 0 13.5717
      vertex 80.8788 0 13.7447
      vertex 80.7773 0 13.6868
    endloop
  endfacet
  facet normal 0 -1 0
    outer loop
      vertex 80.9933 0 13.764
      vertex 81.2939 0 13.5717
      vertex 81.1075 0 13.7447
    endloop
  endfacet
  facet normal 0 -1 0
    outer loop
      vertex 81.2939 0 13.5717
      vertex 80.7773 0 13.6868
      vertex 80.6931 0 13.5791
    endloop
  endfacet
  facet normal 0 -1 0
    outer loop
      vertex 81.1075 0 13.7447
      vertex 81.2939 0 13.5717
      vertex 81.2081 0 13.6868
    endloop
  endfacet
  facet normal 0 -1 0
    outer loop
      vertex 80.6302 0 13.4103
      vertex 81.2939 0 13.5717
      vertex 80.6931 0 13.5791
    endloop
  endfacet
  facet normal 0 -1 0
    outer loop
      vertex 80.6302 0 13.4103
      vertex 81.3636 0 13.3807
      vertex 81.2939 0 13.5717
    endloop
  endfacet
  facet normal 0 -1 0
    outer loop
      vertex 80.5786 0 13.0632
      vertex 81.3636 0 13.3807
      vertex 80.6302 0 13.4103
    endloop
  endfacet
  facet normal 0 -1 0
    outer loop
      vertex 80.5786 0 13.0632
      vertex 81.4099 0 13.0558
      vertex 81.3636 0 13.3807
    endloop
  endfacet
  facet normal 0 -1 0
    outer loop
      vertex 80.5614 0 12.5393
      vertex 81.4099 0 13.0558
      vertex 80.5786 0 13.0632
    endloop
  endfacet
  facet normal 0 -1 0
    outer loop
      vertex 80.5614 0 12.5393
      vertex 81.4253 0 12.5393
      vertex 81.4099 0 13.0558
    endloop
  endfacet
  facet normal 0 -1 0
    outer loop
      vertex 80.5768 0 12.0228
      vertex 81.4253 0 12.5393
      vertex 80.5614 0 12.5393
    endloop
  endfacet
  facet normal 0 -1 0
    outer loop
      vertex 80.5768 0 12.0228
      vertex 81.4081 0 12.0159
      vertex 81.4253 0 12.5393
    endloop
  endfacet
  facet normal 0 -1 0
    outer loop
      vertex 80.6231 0 11.6979
      vertex 81.4081 0 12.0159
      vertex 80.5768 0 12.0228
    endloop
  endfacet
  facet normal 0 -1 0
    outer loop
      vertex 80.6231 0 11.6979
      vertex 81.3565 0 11.6706
      vertex 81.4081 0 12.0159
    endloop
  endfacet
  facet normal 0 -1 0
    outer loop
      vertex 80.6928 0 11.5071
      vertex 81.3565 0 11.6706
      vertex 80.6231 0 11.6979
    endloop
  endfacet
  facet normal 0 -1 0
    outer loop
      vertex 80.6928 0 11.5071
      vertex 81.2936 0 11.5018
      vertex 81.3565 0 11.6706
    endloop
  endfacet
  facet normal 0 -1 0
    outer loop
      vertex 80.6928 0 11.5071
      vertex 81.2093 0 11.3941
      vertex 81.2936 0 11.5018
    endloop
  endfacet
  facet normal 0 -1 0
    outer loop
      vertex 80.8791 0 11.336
      vertex 80.6928 0 11.5071
      vertex 80.7785 0 11.3929
    endloop
  endfacet
  facet normal 0 -1 0
    outer loop
      vertex 80.6928 0 11.5071
      vertex 81.1078 0 11.3362
      vertex 81.2093 0 11.3941
    endloop
  endfacet
  facet normal 0 -1 0
    outer loop
      vertex 80.6928 0 11.5071
      vertex 80.8791 0 11.336
      vertex 80.9933 0 11.317
    endloop
  endfacet
  facet normal 0 -1 0
    outer loop
      vertex 80.6928 0 11.5071
      vertex 80.9933 0 11.317
      vertex 81.1078 0 11.3362
    endloop
  endfacet
  facet normal 0 -1 -0
    outer loop
      vertex 77.2146 0 13.2988
      vertex 76.4148 0 12.1097
      vertex 77.2146 0 12.1097
    endloop
  endfacet
  facet normal 0 -1 -0
    outer loop
      vertex 95.8946 0 13.2988
      vertex 95.0948 0 12.1097
      vertex 95.8946 0 12.1097
    endloop
  endfacet
  facet normal 0 -1 0
    outer loop
      vertex 11.2939 0 13.5717
      vertex 10.9933 0 13.764
      vertex 10.8788 0 13.7447
    endloop
  endfacet
  facet normal 0 -1 0
    outer loop
      vertex 11.2939 0 13.5717
      vertex 10.8788 0 13.7447
      vertex 10.7773 0 13.6868
    endloop
  endfacet
  facet normal 0 -1 0
    outer loop
      vertex 10.9933 0 13.764
      vertex 11.2939 0 13.5717
      vertex 11.1075 0 13.7447
    endloop
  endfacet
  facet normal 0 -1 0
    outer loop
      vertex 11.2939 0 13.5717
      vertex 10.7773 0 13.6868
      vertex 10.6931 0 13.5791
    endloop
  endfacet
  facet normal 0 -1 0
    outer loop
      vertex 11.1075 0 13.7447
      vertex 11.2939 0 13.5717
      vertex 11.2081 0 13.6868
    endloop
  endfacet
  facet normal 0 -1 0
    outer loop
      vertex 10.6302 0 13.4103
      vertex 11.2939 0 13.5717
      vertex 10.6931 0 13.5791
    endloop
  endfacet
  facet normal 0 -1 0
    outer loop
      vertex 10.6302 0 13.4103
      vertex 11.3636 0 13.3807
      vertex 11.2939 0 13.5717
    endloop
  endfacet
  facet normal 0 -1 0
    outer loop
      vertex 10.5786 0 13.0632
      vertex 11.3636 0 13.3807
      vertex 10.6302 0 13.4103
    endloop
  endfacet
  facet normal 0 -1 0
    outer loop
      vertex 10.5786 0 13.0632
      vertex 11.4099 0 13.0558
      vertex 11.3636 0 13.3807
    endloop
  endfacet
  facet normal 0 -1 0
    outer loop
      vertex 10.5614 0 12.5393
      vertex 11.4099 0 13.0558
      vertex 10.5786 0 13.0632
    endloop
  endfacet
  facet normal 0 -1 0
    outer loop
      vertex 10.5614 0 12.5393
      vertex 11.4253 0 12.5393
      vertex 11.4099 0 13.0558
    endloop
  endfacet
  facet normal 0 -1 0
    outer loop
      vertex 10.5768 0 12.0228
      vertex 11.4253 0 12.5393
      vertex 10.5614 0 12.5393
    endloop
  endfacet
  facet normal 0 -1 0
    outer loop
      vertex 10.5768 0 12.0228
      vertex 11.4081 0 12.0159
      vertex 11.4253 0 12.5393
    endloop
  endfacet
  facet normal 0 -1 0
    outer loop
      vertex 10.6231 0 11.6979
      vertex 11.4081 0 12.0159
      vertex 10.5768 0 12.0228
    endloop
  endfacet
  facet normal 0 -1 0
    outer loop
      vertex 10.6231 0 11.6979
      vertex 11.3565 0 11.6706
      vertex 11.4081 0 12.0159
    endloop
  endfacet
  facet normal 0 -1 0
    outer loop
      vertex 10.6928 0 11.5071
      vertex 11.3565 0 11.6706
      vertex 10.6231 0 11.6979
    endloop
  endfacet
  facet normal 0 -1 0
    outer loop
      vertex 10.6928 0 11.5071
      vertex 11.2936 0 11.5018
      vertex 11.3565 0 11.6706
    endloop
  endfacet
  facet normal 0 -1 0
    outer loop
      vertex 10.6928 0 11.5071
      vertex 11.2093 0 11.3941
      vertex 11.2936 0 11.5018
    endloop
  endfacet
  facet normal 0 -1 0
    outer loop
      vertex 10.8791 0 11.336
      vertex 10.6928 0 11.5071
      vertex 10.7785 0 11.3929
    endloop
  endfacet
  facet normal 0 -1 0
    outer loop
      vertex 10.6928 0 11.5071
      vertex 11.1078 0 11.3362
      vertex 11.2093 0 11.3941
    endloop
  endfacet
  facet normal 0 -1 0
    outer loop
      vertex 10.6928 0 11.5071
      vertex 10.8791 0 11.336
      vertex 10.9933 0 11.317
    endloop
  endfacet
  facet normal 0 -1 0
    outer loop
      vertex 10.6928 0 11.5071
      vertex 10.9933 0 11.317
      vertex 11.1078 0 11.3362
    endloop
  endfacet
  facet normal 1 -0 0
    outer loop
      vertex 2.5 2.5 22.5
      vertex 2.5 48.45 2.5
      vertex 2.5 48.45 22.5
    endloop
  endfacet
  facet normal 1 0 0
    outer loop
      vertex 2.5 48.45 2.5
      vertex 2.5 2.5 22.5
      vertex 2.5 2.5 2.5
    endloop
  endfacet
  facet normal -1 0 0
    outer loop
      vertex 129.5 2.5 2.5
      vertex 129.5 48.45 22.5
      vertex 129.5 48.45 2.5
    endloop
  endfacet
  facet normal -1 -0 0
    outer loop
      vertex 129.5 48.45 22.5
      vertex 129.5 2.5 2.5
      vertex 129.5 2.5 22.5
    endloop
  endfacet
  facet normal 0 -1 0
    outer loop
      vertex 110.5 48.45 2.5
      vertex 129.5 48.45 22.5
      vertex 110.5 48.45 22.5
    endloop
  endfacet
  facet normal 0 -1 -0
    outer loop
      vertex 129.5 48.45 22.5
      vertex 110.5 48.45 2.5
      vertex 129.5 48.45 2.5
    endloop
  endfacet
  facet normal 0 -1 0
    outer loop
      vertex 2.5 48.45 2.5
      vertex 15.5 48.45 22.5
      vertex 2.5 48.45 22.5
    endloop
  endfacet
  facet normal 0 -1 -0
    outer loop
      vertex 15.5 48.45 22.5
      vertex 2.5 48.45 2.5
      vertex 15.5 48.45 2.5
    endloop
  endfacet
  facet normal 0 -1 0
    outer loop
      vertex 34.5 48.45 2.5
      vertex 49.5 48.45 22.5
      vertex 34.5 48.45 22.5
    endloop
  endfacet
  facet normal 0 -1 -0
    outer loop
      vertex 49.5 48.45 22.5
      vertex 34.5 48.45 2.5
      vertex 49.5 48.45 2.5
    endloop
  endfacet
  facet normal 0 -1 0
    outer loop
      vertex 18 48.45 2.5
      vertex 32 48.45 22.5
      vertex 18 48.45 22.5
    endloop
  endfacet
  facet normal 0 -1 -0
    outer loop
      vertex 32 48.45 22.5
      vertex 18 48.45 2.5
      vertex 32 48.45 2.5
    endloop
  endfacet
  facet normal 0 -1 0
    outer loop
      vertex 70.5 48.45 2.5
      vertex 87.5 48.45 22.5
      vertex 70.5 48.45 22.5
    endloop
  endfacet
  facet normal 0 -1 -0
    outer loop
      vertex 87.5 48.45 22.5
      vertex 70.5 48.45 2.5
      vertex 87.5 48.45 2.5
    endloop
  endfacet
  facet normal 0 -1 0
    outer loop
      vertex 52 48.45 2.5
      vertex 68 48.45 22.5
      vertex 52 48.45 22.5
    endloop
  endfacet
  facet normal 0 -1 -0
    outer loop
      vertex 68 48.45 22.5
      vertex 52 48.45 2.5
      vertex 68 48.45 2.5
    endloop
  endfacet
  facet normal 0 -1 0
    outer loop
      vertex 90 48.45 2.5
      vertex 108 48.45 22.5
      vertex 90 48.45 22.5
    endloop
  endfacet
  facet normal 0 -1 -0
    outer loop
      vertex 108 48.45 22.5
      vertex 90 48.45 2.5
      vertex 108 48.45 2.5
    endloop
  endfacet
  facet normal -0 0 1
    outer loop
      vertex 2.5 48.45 2.5
      vertex 15.5 2.5 2.5
      vertex 15.5 48.45 2.5
    endloop
  endfacet
  facet normal 0 0 1
    outer loop
      vertex 15.5 2.5 2.5
      vertex 2.5 48.45 2.5
      vertex 2.5 2.5 2.5
    endloop
  endfacet
  facet normal -0 0 1
    outer loop
      vertex 110.5 48.45 2.5
      vertex 129.5 2.5 2.5
      vertex 129.5 48.45 2.5
    endloop
  endfacet
  facet normal 0 0 1
    outer loop
      vertex 129.5 2.5 2.5
      vertex 110.5 48.45 2.5
      vertex 110.5 2.5 2.5
    endloop
  endfacet
  facet normal -0 0 1
    outer loop
      vertex 18 48.45 2.5
      vertex 32 2.5 2.5
      vertex 32 48.45 2.5
    endloop
  endfacet
  facet normal 0 0 1
    outer loop
      vertex 32 2.5 2.5
      vertex 18 48.45 2.5
      vertex 18 2.5 2.5
    endloop
  endfacet
  facet normal -0 0 1
    outer loop
      vertex 34.5 48.45 2.5
      vertex 49.5 2.5 2.5
      vertex 49.5 48.45 2.5
    endloop
  endfacet
  facet normal 0 0 1
    outer loop
      vertex 49.5 2.5 2.5
      vertex 34.5 48.45 2.5
      vertex 34.5 2.5 2.5
    endloop
  endfacet
  facet normal -0 0 1
    outer loop
      vertex 52 48.45 2.5
      vertex 68 2.5 2.5
      vertex 68 48.45 2.5
    endloop
  endfacet
  facet normal 0 0 1
    outer loop
      vertex 68 2.5 2.5
      vertex 52 48.45 2.5
      vertex 52 2.5 2.5
    endloop
  endfacet
  facet normal -0 0 1
    outer loop
      vertex 70.5 48.45 2.5
      vertex 87.5 2.5 2.5
      vertex 87.5 48.45 2.5
    endloop
  endfacet
  facet normal 0 0 1
    outer loop
      vertex 87.5 2.5 2.5
      vertex 70.5 48.45 2.5
      vertex 70.5 2.5 2.5
    endloop
  endfacet
  facet normal -0 0 1
    outer loop
      vertex 90 48.45 2.5
      vertex 108 2.5 2.5
      vertex 108 48.45 2.5
    endloop
  endfacet
  facet normal 0 0 1
    outer loop
      vertex 108 2.5 2.5
      vertex 90 48.45 2.5
      vertex 90 2.5 2.5
    endloop
  endfacet
  facet normal 0 1 -0
    outer loop
      vertex 15.5 2.5 2.5
      vertex 2.5 2.5 22.5
      vertex 15.5 2.5 22.5
    endloop
  endfacet
  facet normal 0 1 0
    outer loop
      vertex 2.5 2.5 22.5
      vertex 15.5 2.5 2.5
      vertex 2.5 2.5 2.5
    endloop
  endfacet
  facet normal 0 1 -0
    outer loop
      vertex 129.5 2.5 2.5
      vertex 110.5 2.5 22.5
      vertex 129.5 2.5 22.5
    endloop
  endfacet
  facet normal 0 1 0
    outer loop
      vertex 110.5 2.5 22.5
      vertex 129.5 2.5 2.5
      vertex 110.5 2.5 2.5
    endloop
  endfacet
  facet normal 0 1 -0
    outer loop
      vertex 49.5 2.5 2.5
      vertex 34.5 2.5 22.5
      vertex 49.5 2.5 22.5
    endloop
  endfacet
  facet normal 0 1 0
    outer loop
      vertex 34.5 2.5 22.5
      vertex 49.5 2.5 2.5
      vertex 34.5 2.5 2.5
    endloop
  endfacet
  facet normal 0 1 -0
    outer loop
      vertex 32 2.5 2.5
      vertex 18 2.5 22.5
      vertex 32 2.5 22.5
    endloop
  endfacet
  facet normal 0 1 0
    outer loop
      vertex 18 2.5 22.5
      vertex 32 2.5 2.5
      vertex 18 2.5 2.5
    endloop
  endfacet
  facet normal 0 1 -0
    outer loop
      vertex 87.5 2.5 2.5
      vertex 70.5 2.5 22.5
      vertex 87.5 2.5 22.5
    endloop
  endfacet
  facet normal 0 1 0
    outer loop
      vertex 70.5 2.5 22.5
      vertex 87.5 2.5 2.5
      vertex 70.5 2.5 2.5
    endloop
  endfacet
  facet normal 0 1 -0
    outer loop
      vertex 68 2.5 2.5
      vertex 52 2.5 22.5
      vertex 68 2.5 22.5
    endloop
  endfacet
  facet normal 0 1 0
    outer loop
      vertex 52 2.5 22.5
      vertex 68 2.5 2.5
      vertex 52 2.5 2.5
    endloop
  endfacet
  facet normal 0 1 -0
    outer loop
      vertex 108 2.5 2.5
      vertex 90 2.5 22.5
      vertex 108 2.5 22.5
    endloop
  endfacet
  facet normal 0 1 0
    outer loop
      vertex 90 2.5 22.5
      vertex 108 2.5 2.5
      vertex 90 2.5 2.5
    endloop
  endfacet
  facet normal -1 0 0
    outer loop
      vertex 15.5 2.5 2.5
      vertex 15.5 48.45 22.5
      vertex 15.5 48.45 2.5
    endloop
  endfacet
  facet normal -1 -0 0
    outer loop
      vertex 15.5 48.45 22.5
      vertex 15.5 2.5 2.5
      vertex 15.5 2.5 22.5
    endloop
  endfacet
  facet normal 1 -0 0
    outer loop
      vertex 18 2.5 22.5
      vertex 18 48.45 2.5
      vertex 18 48.45 22.5
    endloop
  endfacet
  facet normal 1 0 0
    outer loop
      vertex 18 48.45 2.5
      vertex 18 2.5 22.5
      vertex 18 2.5 2.5
    endloop
  endfacet
  facet normal -1 0 0
    outer loop
      vertex 32 2.5 2.5
      vertex 32 48.45 22.5
      vertex 32 48.45 2.5
    endloop
  endfacet
  facet normal -1 -0 0
    outer loop
      vertex 32 48.45 22.5
      vertex 32 2.5 2.5
      vertex 32 2.5 22.5
    endloop
  endfacet
  facet normal 1 -0 0
    outer loop
      vertex 34.5 2.5 22.5
      vertex 34.5 48.45 2.5
      vertex 34.5 48.45 22.5
    endloop
  endfacet
  facet normal 1 0 0
    outer loop
      vertex 34.5 48.45 2.5
      vertex 34.5 2.5 22.5
      vertex 34.5 2.5 2.5
    endloop
  endfacet
  facet normal -1 0 0
    outer loop
      vertex 49.5 2.5 2.5
      vertex 49.5 48.45 22.5
      vertex 49.5 48.45 2.5
    endloop
  endfacet
  facet normal -1 -0 0
    outer loop
      vertex 49.5 48.45 22.5
      vertex 49.5 2.5 2.5
      vertex 49.5 2.5 22.5
    endloop
  endfacet
  facet normal 1 -0 0
    outer loop
      vertex 52 2.5 22.5
      vertex 52 48.45 2.5
      vertex 52 48.45 22.5
    endloop
  endfacet
  facet normal 1 0 0
    outer loop
      vertex 52 48.45 2.5
      vertex 52 2.5 22.5
      vertex 52 2.5 2.5
    endloop
  endfacet
  facet normal -1 0 0
    outer loop
      vertex 68 2.5 2.5
      vertex 68 48.45 22.5
      vertex 68 48.45 2.5
    endloop
  endfacet
  facet normal -1 -0 0
    outer loop
      vertex 68 48.45 22.5
      vertex 68 2.5 2.5
      vertex 68 2.5 22.5
    endloop
  endfacet
  facet normal 1 -0 0
    outer loop
      vertex 70.5 2.5 22.5
      vertex 70.5 48.45 2.5
      vertex 70.5 48.45 22.5
    endloop
  endfacet
  facet normal 1 0 0
    outer loop
      vertex 70.5 48.45 2.5
      vertex 70.5 2.5 22.5
      vertex 70.5 2.5 2.5
    endloop
  endfacet
  facet normal -1 0 0
    outer loop
      vertex 87.5 2.5 2.5
      vertex 87.5 48.45 22.5
      vertex 87.5 48.45 2.5
    endloop
  endfacet
  facet normal -1 -0 0
    outer loop
      vertex 87.5 48.45 22.5
      vertex 87.5 2.5 2.5
      vertex 87.5 2.5 22.5
    endloop
  endfacet
  facet normal 1 -0 0
    outer loop
      vertex 90 2.5 22.5
      vertex 90 48.45 2.5
      vertex 90 48.45 22.5
    endloop
  endfacet
  facet normal 1 0 0
    outer loop
      vertex 90 48.45 2.5
      vertex 90 2.5 22.5
      vertex 90 2.5 2.5
    endloop
  endfacet
  facet normal -1 0 0
    outer loop
      vertex 108 2.5 2.5
      vertex 108 48.45 22.5
      vertex 108 48.45 2.5
    endloop
  endfacet
  facet normal -1 -0 0
    outer loop
      vertex 108 48.45 22.5
      vertex 108 2.5 2.5
      vertex 108 2.5 22.5
    endloop
  endfacet
  facet normal 1 -0 0
    outer loop
      vertex 110.5 2.5 22.5
      vertex 110.5 48.45 2.5
      vertex 110.5 48.45 22.5
    endloop
  endfacet
  facet normal 1 0 0
    outer loop
      vertex 110.5 48.45 2.5
      vertex 110.5 2.5 22.5
      vertex 110.5 2.5 2.5
    endloop
  endfacet
  facet normal 0 -1 0
    outer loop
      vertex 5.88318 0.61 11.7466
      vertex 6.58569 0.61 11.6071
      vertex 6.52875 0.61 11.8249
    endloop
  endfacet
  facet normal 0 -1 0
    outer loop
      vertex 5.99828 0.61 11.3493
      vertex 6.58569 0.61 11.6071
      vertex 5.88318 0.61 11.7466
    endloop
  endfacet
  facet normal 0 -1 0
    outer loop
      vertex 6.24391 0.61 11.0357
      vertex 6.58569 0.61 11.6071
      vertex 5.99828 0.61 11.3493
    endloop
  endfacet
  facet normal 0 -1 -0
    outer loop
      vertex 6.58569 0.61 11.6071
      vertex 6.24391 0.61 11.0357
      vertex 6.69485 0.61 11.4475
    endloop
  endfacet
  facet normal 0 -1 0
    outer loop
      vertex 6.5952 0.61 10.8319
      vertex 6.69485 0.61 11.4475
      vertex 6.24391 0.61 11.0357
    endloop
  endfacet
  facet normal 0 -1 -0
    outer loop
      vertex 6.69485 0.61 11.4475
      vertex 6.5952 0.61 10.8319
      vertex 6.84441 0.61 11.3496
    endloop
  endfacet
  facet normal 0 -1 0
    outer loop
      vertex 7.02715 0.61 10.764
      vertex 6.84441 0.61 11.3496
      vertex 6.5952 0.61 10.8319
    endloop
  endfacet
  facet normal -0 -1 0
    outer loop
      vertex 7.48463 0.61 10.8447
      vertex 7.02243 0.61 11.317
      vertex 7.02715 0.61 10.764
    endloop
  endfacet
  facet normal 0 -1 0
    outer loop
      vertex 6.84441 0.61 11.3496
      vertex 7.02715 0.61 10.764
      vertex 7.02243 0.61 11.317
    endloop
  endfacet
  facet normal 0 -1 0
    outer loop
      vertex 7.02243 0.61 11.317
      vertex 7.48463 0.61 10.8447
      vertex 7.86021 0.61 11.0867
    endloop
  endfacet
  facet normal 0 -1 0
    outer loop
      vertex 6.73256 0.61 14.29
      vertex 6.82837 0.61 13.739
      vertex 6.98679 0.61 13.7687
    endloop
  endfacet
  facet normal 0 -1 0
    outer loop
      vertex 6.59756 0.61 13.5041
      vertex 6.12642 0.61 13.9123
      vertex 6.01341 0.61 13.6919
    endloop
  endfacet
  facet normal 0 -1 0
    outer loop
      vertex 6.2813 0.61 14.0808
      vertex 6.69485 0.61 13.65
      vertex 6.82837 0.61 13.739
    endloop
  endfacet
  facet normal 0 -1 0
    outer loop
      vertex 6.12642 0.61 13.9123
      vertex 6.59756 0.61 13.5041
      vertex 6.69485 0.61 13.65
    endloop
  endfacet
  facet normal 0 -1 0
    outer loop
      vertex 6.54771 0.61 13.3035
      vertex 6.01341 0.61 13.6919
      vertex 5.93301 0.61 13.408
    endloop
  endfacet
  facet normal 0 -1 0
    outer loop
      vertex 6.01341 0.61 13.6919
      vertex 6.54771 0.61 13.3035
      vertex 6.59756 0.61 13.5041
    endloop
  endfacet
  facet normal 0 -1 0
    outer loop
      vertex 6.98679 0.61 13.7687
      vertex 7.0058 0.61 14.317
      vertex 6.73256 0.61 14.29
    endloop
  endfacet
  facet normal 0 -1 0
    outer loop
      vertex 6.82837 0.61 13.739
      vertex 6.73256 0.61 14.29
      vertex 6.4872 0.61 14.209
    endloop
  endfacet
  facet normal 0 -1 0
    outer loop
      vertex 6.82837 0.61 13.739
      vertex 6.4872 0.61 14.209
      vertex 6.2813 0.61 14.0808
    endloop
  endfacet
  facet normal 0 -1 0
    outer loop
      vertex 7.14285 0.61 13.7426
      vertex 7.0058 0.61 14.317
      vertex 6.98679 0.61 13.7687
    endloop
  endfacet
  facet normal 0 -1 0
    outer loop
      vertex 6.69485 0.61 13.65
      vertex 6.2813 0.61 14.0808
      vertex 6.12642 0.61 13.9123
    endloop
  endfacet
  facet normal 0 -1 0
    outer loop
      vertex 7.0058 0.61 14.317
      vertex 7.14285 0.61 13.7426
      vertex 7.44844 0.61 14.2386
    endloop
  endfacet
  facet normal 0 -1 0
    outer loop
      vertex 7.26448 0.61 13.6643
      vertex 7.44844 0.61 14.2386
      vertex 7.14285 0.61 13.7426
    endloop
  endfacet
  facet normal 0 -1 -0
    outer loop
      vertex 7.44844 0.61 14.2386
      vertex 7.26448 0.61 13.6643
      vertex 7.79379 0.61 14.0037
    endloop
  endfacet
  facet normal 0 -1 0
    outer loop
      vertex 7.34282 0.61 13.5421
      vertex 7.79379 0.61 14.0037
      vertex 7.26448 0.61 13.6643
    endloop
  endfacet
  facet normal 0 -1 -0
    outer loop
      vertex 7.79379 0.61 14.0037
      vertex 7.34282 0.61 13.5421
      vertex 7.97711 0.61 13.7307
    endloop
  endfacet
  facet normal 0 -1 0
    outer loop
      vertex 7.36893 0.61 13.3842
      vertex 7.97711 0.61 13.7307
      vertex 7.34282 0.61 13.5421
    endloop
  endfacet
  facet normal 0 -1 -0
    outer loop
      vertex 7.97711 0.61 13.7307
      vertex 7.36893 0.61 13.3842
      vertex 8.03822 0.61 13.4246
    endloop
  endfacet
  facet normal 0 -1 0
    outer loop
      vertex 7.91304 0.61 13.0128
      vertex 7.36893 0.61 13.3842
      vertex 7.33331 0.61 13.1982
    endloop
  endfacet
  facet normal 0 -1 0
    outer loop
      vertex 7.53745 0.61 12.6935
      vertex 7.33331 0.61 13.1982
      vertex 7.2265 0.61 13.0531
    endloop
  endfacet
  facet normal 0 -1 0
    outer loop
      vertex 7.36893 0.61 13.3842
      vertex 7.91304 0.61 13.0128
      vertex 8.03822 0.61 13.4246
    endloop
  endfacet
  facet normal 0 -1 0
    outer loop
      vertex 7.53745 0.61 12.6935
      vertex 7.2265 0.61 13.0531
      vertex 7.05208 0.61 12.9615
    endloop
  endfacet
  facet normal 0 -1 0
    outer loop
      vertex 7.04616 0.61 12.442
      vertex 7.05208 0.61 12.9615
      vertex 6.81354 0.61 12.9356
    endloop
  endfacet
  facet normal 0 -1 0
    outer loop
      vertex 7.33331 0.61 13.1982
      vertex 7.53745 0.61 12.6935
      vertex 7.91304 0.61 13.0128
    endloop
  endfacet
  facet normal 0 -1 0
    outer loop
      vertex 7.22592 0.61 12.4052
      vertex 7.05208 0.61 12.9615
      vertex 7.04616 0.61 12.442
    endloop
  endfacet
  facet normal 0 -1 0
    outer loop
      vertex 7.05208 0.61 12.9615
      vertex 7.22592 0.61 12.4052
      vertex 7.53745 0.61 12.6935
    endloop
  endfacet
  facet normal 0 -1 0
    outer loop
      vertex 6.81354 0.61 12.9356
      vertex 6.90552 0.61 12.4295
      vertex 7.04616 0.61 12.442
    endloop
  endfacet
  facet normal -0 -1 0
    outer loop
      vertex 6.90552 0.61 12.4295
      vertex 6.81354 0.61 12.9356
      vertex 6.73997 0.61 12.3921
    endloop
  endfacet
  facet normal 0 -1 0
    outer loop
      vertex 7.37602 0.61 12.2948
      vertex 7.53745 0.61 12.6935
      vertex 7.22592 0.61 12.4052
    endloop
  endfacet
  facet normal 0 -1 -0
    outer loop
      vertex 7.53745 0.61 12.6935
      vertex 7.37602 0.61 12.2948
      vertex 7.80653 0.61 12.5897
    endloop
  endfacet
  facet normal 0 -1 0
    outer loop
      vertex 7.47751 0.61 12.1215
      vertex 7.80653 0.61 12.5897
      vertex 7.37602 0.61 12.2948
    endloop
  endfacet
  facet normal 0 -1 -0
    outer loop
      vertex 7.80653 0.61 12.5897
      vertex 7.47751 0.61 12.1215
      vertex 8.01569 0.61 12.4064
    endloop
  endfacet
  facet normal 0 -1 -0
    outer loop
      vertex 8.01569 0.61 12.4064
      vertex 7.47751 0.61 12.1215
      vertex 8.15009 0.61 12.1601
    endloop
  endfacet
  facet normal 0 -1 0
    outer loop
      vertex 7.51134 0.61 11.8961
      vertex 8.15009 0.61 12.1601
      vertex 7.47751 0.61 12.1215
    endloop
  endfacet
  facet normal 0 -1 0
    outer loop
      vertex 7.51134 0.61 11.8961
      vertex 8.19489 0.61 11.8676
      vertex 8.15009 0.61 12.1601
    endloop
  endfacet
  facet normal 0 -1 0
    outer loop
      vertex 7.47603 0.61 11.6575
      vertex 8.19489 0.61 11.8676
      vertex 7.51134 0.61 11.8961
    endloop
  endfacet
  facet normal 0 -1 0
    outer loop
      vertex 7.86021 0.61 11.0867
      vertex 7.47603 0.61 11.6575
      vertex 7.37012 0.61 11.4736
    endloop
  endfacet
  facet normal 0 -1 0
    outer loop
      vertex 7.47603 0.61 11.6575
      vertex 8.11122 0.61 11.4434
      vertex 8.19489 0.61 11.8676
    endloop
  endfacet
  facet normal 0 -1 0
    outer loop
      vertex 7.86021 0.61 11.0867
      vertex 7.37012 0.61 11.4736
      vertex 7.21259 0.61 11.3561
    endloop
  endfacet
  facet normal 0 -1 0
    outer loop
      vertex 7.86021 0.61 11.0867
      vertex 7.21259 0.61 11.3561
      vertex 7.02243 0.61 11.317
    endloop
  endfacet
  facet normal 0 -1 0
    outer loop
      vertex 7.47603 0.61 11.6575
      vertex 7.86021 0.61 11.0867
      vertex 8.11122 0.61 11.4434
    endloop
  endfacet
  facet normal 0 -1 0
    outer loop
      vertex 10.8788 0.61 13.7447
      vertex 10.9933 0.61 14.317
      vertex 10.5436 0.61 14.228
    endloop
  endfacet
  facet normal 0 -1 0
    outer loop
      vertex 10.7773 0.61 13.6868
      vertex 10.5436 0.61 14.228
      vertex 10.2054 0.61 13.961
    endloop
  endfacet
  facet normal 0 -1 -0
    outer loop
      vertex 10.9933 0.61 14.317
      vertex 10.8788 0.61 13.7447
      vertex 10.9933 0.61 13.764
    endloop
  endfacet
  facet normal 0 -1 0
    outer loop
      vertex 10.9933 0.61 14.317
      vertex 11.1075 0.61 13.7447
      vertex 11.4437 0.61 14.2268
    endloop
  endfacet
  facet normal 0 -1 0
    outer loop
      vertex 11.1075 0.61 13.7447
      vertex 10.9933 0.61 14.317
      vertex 10.9933 0.61 13.764
    endloop
  endfacet
  facet normal 0 -1 0
    outer loop
      vertex 10.5436 0.61 14.228
      vertex 10.7773 0.61 13.6868
      vertex 10.8788 0.61 13.7447
    endloop
  endfacet
  facet normal 0 -1 0
    outer loop
      vertex 10.2054 0.61 13.961
      vertex 10.6931 0.61 13.5791
      vertex 10.7773 0.61 13.6868
    endloop
  endfacet
  facet normal 0 -1 0
    outer loop
      vertex 10.2054 0.61 13.961
      vertex 10.6302 0.61 13.4103
      vertex 10.6931 0.61 13.5791
    endloop
  endfacet
  facet normal 0 -1 0
    outer loop
      vertex 9.94902 0.61 13.3913
      vertex 10.6302 0.61 13.4103
      vertex 10.2054 0.61 13.961
    endloop
  endfacet
  facet normal 0 -1 0
    outer loop
      vertex 9.94902 0.61 13.3913
      vertex 10.5786 0.61 13.0632
      vertex 10.6302 0.61 13.4103
    endloop
  endfacet
  facet normal 0 -1 0
    outer loop
      vertex 9.86357 0.61 12.5464
      vertex 10.5786 0.61 13.0632
      vertex 9.94902 0.61 13.3913
    endloop
  endfacet
  facet normal 0 -1 0
    outer loop
      vertex 9.86357 0.61 12.5464
      vertex 10.5614 0.61 12.5393
      vertex 10.5786 0.61 13.0632
    endloop
  endfacet
  facet normal 0 -1 0
    outer loop
      vertex 9.86357 0.61 12.5464
      vertex 10.5768 0.61 12.0228
      vertex 10.5614 0.61 12.5393
    endloop
  endfacet
  facet normal 0 -1 0
    outer loop
      vertex 9.9413 0.61 11.6976
      vertex 10.5768 0.61 12.0228
      vertex 9.86357 0.61 12.5464
    endloop
  endfacet
  facet normal 0 -1 -0
    outer loop
      vertex 10.5768 0.61 12.0228
      vertex 9.9413 0.61 11.6976
      vertex 10.6231 0.61 11.6979
    endloop
  endfacet
  facet normal 0 -1 0
    outer loop
      vertex 10.1745 0.61 11.1544
      vertex 10.6231 0.61 11.6979
      vertex 9.9413 0.61 11.6976
    endloop
  endfacet
  facet normal 0 -1 -0
    outer loop
      vertex 10.6231 0.61 11.6979
      vertex 10.1745 0.61 11.1544
      vertex 10.6928 0.61 11.5071
    endloop
  endfacet
  facet normal 0 -1 -0
    outer loop
      vertex 10.6928 0.61 11.5071
      vertex 10.1745 0.61 11.1544
      vertex 10.7785 0.61 11.3929
    endloop
  endfacet
  facet normal 0 -1 -0
    outer loop
      vertex 10.7785 0.61 11.3929
      vertex 10.5347 0.61 10.8616
      vertex 10.8791 0.61 11.336
    endloop
  endfacet
  facet normal 0 -1 0
    outer loop
      vertex 10.5347 0.61 10.8616
      vertex 10.7785 0.61 11.3929
      vertex 10.1745 0.61 11.1544
    endloop
  endfacet
  facet normal 0 -1 0
    outer loop
      vertex 11.2081 0.61 13.6868
      vertex 11.4437 0.61 14.2268
      vertex 11.1075 0.61 13.7447
    endloop
  endfacet
  facet normal 0 -1 -0
    outer loop
      vertex 11.4437 0.61 14.2268
      vertex 11.2081 0.61 13.6868
      vertex 11.7837 0.61 13.9562
    endloop
  endfacet
  facet normal 0 -1 0
    outer loop
      vertex 11.2939 0.61 13.5717
      vertex 11.7837 0.61 13.9562
      vertex 11.2081 0.61 13.6868
    endloop
  endfacet
  facet normal 0 -1 0
    outer loop
      vertex 11.3636 0.61 13.3807
      vertex 11.7837 0.61 13.9562
      vertex 11.2939 0.61 13.5717
    endloop
  endfacet
  facet normal 0 -1 -0
    outer loop
      vertex 11.7837 0.61 13.9562
      vertex 11.3636 0.61 13.3807
      vertex 12.0382 0.61 13.3884
    endloop
  endfacet
  facet normal 0 -1 0
    outer loop
      vertex 11.4099 0.61 13.0558
      vertex 12.0382 0.61 13.3884
      vertex 11.3636 0.61 13.3807
    endloop
  endfacet
  facet normal 0 -1 0
    outer loop
      vertex 12.1231 0.61 12.5393
      vertex 11.4099 0.61 13.0558
      vertex 11.4253 0.61 12.5393
    endloop
  endfacet
  facet normal 0 -1 0
    outer loop
      vertex 11.4099 0.61 13.0558
      vertex 12.1231 0.61 12.5393
      vertex 12.0382 0.61 13.3884
    endloop
  endfacet
  facet normal 0 -1 0
    outer loop
      vertex 11.4081 0.61 12.0159
      vertex 12.1231 0.61 12.5393
      vertex 11.4253 0.61 12.5393
    endloop
  endfacet
  facet normal 0 -1 0
    outer loop
      vertex 11.4081 0.61 12.0159
      vertex 12.0376 0.61 11.6908
      vertex 12.1231 0.61 12.5393
    endloop
  endfacet
  facet normal 0 -1 0
    outer loop
      vertex 11.3565 0.61 11.6706
      vertex 12.0376 0.61 11.6908
      vertex 11.4081 0.61 12.0159
    endloop
  endfacet
  facet normal 0 -1 0
    outer loop
      vertex 11.7813 0.61 11.12
      vertex 11.3565 0.61 11.6706
      vertex 11.2936 0.61 11.5018
    endloop
  endfacet
  facet normal 0 -1 0
    outer loop
      vertex 11.7813 0.61 11.12
      vertex 11.2936 0.61 11.5018
      vertex 11.2093 0.61 11.3941
    endloop
  endfacet
  facet normal 0 -1 0
    outer loop
      vertex 11.4431 0.61 10.853
      vertex 11.2093 0.61 11.3941
      vertex 11.1078 0.61 11.3362
    endloop
  endfacet
  facet normal 0 -1 0
    outer loop
      vertex 10.9933 0.61 10.764
      vertex 10.8791 0.61 11.336
      vertex 10.5347 0.61 10.8616
    endloop
  endfacet
  facet normal 0 -1 0
    outer loop
      vertex 11.3565 0.61 11.6706
      vertex 11.7813 0.61 11.12
      vertex 12.0376 0.61 11.6908
    endloop
  endfacet
  facet normal 0 -1 0
    outer loop
      vertex 10.8791 0.61 11.336
      vertex 10.9933 0.61 10.764
      vertex 10.9933 0.61 11.317
    endloop
  endfacet
  facet normal 0 -1 0
    outer loop
      vertex 10.9933 0.61 11.317
      vertex 10.9933 0.61 10.764
      vertex 11.1078 0.61 11.3362
    endloop
  endfacet
  facet normal -0 -1 0
    outer loop
      vertex 11.4431 0.61 10.853
      vertex 11.1078 0.61 11.3362
      vertex 10.9933 0.61 10.764
    endloop
  endfacet
  facet normal 0 -1 0
    outer loop
      vertex 11.2093 0.61 11.3941
      vertex 11.4431 0.61 10.853
      vertex 11.7813 0.61 11.12
    endloop
  endfacet
  facet normal 0 -1 0
    outer loop
      vertex 8.68942 0.61 10.8233
      vertex 9.35637 0.61 11.4902
      vertex 8.68942 0.61 11.4902
    endloop
  endfacet
  facet normal 0 -1 -0
    outer loop
      vertex 9.35637 0.61 11.4902
      vertex 8.68942 0.61 10.8233
      vertex 9.35637 0.61 10.8233
    endloop
  endfacet
  facet normal -0.541637 0 0.840612
    outer loop
      vertex 7.48463 0.61 10.8447
      vertex 7.86021 0 11.0867
      vertex 7.86021 0.61 11.0867
    endloop
  endfacet
  facet normal -0.541637 0 0.840612
    outer loop
      vertex 7.86021 0 11.0867
      vertex 7.48463 0.61 10.8447
      vertex 7.48463 0 10.8447
    endloop
  endfacet
  facet normal -0.817808 0 0.575492
    outer loop
      vertex 7.86021 0 11.0867
      vertex 8.11122 0.61 11.4434
      vertex 7.86021 0.61 11.0867
    endloop
  endfacet
  facet normal -0.817808 0 0.575492
    outer loop
      vertex 8.11122 0.61 11.4434
      vertex 7.86021 0 11.0867
      vertex 8.11122 0 11.4434
    endloop
  endfacet
  facet normal -0.981098 0 0.193514
    outer loop
      vertex 8.11122 0 11.4434
      vertex 8.19489 0.61 11.8676
      vertex 8.11122 0.61 11.4434
    endloop
  endfacet
  facet normal -0.981098 0 0.193514
    outer loop
      vertex 8.19489 0.61 11.8676
      vertex 8.11122 0 11.4434
      vertex 8.19489 0 11.8676
    endloop
  endfacet
  facet normal -0.988473 0 -0.151397
    outer loop
      vertex 8.19489 0 11.8676
      vertex 8.15009 0.61 12.1601
      vertex 8.19489 0.61 11.8676
    endloop
  endfacet
  facet normal -0.988473 -0 -0.151397
    outer loop
      vertex 8.15009 0.61 12.1601
      vertex 8.19489 0 11.8676
      vertex 8.15009 0 12.1601
    endloop
  endfacet
  facet normal -0.877814 0 -0.479002
    outer loop
      vertex 8.15009 0 12.1601
      vertex 8.01569 0.61 12.4064
      vertex 8.15009 0.61 12.1601
    endloop
  endfacet
  facet normal -0.877814 -0 -0.479002
    outer loop
      vertex 8.01569 0.61 12.4064
      vertex 8.15009 0 12.1601
      vertex 8.01569 0 12.4064
    endloop
  endfacet
  facet normal -0.659085 0 -0.752069
    outer loop
      vertex 7.80653 0 12.5897
      vertex 8.01569 0.61 12.4064
      vertex 8.01569 0 12.4064
    endloop
  endfacet
  facet normal -0.659085 0 -0.752069
    outer loop
      vertex 8.01569 0.61 12.4064
      vertex 7.80653 0 12.5897
      vertex 7.80653 0.61 12.5897
    endloop
  endfacet
  facet normal -0.359908 0 -0.932988
    outer loop
      vertex 7.53745 0 12.6935
      vertex 7.80653 0.61 12.5897
      vertex 7.80653 0 12.5897
    endloop
  endfacet
  facet normal -0.359908 0 -0.932988
    outer loop
      vertex 7.80653 0.61 12.5897
      vertex 7.53745 0 12.6935
      vertex 7.53745 0.61 12.6935
    endloop
  endfacet
  facet normal -0.647706 0 0.761891
    outer loop
      vertex 7.53745 0.61 12.6935
      vertex 7.91304 0 13.0128
      vertex 7.91304 0.61 13.0128
    endloop
  endfacet
  facet normal -0.647706 0 0.761891
    outer loop
      vertex 7.91304 0 13.0128
      vertex 7.53745 0.61 12.6935
      vertex 7.53745 0 12.6935
    endloop
  endfacet
  facet normal -0.956771 0 0.290842
    outer loop
      vertex 7.91304 0 13.0128
      vertex 8.03822 0.61 13.4246
      vertex 7.91304 0.61 13.0128
    endloop
  endfacet
  facet normal -0.956771 0 0.290842
    outer loop
      vertex 8.03822 0.61 13.4246
      vertex 7.91304 0 13.0128
      vertex 8.03822 0 13.4246
    endloop
  endfacet
  facet normal -0.980648 0 -0.195777
    outer loop
      vertex 8.03822 0 13.4246
      vertex 7.97711 0.61 13.7307
      vertex 8.03822 0.61 13.4246
    endloop
  endfacet
  facet normal -0.980648 -0 -0.195777
    outer loop
      vertex 7.97711 0.61 13.7307
      vertex 8.03822 0 13.4246
      vertex 7.97711 0 13.7307
    endloop
  endfacet
  facet normal -0.830193 0 -0.557476
    outer loop
      vertex 7.97711 0 13.7307
      vertex 7.79379 0.61 14.0037
      vertex 7.97711 0.61 13.7307
    endloop
  endfacet
  facet normal -0.830193 -0 -0.557476
    outer loop
      vertex 7.79379 0.61 14.0037
      vertex 7.97711 0 13.7307
      vertex 7.79379 0 14.0037
    endloop
  endfacet
  facet normal -0.562412 0 -0.826857
    outer loop
      vertex 7.44844 0 14.2386
      vertex 7.79379 0.61 14.0037
      vertex 7.79379 0 14.0037
    endloop
  endfacet
  facet normal -0.562412 0 -0.826857
    outer loop
      vertex 7.79379 0.61 14.0037
      vertex 7.44844 0 14.2386
      vertex 7.44844 0.61 14.2386
    endloop
  endfacet
  facet normal -0.174405 0 -0.984674
    outer loop
      vertex 7.0058 0 14.317
      vertex 7.44844 0.61 14.2386
      vertex 7.44844 0 14.2386
    endloop
  endfacet
  facet normal -0.174405 0 -0.984674
    outer loop
      vertex 7.44844 0.61 14.2386
      vertex 7.0058 0 14.317
      vertex 7.0058 0.61 14.317
    endloop
  endfacet
  facet normal 0.0983353 0 -0.995153
    outer loop
      vertex 6.73256 0 14.29
      vertex 7.0058 0.61 14.317
      vertex 7.0058 0 14.317
    endloop
  endfacet
  facet normal 0.0983353 0 -0.995153
    outer loop
      vertex 7.0058 0.61 14.317
      vertex 6.73256 0 14.29
      vertex 6.73256 0.61 14.29
    endloop
  endfacet
  facet normal 0.313486 0 -0.949593
    outer loop
      vertex 6.4872 0 14.209
      vertex 6.73256 0.61 14.29
      vertex 6.73256 0 14.29
    endloop
  endfacet
  facet normal 0.313486 0 -0.949593
    outer loop
      vertex 6.73256 0.61 14.29
      vertex 6.4872 0 14.209
      vertex 6.4872 0.61 14.209
    endloop
  endfacet
  facet normal 0.528553 0 -0.8489
    outer loop
      vertex 6.2813 0 14.0808
      vertex 6.4872 0.61 14.209
      vertex 6.4872 0 14.209
    endloop
  endfacet
  facet normal 0.528553 0 -0.8489
    outer loop
      vertex 6.4872 0.61 14.209
      vertex 6.2813 0 14.0808
      vertex 6.2813 0.61 14.0808
    endloop
  endfacet
  facet normal 0.736236 0 -0.676725
    outer loop
      vertex 6.2813 0 14.0808
      vertex 6.12642 0.61 13.9123
      vertex 6.2813 0.61 14.0808
    endloop
  endfacet
  facet normal 0.736236 0 -0.676725
    outer loop
      vertex 6.12642 0.61 13.9123
      vertex 6.2813 0 14.0808
      vertex 6.12642 0 13.9123
    endloop
  endfacet
  facet normal 0.889843 0 -0.456267
    outer loop
      vertex 6.12642 0 13.9123
      vertex 6.01341 0.61 13.6919
      vertex 6.12642 0.61 13.9123
    endloop
  endfacet
  facet normal 0.889843 0 -0.456267
    outer loop
      vertex 6.01341 0.61 13.6919
      vertex 6.12642 0 13.9123
      vertex 6.01341 0 13.6919
    endloop
  endfacet
  facet normal 0.962161 0 -0.272482
    outer loop
      vertex 6.01341 0 13.6919
      vertex 5.93301 0.61 13.408
      vertex 6.01341 0.61 13.6919
    endloop
  endfacet
  facet normal 0.962161 0 -0.272482
    outer loop
      vertex 5.93301 0.61 13.408
      vertex 6.01341 0 13.6919
      vertex 5.93301 0 13.408
    endloop
  endfacet
  facet normal 0.167597 0 0.985856
    outer loop
      vertex 5.93301 0.61 13.408
      vertex 6.54771 0 13.3035
      vertex 6.54771 0.61 13.3035
    endloop
  endfacet
  facet normal 0.167597 0 0.985856
    outer loop
      vertex 6.54771 0 13.3035
      vertex 5.93301 0.61 13.408
      vertex 5.93301 0 13.408
    endloop
  endfacet
  facet normal -0.970483 0 0.241169
    outer loop
      vertex 6.54771 0 13.3035
      vertex 6.59756 0.61 13.5041
      vertex 6.54771 0.61 13.3035
    endloop
  endfacet
  facet normal -0.970483 0 0.241169
    outer loop
      vertex 6.59756 0.61 13.5041
      vertex 6.54771 0 13.3035
      vertex 6.59756 0 13.5041
    endloop
  endfacet
  facet normal -0.831989 0 0.554792
    outer loop
      vertex 6.59756 0 13.5041
      vertex 6.69485 0.61 13.65
      vertex 6.59756 0.61 13.5041
    endloop
  endfacet
  facet normal -0.831989 0 0.554792
    outer loop
      vertex 6.69485 0.61 13.65
      vertex 6.59756 0 13.5041
      vertex 6.69485 0 13.65
    endloop
  endfacet
  facet normal -0.554643 0 0.832089
    outer loop
      vertex 6.69485 0.61 13.65
      vertex 6.82837 0 13.739
      vertex 6.82837 0.61 13.739
    endloop
  endfacet
  facet normal -0.554643 0 0.832089
    outer loop
      vertex 6.82837 0 13.739
      vertex 6.69485 0.61 13.65
      vertex 6.69485 0 13.65
    endloop
  endfacet
  facet normal -0.184266 0 0.982876
    outer loop
      vertex 6.82837 0.61 13.739
      vertex 6.98679 0 13.7687
      vertex 6.98679 0.61 13.7687
    endloop
  endfacet
  facet normal -0.184266 0 0.982876
    outer loop
      vertex 6.98679 0 13.7687
      vertex 6.82837 0.61 13.739
      vertex 6.82837 0 13.739
    endloop
  endfacet
  facet normal 0.164952 0 0.986302
    outer loop
      vertex 6.98679 0.61 13.7687
      vertex 7.14285 0 13.7426
      vertex 7.14285 0.61 13.7426
    endloop
  endfacet
  facet normal 0.164952 0 0.986302
    outer loop
      vertex 7.14285 0 13.7426
      vertex 6.98679 0.61 13.7687
      vertex 6.98679 0 13.7687
    endloop
  endfacet
  facet normal 0.541292 0 0.840835
    outer loop
      vertex 7.14285 0.61 13.7426
      vertex 7.26448 0 13.6643
      vertex 7.26448 0.61 13.6643
    endloop
  endfacet
  facet normal 0.541292 0 0.840835
    outer loop
      vertex 7.26448 0 13.6643
      vertex 7.14285 0.61 13.7426
      vertex 7.14285 0 13.7426
    endloop
  endfacet
  facet normal 0.841858 -0 0.539699
    outer loop
      vertex 7.26448 0 13.6643
      vertex 7.34282 0.61 13.5421
      vertex 7.26448 0.61 13.6643
    endloop
  endfacet
  facet normal 0.841858 0 0.539699
    outer loop
      vertex 7.34282 0.61 13.5421
      vertex 7.26448 0 13.6643
      vertex 7.34282 0 13.5421
    endloop
  endfacet
  facet normal 0.986603 -0 0.163142
    outer loop
      vertex 7.34282 0 13.5421
      vertex 7.36893 0.61 13.3842
      vertex 7.34282 0.61 13.5421
    endloop
  endfacet
  facet normal 0.986603 0 0.163142
    outer loop
      vertex 7.36893 0.61 13.3842
      vertex 7.34282 0 13.5421
      vertex 7.36893 0 13.3842
    endloop
  endfacet
  facet normal 0.982152 0 -0.188087
    outer loop
      vertex 7.36893 0 13.3842
      vertex 7.33331 0.61 13.1982
      vertex 7.36893 0.61 13.3842
    endloop
  endfacet
  facet normal 0.982152 0 -0.188087
    outer loop
      vertex 7.33331 0.61 13.1982
      vertex 7.36893 0 13.3842
      vertex 7.33331 0 13.1982
    endloop
  endfacet
  facet normal 0.805336 0 -0.592818
    outer loop
      vertex 7.33331 0 13.1982
      vertex 7.2265 0.61 13.0531
      vertex 7.33331 0.61 13.1982
    endloop
  endfacet
  facet normal 0.805336 0 -0.592818
    outer loop
      vertex 7.2265 0.61 13.0531
      vertex 7.33331 0 13.1982
      vertex 7.2265 0 13.0531
    endloop
  endfacet
  facet normal 0.464951 0 -0.885336
    outer loop
      vertex 7.05208 0 12.9615
      vertex 7.2265 0.61 13.0531
      vertex 7.2265 0 13.0531
    endloop
  endfacet
  facet normal 0.464951 0 -0.885336
    outer loop
      vertex 7.2265 0.61 13.0531
      vertex 7.05208 0 12.9615
      vertex 7.05208 0.61 12.9615
    endloop
  endfacet
  facet normal 0.107943 0 -0.994157
    outer loop
      vertex 6.81354 0 12.9356
      vertex 7.05208 0.61 12.9615
      vertex 7.05208 0 12.9615
    endloop
  endfacet
  facet normal 0.107943 0 -0.994157
    outer loop
      vertex 7.05208 0.61 12.9615
      vertex 6.81354 0 12.9356
      vertex 6.81354 0.61 12.9356
    endloop
  endfacet
  facet normal 0.990962 0 -0.13414
    outer loop
      vertex 6.81354 0 12.9356
      vertex 6.73997 0.61 12.3921
      vertex 6.81354 0.61 12.9356
    endloop
  endfacet
  facet normal 0.990962 0 -0.13414
    outer loop
      vertex 6.73997 0.61 12.3921
      vertex 6.81354 0 12.9356
      vertex 6.73997 0 12.3921
    endloop
  endfacet
  facet normal -0.22036 0 0.975419
    outer loop
      vertex 6.73997 0.61 12.3921
      vertex 6.90552 0 12.4295
      vertex 6.90552 0.61 12.4295
    endloop
  endfacet
  facet normal -0.22036 0 0.975419
    outer loop
      vertex 6.90552 0 12.4295
      vertex 6.73997 0.61 12.3921
      vertex 6.73997 0 12.3921
    endloop
  endfacet
  facet normal -0.0885304 0 0.996073
    outer loop
      vertex 6.90552 0.61 12.4295
      vertex 7.04616 0 12.442
      vertex 7.04616 0.61 12.442
    endloop
  endfacet
  facet normal -0.0885304 0 0.996073
    outer loop
      vertex 7.04616 0 12.442
      vertex 6.90552 0.61 12.4295
      vertex 6.90552 0 12.4295
    endloop
  endfacet
  facet normal 0.200558 0 0.979682
    outer loop
      vertex 7.04616 0.61 12.442
      vertex 7.22592 0 12.4052
      vertex 7.22592 0.61 12.4052
    endloop
  endfacet
  facet normal 0.200558 0 0.979682
    outer loop
      vertex 7.22592 0 12.4052
      vertex 7.04616 0.61 12.442
      vertex 7.04616 0 12.442
    endloop
  endfacet
  facet normal 0.592503 0 0.805568
    outer loop
      vertex 7.22592 0.61 12.4052
      vertex 7.37602 0 12.2948
      vertex 7.37602 0.61 12.2948
    endloop
  endfacet
  facet normal 0.592503 0 0.805568
    outer loop
      vertex 7.37602 0 12.2948
      vertex 7.22592 0.61 12.4052
      vertex 7.22592 0 12.4052
    endloop
  endfacet
  facet normal 0.862914 -0 0.50535
    outer loop
      vertex 7.37602 0 12.2948
      vertex 7.47751 0.61 12.1215
      vertex 7.37602 0.61 12.2948
    endloop
  endfacet
  facet normal 0.862914 0 0.50535
    outer loop
      vertex 7.47751 0.61 12.1215
      vertex 7.37602 0 12.2948
      vertex 7.47751 0 12.1215
    endloop
  endfacet
  facet normal 0.988923 -0 0.148426
    outer loop
      vertex 7.47751 0 12.1215
      vertex 7.51134 0.61 11.8961
      vertex 7.47751 0.61 12.1215
    endloop
  endfacet
  facet normal 0.988923 0 0.148426
    outer loop
      vertex 7.51134 0.61 11.8961
      vertex 7.47751 0 12.1215
      vertex 7.51134 0 11.8961
    endloop
  endfacet
  facet normal 0.989226 0 -0.146394
    outer loop
      vertex 7.51134 0 11.8961
      vertex 7.47603 0.61 11.6575
      vertex 7.51134 0.61 11.8961
    endloop
  endfacet
  facet normal 0.989226 0 -0.146394
    outer loop
      vertex 7.47603 0.61 11.6575
      vertex 7.51134 0 11.8961
      vertex 7.47603 0 11.6575
    endloop
  endfacet
  facet normal 0.866565 0 -0.499064
    outer loop
      vertex 7.47603 0 11.6575
      vertex 7.37012 0.61 11.4736
      vertex 7.47603 0.61 11.6575
    endloop
  endfacet
  facet normal 0.866565 0 -0.499064
    outer loop
      vertex 7.37012 0.61 11.4736
      vertex 7.47603 0 11.6575
      vertex 7.37012 0 11.4736
    endloop
  endfacet
  facet normal 0.597889 0 -0.801579
    outer loop
      vertex 7.21259 0 11.3561
      vertex 7.37012 0.61 11.4736
      vertex 7.37012 0 11.4736
    endloop
  endfacet
  facet normal 0.597889 0 -0.801579
    outer loop
      vertex 7.37012 0.61 11.4736
      vertex 7.21259 0 11.3561
      vertex 7.21259 0.61 11.3561
    endloop
  endfacet
  facet normal 0.201403 0 -0.979508
    outer loop
      vertex 7.02243 0 11.317
      vertex 7.21259 0.61 11.3561
      vertex 7.21259 0 11.3561
    endloop
  endfacet
  facet normal 0.201403 0 -0.979508
    outer loop
      vertex 7.21259 0.61 11.3561
      vertex 7.02243 0 11.317
      vertex 7.02243 0.61 11.317
    endloop
  endfacet
  facet normal -0.18013 0 -0.983643
    outer loop
      vertex 6.84441 0 11.3496
      vertex 7.02243 0.61 11.317
      vertex 7.02243 0 11.317
    endloop
  endfacet
  facet normal -0.18013 0 -0.983643
    outer loop
      vertex 7.02243 0.61 11.317
      vertex 6.84441 0 11.3496
      vertex 6.84441 0.61 11.3496
    endloop
  endfacet
  facet normal -0.547683 0 -0.836686
    outer loop
      vertex 6.69485 0 11.4475
      vertex 6.84441 0.61 11.3496
      vertex 6.84441 0 11.3496
    endloop
  endfacet
  facet normal -0.547683 0 -0.836686
    outer loop
      vertex 6.84441 0.61 11.3496
      vertex 6.69485 0 11.4475
      vertex 6.69485 0.61 11.4475
    endloop
  endfacet
  facet normal -0.825404 0 -0.564543
    outer loop
      vertex 6.69485 0 11.4475
      vertex 6.58569 0.61 11.6071
      vertex 6.69485 0.61 11.4475
    endloop
  endfacet
  facet normal -0.825404 -0 -0.564543
    outer loop
      vertex 6.58569 0.61 11.6071
      vertex 6.69485 0 11.4475
      vertex 6.58569 0 11.6071
    endloop
  endfacet
  facet normal -0.967484 0 -0.252932
    outer loop
      vertex 6.58569 0 11.6071
      vertex 6.52875 0.61 11.8249
      vertex 6.58569 0.61 11.6071
    endloop
  endfacet
  facet normal -0.967484 -0 -0.252932
    outer loop
      vertex 6.52875 0.61 11.8249
      vertex 6.58569 0 11.6071
      vertex 6.52875 0 11.8249
    endloop
  endfacet
  facet normal 0.120406 0 -0.992725
    outer loop
      vertex 5.88318 0 11.7466
      vertex 6.52875 0.61 11.8249
      vertex 6.52875 0 11.8249
    endloop
  endfacet
  facet normal 0.120406 0 -0.992725
    outer loop
      vertex 6.52875 0.61 11.8249
      vertex 5.88318 0 11.7466
      vertex 5.88318 0.61 11.7466
    endloop
  endfacet
  facet normal 0.960505 -0 0.278264
    outer loop
      vertex 5.88318 0 11.7466
      vertex 5.99828 0.61 11.3493
      vertex 5.88318 0.61 11.7466
    endloop
  endfacet
  facet normal 0.960505 0 0.278264
    outer loop
      vertex 5.99828 0.61 11.3493
      vertex 5.88318 0 11.7466
      vertex 5.99828 0 11.3493
    endloop
  endfacet
  facet normal 0.787256 -0 0.616626
    outer loop
      vertex 5.99828 0 11.3493
      vertex 6.24391 0.61 11.0357
      vertex 5.99828 0.61 11.3493
    endloop
  endfacet
  facet normal 0.787256 0 0.616626
    outer loop
      vertex 6.24391 0.61 11.0357
      vertex 5.99828 0 11.3493
      vertex 6.24391 0 11.0357
    endloop
  endfacet
  facet normal 0.501814 0 0.864976
    outer loop
      vertex 6.24391 0.61 11.0357
      vertex 6.5952 0 10.8319
      vertex 6.5952 0.61 10.8319
    endloop
  endfacet
  facet normal 0.501814 0 0.864976
    outer loop
      vertex 6.5952 0 10.8319
      vertex 6.24391 0.61 11.0357
      vertex 6.24391 0 11.0357
    endloop
  endfacet
  facet normal 0.155287 0 0.987869
    outer loop
      vertex 6.5952 0.61 10.8319
      vertex 7.02715 0 10.764
      vertex 7.02715 0.61 10.764
    endloop
  endfacet
  facet normal 0.155287 0 0.987869
    outer loop
      vertex 7.02715 0 10.764
      vertex 6.5952 0.61 10.8319
      vertex 6.5952 0 10.8319
    endloop
  endfacet
  facet normal -0.173719 0 0.984795
    outer loop
      vertex 7.02715 0.61 10.764
      vertex 7.48463 0 10.8447
      vertex 7.48463 0.61 10.8447
    endloop
  endfacet
  facet normal -0.173719 0 0.984795
    outer loop
      vertex 7.48463 0 10.8447
      vertex 7.02715 0.61 10.764
      vertex 7.02715 0 10.764
    endloop
  endfacet
  facet normal -0.619644 0 0.784883
    outer loop
      vertex 11.4431 0.61 10.853
      vertex 11.7813 0 11.12
      vertex 11.7813 0.61 11.12
    endloop
  endfacet
  facet normal -0.619644 0 0.784883
    outer loop
      vertex 11.7813 0 11.12
      vertex 11.4431 0.61 10.853
      vertex 11.4431 0 10.853
    endloop
  endfacet
  facet normal -0.912256 0 0.40962
    outer loop
      vertex 11.7813 0 11.12
      vertex 12.0376 0.61 11.6908
      vertex 11.7813 0.61 11.12
    endloop
  endfacet
  facet normal -0.912256 0 0.40962
    outer loop
      vertex 12.0376 0.61 11.6908
      vertex 11.7813 0 11.12
      vertex 12.0376 0 11.6908
    endloop
  endfacet
  facet normal -0.994961 0 0.100258
    outer loop
      vertex 12.0376 0 11.6908
      vertex 12.1231 0.61 12.5393
      vertex 12.0376 0.61 11.6908
    endloop
  endfacet
  facet normal -0.994961 0 0.100258
    outer loop
      vertex 12.1231 0.61 12.5393
      vertex 12.0376 0 11.6908
      vertex 12.1231 0 12.5393
    endloop
  endfacet
  facet normal -0.995038 0 -0.0994921
    outer loop
      vertex 12.1231 0 12.5393
      vertex 12.0382 0.61 13.3884
      vertex 12.1231 0.61 12.5393
    endloop
  endfacet
  facet normal -0.995038 -0 -0.0994921
    outer loop
      vertex 12.0382 0.61 13.3884
      vertex 12.1231 0 12.5393
      vertex 12.0382 0 13.3884
    endloop
  endfacet
  facet normal -0.912528 0 -0.409014
    outer loop
      vertex 12.0382 0 13.3884
      vertex 11.7837 0.61 13.9562
      vertex 12.0382 0.61 13.3884
    endloop
  endfacet
  facet normal -0.912528 -0 -0.409014
    outer loop
      vertex 11.7837 0.61 13.9562
      vertex 12.0382 0 13.3884
      vertex 11.7837 0 13.9562
    endloop
  endfacet
  facet normal -0.622729 0 -0.782438
    outer loop
      vertex 11.4437 0 14.2268
      vertex 11.7837 0.61 13.9562
      vertex 11.7837 0 13.9562
    endloop
  endfacet
  facet normal -0.622729 0 -0.782438
    outer loop
      vertex 11.7837 0.61 13.9562
      vertex 11.4437 0 14.2268
      vertex 11.4437 0.61 14.2268
    endloop
  endfacet
  facet normal -0.196367 0 -0.98053
    outer loop
      vertex 10.9933 0 14.317
      vertex 11.4437 0.61 14.2268
      vertex 11.4437 0 14.2268
    endloop
  endfacet
  facet normal -0.196367 0 -0.98053
    outer loop
      vertex 11.4437 0.61 14.2268
      vertex 10.9933 0 14.317
      vertex 10.9933 0.61 14.317
    endloop
  endfacet
  facet normal 0.194144 0 -0.980973
    outer loop
      vertex 10.5436 0 14.228
      vertex 10.9933 0.61 14.317
      vertex 10.9933 0 14.317
    endloop
  endfacet
  facet normal 0.194144 0 -0.980973
    outer loop
      vertex 10.9933 0.61 14.317
      vertex 10.5436 0 14.228
      vertex 10.5436 0.61 14.228
    endloop
  endfacet
  facet normal 0.619644 0 -0.784883
    outer loop
      vertex 10.2054 0 13.961
      vertex 10.5436 0.61 14.228
      vertex 10.5436 0 14.228
    endloop
  endfacet
  facet normal 0.619644 0 -0.784883
    outer loop
      vertex 10.5436 0.61 14.228
      vertex 10.2054 0 13.961
      vertex 10.2054 0.61 13.961
    endloop
  endfacet
  facet normal 0.911913 0 -0.410385
    outer loop
      vertex 10.2054 0 13.961
      vertex 9.94902 0.61 13.3913
      vertex 10.2054 0.61 13.961
    endloop
  endfacet
  facet normal 0.911913 0 -0.410385
    outer loop
      vertex 9.94902 0.61 13.3913
      vertex 10.2054 0 13.961
      vertex 9.94902 0 13.3913
    endloop
  endfacet
  facet normal 0.994925 0 -0.100623
    outer loop
      vertex 9.94902 0 13.3913
      vertex 9.86357 0.61 12.5464
      vertex 9.94902 0.61 13.3913
    endloop
  endfacet
  facet normal 0.994925 0 -0.100623
    outer loop
      vertex 9.86357 0.61 12.5464
      vertex 9.94902 0 13.3913
      vertex 9.86357 0 12.5464
    endloop
  endfacet
  facet normal 0.995833 -0 0.0911948
    outer loop
      vertex 9.86357 0 12.5464
      vertex 9.9413 0.61 11.6976
      vertex 9.86357 0.61 12.5464
    endloop
  endfacet
  facet normal 0.995833 0 0.0911948
    outer loop
      vertex 9.9413 0.61 11.6976
      vertex 9.86357 0 12.5464
      vertex 9.9413 0 11.6976
    endloop
  endfacet
  facet normal 0.9189 -0 0.394491
    outer loop
      vertex 9.9413 0 11.6976
      vertex 10.1745 0.61 11.1544
      vertex 9.9413 0.61 11.6976
    endloop
  endfacet
  facet normal 0.9189 0 0.394491
    outer loop
      vertex 10.1745 0.61 11.1544
      vertex 9.9413 0 11.6976
      vertex 10.1745 0 11.1544
    endloop
  endfacet
  facet normal 0.630771 0 0.775969
    outer loop
      vertex 10.1745 0.61 11.1544
      vertex 10.5347 0 10.8616
      vertex 10.5347 0.61 10.8616
    endloop
  endfacet
  facet normal 0.630771 0 0.775969
    outer loop
      vertex 10.5347 0 10.8616
      vertex 10.1745 0.61 11.1544
      vertex 10.1745 0 11.1544
    endloop
  endfacet
  facet normal 0.20816 0 0.978095
    outer loop
      vertex 10.5347 0.61 10.8616
      vertex 10.9933 0 10.764
      vertex 10.9933 0.61 10.764
    endloop
  endfacet
  facet normal 0.20816 0 0.978095
    outer loop
      vertex 10.9933 0 10.764
      vertex 10.5347 0.61 10.8616
      vertex 10.5347 0 10.8616
    endloop
  endfacet
  facet normal -0.194103 0 0.980981
    outer loop
      vertex 10.9933 0.61 10.764
      vertex 11.4431 0 10.853
      vertex 11.4431 0.61 10.853
    endloop
  endfacet
  facet normal -0.194103 0 0.980981
    outer loop
      vertex 11.4431 0 10.853
      vertex 10.9933 0.61 10.764
      vertex 10.9933 0 10.764
    endloop
  endfacet
  facet normal -0.492314 0 -0.870418
    outer loop
      vertex 10.7785 0 11.3929
      vertex 10.8791 0.61 11.336
      vertex 10.8791 0 11.336
    endloop
  endfacet
  facet normal -0.492314 0 -0.870418
    outer loop
      vertex 10.8791 0.61 11.336
      vertex 10.7785 0 11.3929
      vertex 10.7785 0.61 11.3929
    endloop
  endfacet
  facet normal -0.799832 0 -0.600224
    outer loop
      vertex 10.7785 0 11.3929
      vertex 10.6928 0.61 11.5071
      vertex 10.7785 0.61 11.3929
    endloop
  endfacet
  facet normal -0.799832 -0 -0.600224
    outer loop
      vertex 10.6928 0.61 11.5071
      vertex 10.7785 0 11.3929
      vertex 10.6928 0 11.5071
    endloop
  endfacet
  facet normal -0.939289 0 -0.343126
    outer loop
      vertex 10.6928 0 11.5071
      vertex 10.6231 0.61 11.6979
      vertex 10.6928 0.61 11.5071
    endloop
  endfacet
  facet normal -0.939289 -0 -0.343126
    outer loop
      vertex 10.6231 0.61 11.6979
      vertex 10.6928 0 11.5071
      vertex 10.6231 0 11.6979
    endloop
  endfacet
  facet normal -0.989998 0 -0.14108
    outer loop
      vertex 10.6231 0 11.6979
      vertex 10.5768 0.61 12.0228
      vertex 10.6231 0.61 11.6979
    endloop
  endfacet
  facet normal -0.989998 -0 -0.14108
    outer loop
      vertex 10.5768 0.61 12.0228
      vertex 10.6231 0 11.6979
      vertex 10.5768 0 12.0228
    endloop
  endfacet
  facet normal -0.999556 0 -0.0298028
    outer loop
      vertex 10.5768 0 12.0228
      vertex 10.5614 0.61 12.5393
      vertex 10.5768 0.61 12.0228
    endloop
  endfacet
  facet normal -0.999556 -0 -0.0298028
    outer loop
      vertex 10.5614 0.61 12.5393
      vertex 10.5768 0 12.0228
      vertex 10.5614 0 12.5393
    endloop
  endfacet
  facet normal -0.999462 0 0.032813
    outer loop
      vertex 10.5614 0 12.5393
      vertex 10.5786 0.61 13.0632
      vertex 10.5614 0.61 12.5393
    endloop
  endfacet
  facet normal -0.999462 0 0.032813
    outer loop
      vertex 10.5786 0.61 13.0632
      vertex 10.5614 0 12.5393
      vertex 10.5786 0 13.0632
    endloop
  endfacet
  facet normal -0.98913 0 0.147044
    outer loop
      vertex 10.5786 0 13.0632
      vertex 10.6302 0.61 13.4103
      vertex 10.5786 0.61 13.0632
    endloop
  endfacet
  facet normal -0.98913 0 0.147044
    outer loop
      vertex 10.6302 0.61 13.4103
      vertex 10.5786 0 13.0632
      vertex 10.6302 0 13.4103
    endloop
  endfacet
  facet normal -0.937057 0 0.349176
    outer loop
      vertex 10.6302 0 13.4103
      vertex 10.6931 0.61 13.5791
      vertex 10.6302 0.61 13.4103
    endloop
  endfacet
  facet normal -0.937057 0 0.349176
    outer loop
      vertex 10.6931 0.61 13.5791
      vertex 10.6302 0 13.4103
      vertex 10.6931 0 13.5791
    endloop
  endfacet
  facet normal -0.787814 0 0.615914
    outer loop
      vertex 10.6931 0 13.5791
      vertex 10.7773 0.61 13.6868
      vertex 10.6931 0.61 13.5791
    endloop
  endfacet
  facet normal -0.787814 0 0.615914
    outer loop
      vertex 10.7773 0.61 13.6868
      vertex 10.6931 0 13.5791
      vertex 10.7773 0 13.6868
    endloop
  endfacet
  facet normal -0.495494 0 0.868612
    outer loop
      vertex 10.7773 0.61 13.6868
      vertex 10.8788 0 13.7447
      vertex 10.8788 0.61 13.7447
    endloop
  endfacet
  facet normal -0.495494 0 0.868612
    outer loop
      vertex 10.8788 0 13.7447
      vertex 10.7773 0.61 13.6868
      vertex 10.7773 0 13.6868
    endloop
  endfacet
  facet normal -0.166214 0 0.98609
    outer loop
      vertex 10.8788 0.61 13.7447
      vertex 10.9933 0 13.764
      vertex 10.9933 0.61 13.764
    endloop
  endfacet
  facet normal -0.166214 0 0.98609
    outer loop
      vertex 10.9933 0 13.764
      vertex 10.8788 0.61 13.7447
      vertex 10.8788 0 13.7447
    endloop
  endfacet
  facet normal 0.166639 0 0.986018
    outer loop
      vertex 10.9933 0.61 13.764
      vertex 11.1075 0 13.7447
      vertex 11.1075 0.61 13.7447
    endloop
  endfacet
  facet normal 0.166639 0 0.986018
    outer loop
      vertex 11.1075 0 13.7447
      vertex 10.9933 0.61 13.764
      vertex 10.9933 0 13.764
    endloop
  endfacet
  facet normal 0.498827 0 0.866701
    outer loop
      vertex 11.1075 0.61 13.7447
      vertex 11.2081 0 13.6868
      vertex 11.2081 0.61 13.6868
    endloop
  endfacet
  facet normal 0.498827 0 0.866701
    outer loop
      vertex 11.2081 0 13.6868
      vertex 11.1075 0.61 13.7447
      vertex 11.1075 0 13.7447
    endloop
  endfacet
  facet normal 0.801752 -0 0.597657
    outer loop
      vertex 11.2081 0 13.6868
      vertex 11.2939 0.61 13.5717
      vertex 11.2081 0.61 13.6868
    endloop
  endfacet
  facet normal 0.801752 0 0.597657
    outer loop
      vertex 11.2939 0.61 13.5717
      vertex 11.2081 0 13.6868
      vertex 11.2939 0 13.5717
    endloop
  endfacet
  facet normal 0.939405 -0 0.342809
    outer loop
      vertex 11.2939 0 13.5717
      vertex 11.3636 0.61 13.3807
      vertex 11.2939 0.61 13.5717
    endloop
  endfacet
  facet normal 0.939405 0 0.342809
    outer loop
      vertex 11.3636 0.61 13.3807
      vertex 11.2939 0 13.5717
      vertex 11.3636 0 13.3807
    endloop
  endfacet
  facet normal 0.989998 -0 0.14108
    outer loop
      vertex 11.3636 0 13.3807
      vertex 11.4099 0.61 13.0558
      vertex 11.3636 0.61 13.3807
    endloop
  endfacet
  facet normal 0.989998 0 0.14108
    outer loop
      vertex 11.4099 0.61 13.0558
      vertex 11.3636 0 13.3807
      vertex 11.4099 0 13.0558
    endloop
  endfacet
  facet normal 0.999556 -0 0.0298028
    outer loop
      vertex 11.4099 0 13.0558
      vertex 11.4253 0.61 12.5393
      vertex 11.4099 0.61 13.0558
    endloop
  endfacet
  facet normal 0.999556 0 0.0298028
    outer loop
      vertex 11.4253 0.61 12.5393
      vertex 11.4099 0 13.0558
      vertex 11.4253 0 12.5393
    endloop
  endfacet
  facet normal 0.99946 0 -0.0328443
    outer loop
      vertex 11.4253 0 12.5393
      vertex 11.4081 0.61 12.0159
      vertex 11.4253 0.61 12.5393
    endloop
  endfacet
  facet normal 0.99946 0 -0.0328443
    outer loop
      vertex 11.4081 0.61 12.0159
      vertex 11.4253 0 12.5393
      vertex 11.4081 0 12.0159
    endloop
  endfacet
  facet normal 0.989018 0 -0.147794
    outer loop
      vertex 11.4081 0 12.0159
      vertex 11.3565 0.61 11.6706
      vertex 11.4081 0.61 12.0159
    endloop
  endfacet
  facet normal 0.989018 0 -0.147794
    outer loop
      vertex 11.3565 0.61 11.6706
      vertex 11.4081 0 12.0159
      vertex 11.3565 0 11.6706
    endloop
  endfacet
  facet normal 0.937057 0 -0.349176
    outer loop
      vertex 11.3565 0 11.6706
      vertex 11.2936 0.61 11.5018
      vertex 11.3565 0.61 11.6706
    endloop
  endfacet
  facet normal 0.937057 0 -0.349176
    outer loop
      vertex 11.2936 0.61 11.5018
      vertex 11.3565 0 11.6706
      vertex 11.2936 0 11.5018
    endloop
  endfacet
  facet normal 0.787459 0 -0.616367
    outer loop
      vertex 11.2936 0 11.5018
      vertex 11.2093 0.61 11.3941
      vertex 11.2936 0.61 11.5018
    endloop
  endfacet
  facet normal 0.787459 0 -0.616367
    outer loop
      vertex 11.2093 0.61 11.3941
      vertex 11.2936 0 11.5018
      vertex 11.2093 0 11.3941
    endloop
  endfacet
  facet normal 0.495494 0 -0.868612
    outer loop
      vertex 11.1078 0 11.3362
      vertex 11.2093 0.61 11.3941
      vertex 11.2093 0 11.3941
    endloop
  endfacet
  facet normal 0.495494 0 -0.868612
    outer loop
      vertex 11.2093 0.61 11.3941
      vertex 11.1078 0 11.3362
      vertex 11.1078 0.61 11.3362
    endloop
  endfacet
  facet normal 0.165377 0 -0.98623
    outer loop
      vertex 10.9933 0 11.317
      vertex 11.1078 0.61 11.3362
      vertex 11.1078 0 11.3362
    endloop
  endfacet
  facet normal 0.165377 0 -0.98623
    outer loop
      vertex 11.1078 0.61 11.3362
      vertex 10.9933 0 11.317
      vertex 10.9933 0.61 11.317
    endloop
  endfacet
  facet normal -0.164119 0 -0.986441
    outer loop
      vertex 10.8791 0 11.336
      vertex 10.9933 0.61 11.317
      vertex 10.9933 0 11.317
    endloop
  endfacet
  facet normal -0.164119 0 -0.986441
    outer loop
      vertex 10.9933 0.61 11.317
      vertex 10.8791 0 11.336
      vertex 10.8791 0.61 11.336
    endloop
  endfacet
  facet normal 0 0 -1
    outer loop
      vertex 8.68942 0 11.4902
      vertex 9.35637 0.61 11.4902
      vertex 9.35637 0 11.4902
    endloop
  endfacet
  facet normal -0 0 -1
    outer loop
      vertex 9.35637 0.61 11.4902
      vertex 8.68942 0 11.4902
      vertex 8.68942 0.61 11.4902
    endloop
  endfacet
  facet normal 1 -0 0
    outer loop
      vertex 8.68942 0 11.4902
      vertex 8.68942 0.61 10.8233
      vertex 8.68942 0.61 11.4902
    endloop
  endfacet
  facet normal 1 0 0
    outer loop
      vertex 8.68942 0.61 10.8233
      vertex 8.68942 0 11.4902
      vertex 8.68942 0 10.8233
    endloop
  endfacet
  facet normal -0 0 1
    outer loop
      vertex 8.68942 0.61 10.8233
      vertex 9.35637 0 10.8233
      vertex 9.35637 0.61 10.8233
    endloop
  endfacet
  facet normal 0 0 1
    outer loop
      vertex 9.35637 0 10.8233
      vertex 8.68942 0.61 10.8233
      vertex 8.68942 0 10.8233
    endloop
  endfacet
  facet normal -1 0 0
    outer loop
      vertex 9.35637 0 10.8233
      vertex 9.35637 0.61 11.4902
      vertex 9.35637 0.61 10.8233
    endloop
  endfacet
  facet normal -1 -0 0
    outer loop
      vertex 9.35637 0.61 11.4902
      vertex 9.35637 0 10.8233
      vertex 9.35637 0 11.4902
    endloop
  endfacet
  facet normal 0 -1 0
    outer loop
      vertex 25.4905 0.61 13.7325
      vertex 25.6946 0.61 14.317
      vertex 25.2638 0.61 14.257
    endloop
  endfacet
  facet normal 0 -1 0
    outer loop
      vertex 25.3457 0.61 13.6382
      vertex 25.2638 0.61 14.257
      vertex 24.9114 0.61 14.0773
    endloop
  endfacet
  facet normal 0 -1 0
    outer loop
      vertex 25.8664 0.61 13.734
      vertex 25.6946 0.61 14.317
      vertex 25.678 0.61 13.764
    endloop
  endfacet
  facet normal 0 -1 0
    outer loop
      vertex 25.6946 0.61 14.317
      vertex 25.8664 0.61 13.734
      vertex 26.1545 0.61 14.2476
    endloop
  endfacet
  facet normal 0 -1 0
    outer loop
      vertex 25.3457 0.61 13.6382
      vertex 24.9114 0.61 14.0773
      vertex 24.6616 0.61 13.7598
    endloop
  endfacet
  facet normal 0 -1 0
    outer loop
      vertex 25.6946 0.61 14.317
      vertex 25.4905 0.61 13.7325
      vertex 25.678 0.61 13.764
    endloop
  endfacet
  facet normal 0 -1 0
    outer loop
      vertex 25.2638 0.61 14.257
      vertex 25.3457 0.61 13.6382
      vertex 25.4905 0.61 13.7325
    endloop
  endfacet
  facet normal 0 -1 0
    outer loop
      vertex 24.6616 0.61 13.7598
      vertex 25.2484 0.61 13.4709
      vertex 25.3457 0.61 13.6382
    endloop
  endfacet
  facet normal 0 -1 0
    outer loop
      vertex 24.5388 0.61 13.2869
      vertex 25.2484 0.61 13.4709
      vertex 24.6616 0.61 13.7598
    endloop
  endfacet
  facet normal 0 -1 0
    outer loop
      vertex 25.2484 0.61 13.4709
      vertex 24.5388 0.61 13.2869
      vertex 25.2033 0.61 13.2205
    endloop
  endfacet
  facet normal 0 -1 0
    outer loop
      vertex 26.0091 0.61 13.6441
      vertex 26.1545 0.61 14.2476
      vertex 25.8664 0.61 13.734
    endloop
  endfacet
  facet normal 0 -1 -0
    outer loop
      vertex 26.1545 0.61 14.2476
      vertex 26.0091 0.61 13.6441
      vertex 26.504 0.61 14.0393
    endloop
  endfacet
  facet normal 0 -1 0
    outer loop
      vertex 26.099 0.61 13.4984
      vertex 26.504 0.61 14.0393
      vertex 26.0091 0.61 13.6441
    endloop
  endfacet
  facet normal 0 -1 -0
    outer loop
      vertex 26.504 0.61 14.0393
      vertex 26.099 0.61 13.4984
      vertex 26.7247 0.61 13.7278
    endloop
  endfacet
  facet normal 0 -1 0
    outer loop
      vertex 26.099 0.61 13.4984
      vertex 26.7983 0.61 13.3486
      vertex 26.7247 0.61 13.7278
    endloop
  endfacet
  facet normal 0 -1 0
    outer loop
      vertex 26.129 0.61 13.3011
      vertex 26.7983 0.61 13.3486
      vertex 26.099 0.61 13.4984
    endloop
  endfacet
  facet normal 0 -1 0
    outer loop
      vertex 26.129 0.61 13.3011
      vertex 26.7772 0.61 13.1193
      vertex 26.7983 0.61 13.3486
    endloop
  endfacet
  facet normal 0 -1 0
    outer loop
      vertex 26.0946 0.61 13.0982
      vertex 26.7772 0.61 13.1193
      vertex 26.129 0.61 13.3011
    endloop
  endfacet
  facet normal 0 -1 0
    outer loop
      vertex 26.0946 0.61 13.0982
      vertex 26.714 0.61 12.9012
      vertex 26.7772 0.61 13.1193
    endloop
  endfacet
  facet normal 0 -1 0
    outer loop
      vertex 26.6051 0.61 12.6838
      vertex 26.0946 0.61 13.0982
      vertex 25.9913 0.61 12.8929
    endloop
  endfacet
  facet normal 0 -1 0
    outer loop
      vertex 26.0946 0.61 13.0982
      vertex 26.6051 0.61 12.6838
      vertex 26.714 0.61 12.9012
    endloop
  endfacet
  facet normal 0 -1 0
    outer loop
      vertex 26.447 0.61 12.4562
      vertex 25.9913 0.61 12.8929
      vertex 25.802 0.61 12.6758
    endloop
  endfacet
  facet normal 0 -1 0
    outer loop
      vertex 25.9913 0.61 12.8929
      vertex 26.447 0.61 12.4562
      vertex 26.6051 0.61 12.6838
    endloop
  endfacet
  facet normal 0 -1 0
    outer loop
      vertex 26.0103 0.61 12.0124
      vertex 25.802 0.61 12.6758
      vertex 25.4383 0.61 12.3233
    endloop
  endfacet
  facet normal 0 -1 0
    outer loop
      vertex 25.802 0.61 12.6758
      vertex 26.2773 0.61 12.2681
      vertex 26.447 0.61 12.4562
    endloop
  endfacet
  facet normal 0 -1 0
    outer loop
      vertex 25.802 0.61 12.6758
      vertex 26.0103 0.61 12.0124
      vertex 26.2773 0.61 12.2681
    endloop
  endfacet
  facet normal 0 -1 0
    outer loop
      vertex 25.6103 0.61 11.6279
      vertex 25.4383 0.61 12.3233
      vertex 24.9707 0.61 11.8549
    endloop
  endfacet
  facet normal 0 -1 0
    outer loop
      vertex 25.4383 0.61 12.3233
      vertex 25.7525 0.61 11.7715
      vertex 26.0103 0.61 12.0124
    endloop
  endfacet
  facet normal 0 -1 0
    outer loop
      vertex 25.4383 0.61 12.3233
      vertex 25.6103 0.61 11.6279
      vertex 25.7525 0.61 11.7715
    endloop
  endfacet
  facet normal 0 -1 0
    outer loop
      vertex 24.9707 0.61 11.8549
      vertex 25.5341 0.61 11.5341
      vertex 25.6103 0.61 11.6279
    endloop
  endfacet
  facet normal 0 -1 0
    outer loop
      vertex 25.4739 0.61 11.4427
      vertex 24.9707 0.61 11.8549
      vertex 24.6883 0.61 11.489
    endloop
  endfacet
  facet normal 0 -1 0
    outer loop
      vertex 24.9707 0.61 11.8549
      vertex 25.4739 0.61 11.4427
      vertex 25.5341 0.61 11.5341
    endloop
  endfacet
  facet normal 0 -1 0
    outer loop
      vertex 24.5364 0.61 11.1654
      vertex 25.4739 0.61 11.4427
      vertex 24.6883 0.61 11.489
    endloop
  endfacet
  facet normal 0 -1 0
    outer loop
      vertex 24.4604 0.61 10.8233
      vertex 25.4739 0.61 11.4427
      vertex 24.5364 0.61 11.1654
    endloop
  endfacet
  facet normal 0 -1 -0
    outer loop
      vertex 25.4739 0.61 11.4427
      vertex 24.4604 0.61 10.8233
      vertex 26.7983 0.61 10.8233
    endloop
  endfacet
  facet normal 0 -1 0
    outer loop
      vertex 25.4739 0.61 11.4427
      vertex 26.7983 0.61 10.8233
      vertex 26.7983 0.61 11.4427
    endloop
  endfacet
  facet normal 0 -1 0
    outer loop
      vertex 20.5631 0.61 11.7466
      vertex 21.2656 0.61 11.6071
      vertex 21.2087 0.61 11.8249
    endloop
  endfacet
  facet normal 0 -1 0
    outer loop
      vertex 20.6782 0.61 11.3493
      vertex 21.2656 0.61 11.6071
      vertex 20.5631 0.61 11.7466
    endloop
  endfacet
  facet normal 0 -1 0
    outer loop
      vertex 20.9238 0.61 11.0357
      vertex 21.2656 0.61 11.6071
      vertex 20.6782 0.61 11.3493
    endloop
  endfacet
  facet normal 0 -1 -0
    outer loop
      vertex 21.2656 0.61 11.6071
      vertex 20.9238 0.61 11.0357
      vertex 21.3748 0.61 11.4475
    endloop
  endfacet
  facet normal 0 -1 0
    outer loop
      vertex 21.2751 0.61 10.8319
      vertex 21.3748 0.61 11.4475
      vertex 20.9238 0.61 11.0357
    endloop
  endfacet
  facet normal 0 -1 -0
    outer loop
      vertex 21.3748 0.61 11.4475
      vertex 21.2751 0.61 10.8319
      vertex 21.5243 0.61 11.3496
    endloop
  endfacet
  facet normal 0 -1 0
    outer loop
      vertex 21.7071 0.61 10.764
      vertex 21.5243 0.61 11.3496
      vertex 21.2751 0.61 10.8319
    endloop
  endfacet
  facet normal -0 -1 0
    outer loop
      vertex 22.1646 0.61 10.8447
      vertex 21.7023 0.61 11.317
      vertex 21.7071 0.61 10.764
    endloop
  endfacet
  facet normal 0 -1 0
    outer loop
      vertex 21.5243 0.61 11.3496
      vertex 21.7071 0.61 10.764
      vertex 21.7023 0.61 11.317
    endloop
  endfacet
  facet normal 0 -1 0
    outer loop
      vertex 21.7023 0.61 11.317
      vertex 22.1646 0.61 10.8447
      vertex 22.5401 0.61 11.0867
    endloop
  endfacet
  facet normal 0 -1 0
    outer loop
      vertex 21.4125 0.61 14.29
      vertex 21.5083 0.61 13.739
      vertex 21.6667 0.61 13.7687
    endloop
  endfacet
  facet normal 0 -1 0
    outer loop
      vertex 21.2775 0.61 13.5041
      vertex 20.8064 0.61 13.9123
      vertex 20.6933 0.61 13.6919
    endloop
  endfacet
  facet normal 0 -1 0
    outer loop
      vertex 20.9612 0.61 14.0808
      vertex 21.3748 0.61 13.65
      vertex 21.5083 0.61 13.739
    endloop
  endfacet
  facet normal 0 -1 0
    outer loop
      vertex 20.8064 0.61 13.9123
      vertex 21.2775 0.61 13.5041
      vertex 21.3748 0.61 13.65
    endloop
  endfacet
  facet normal 0 -1 0
    outer loop
      vertex 21.2276 0.61 13.3035
      vertex 20.6933 0.61 13.6919
      vertex 20.6129 0.61 13.408
    endloop
  endfacet
  facet normal 0 -1 0
    outer loop
      vertex 20.6933 0.61 13.6919
      vertex 21.2276 0.61 13.3035
      vertex 21.2775 0.61 13.5041
    endloop
  endfacet
  facet normal 0 -1 0
    outer loop
      vertex 21.6667 0.61 13.7687
      vertex 21.6857 0.61 14.317
      vertex 21.4125 0.61 14.29
    endloop
  endfacet
  facet normal 0 -1 0
    outer loop
      vertex 21.5083 0.61 13.739
      vertex 21.4125 0.61 14.29
      vertex 21.1671 0.61 14.209
    endloop
  endfacet
  facet normal 0 -1 0
    outer loop
      vertex 21.5083 0.61 13.739
      vertex 21.1671 0.61 14.209
      vertex 20.9612 0.61 14.0808
    endloop
  endfacet
  facet normal 0 -1 0
    outer loop
      vertex 21.8228 0.61 13.7426
      vertex 21.6857 0.61 14.317
      vertex 21.6667 0.61 13.7687
    endloop
  endfacet
  facet normal 0 -1 0
    outer loop
      vertex 21.3748 0.61 13.65
      vertex 20.9612 0.61 14.0808
      vertex 20.8064 0.61 13.9123
    endloop
  endfacet
  facet normal 0 -1 0
    outer loop
      vertex 21.6857 0.61 14.317
      vertex 21.8228 0.61 13.7426
      vertex 22.1284 0.61 14.2386
    endloop
  endfacet
  facet normal 0 -1 0
    outer loop
      vertex 21.9444 0.61 13.6643
      vertex 22.1284 0.61 14.2386
      vertex 21.8228 0.61 13.7426
    endloop
  endfacet
  facet normal 0 -1 -0
    outer loop
      vertex 22.1284 0.61 14.2386
      vertex 21.9444 0.61 13.6643
      vertex 22.4737 0.61 14.0037
    endloop
  endfacet
  facet normal 0 -1 0
    outer loop
      vertex 22.0227 0.61 13.5421
      vertex 22.4737 0.61 14.0037
      vertex 21.9444 0.61 13.6643
    endloop
  endfacet
  facet normal 0 -1 -0
    outer loop
      vertex 22.4737 0.61 14.0037
      vertex 22.0227 0.61 13.5421
      vertex 22.657 0.61 13.7307
    endloop
  endfacet
  facet normal 0 -1 0
    outer loop
      vertex 22.0489 0.61 13.3842
      vertex 22.657 0.61 13.7307
      vertex 22.0227 0.61 13.5421
    endloop
  endfacet
  facet normal 0 -1 -0
    outer loop
      vertex 22.657 0.61 13.7307
      vertex 22.0489 0.61 13.3842
      vertex 22.7182 0.61 13.4246
    endloop
  endfacet
  facet normal 0 -1 0
    outer loop
      vertex 22.593 0.61 13.0128
      vertex 22.0489 0.61 13.3842
      vertex 22.0132 0.61 13.1982
    endloop
  endfacet
  facet normal 0 -1 0
    outer loop
      vertex 22.2174 0.61 12.6935
      vertex 22.0132 0.61 13.1982
      vertex 21.9064 0.61 13.0531
    endloop
  endfacet
  facet normal 0 -1 0
    outer loop
      vertex 22.0489 0.61 13.3842
      vertex 22.593 0.61 13.0128
      vertex 22.7182 0.61 13.4246
    endloop
  endfacet
  facet normal 0 -1 0
    outer loop
      vertex 22.2174 0.61 12.6935
      vertex 21.9064 0.61 13.0531
      vertex 21.732 0.61 12.9615
    endloop
  endfacet
  facet normal 0 -1 0
    outer loop
      vertex 21.7261 0.61 12.442
      vertex 21.732 0.61 12.9615
      vertex 21.4935 0.61 12.9356
    endloop
  endfacet
  facet normal 0 -1 0
    outer loop
      vertex 22.0132 0.61 13.1982
      vertex 22.2174 0.61 12.6935
      vertex 22.593 0.61 13.0128
    endloop
  endfacet
  facet normal 0 -1 0
    outer loop
      vertex 21.9059 0.61 12.4052
      vertex 21.732 0.61 12.9615
      vertex 21.7261 0.61 12.442
    endloop
  endfacet
  facet normal 0 -1 0
    outer loop
      vertex 21.732 0.61 12.9615
      vertex 21.9059 0.61 12.4052
      vertex 22.2174 0.61 12.6935
    endloop
  endfacet
  facet normal 0 -1 0
    outer loop
      vertex 21.4935 0.61 12.9356
      vertex 21.5854 0.61 12.4295
      vertex 21.7261 0.61 12.442
    endloop
  endfacet
  facet normal -0 -1 0
    outer loop
      vertex 21.5854 0.61 12.4295
      vertex 21.4935 0.61 12.9356
      vertex 21.4199 0.61 12.3921
    endloop
  endfacet
  facet normal 0 -1 0
    outer loop
      vertex 22.056 0.61 12.2948
      vertex 22.2174 0.61 12.6935
      vertex 21.9059 0.61 12.4052
    endloop
  endfacet
  facet normal 0 -1 -0
    outer loop
      vertex 22.2174 0.61 12.6935
      vertex 22.056 0.61 12.2948
      vertex 22.4865 0.61 12.5897
    endloop
  endfacet
  facet normal 0 -1 0
    outer loop
      vertex 22.1574 0.61 12.1215
      vertex 22.4865 0.61 12.5897
      vertex 22.056 0.61 12.2948
    endloop
  endfacet
  facet normal 0 -1 -0
    outer loop
      vertex 22.4865 0.61 12.5897
      vertex 22.1574 0.61 12.1215
      vertex 22.6956 0.61 12.4064
    endloop
  endfacet
  facet normal 0 -1 -0
    outer loop
      vertex 22.6956 0.61 12.4064
      vertex 22.1574 0.61 12.1215
      vertex 22.83 0.61 12.1601
    endloop
  endfacet
  facet normal 0 -1 0
    outer loop
      vertex 22.1913 0.61 11.8961
      vertex 22.83 0.61 12.1601
      vertex 22.1574 0.61 12.1215
    endloop
  endfacet
  facet normal 0 -1 0
    outer loop
      vertex 22.1913 0.61 11.8961
      vertex 22.8748 0.61 11.8676
      vertex 22.83 0.61 12.1601
    endloop
  endfacet
  facet normal 0 -1 0
    outer loop
      vertex 22.156 0.61 11.6575
      vertex 22.8748 0.61 11.8676
      vertex 22.1913 0.61 11.8961
    endloop
  endfacet
  facet normal 0 -1 0
    outer loop
      vertex 22.5401 0.61 11.0867
      vertex 22.156 0.61 11.6575
      vertex 22.05 0.61 11.4736
    endloop
  endfacet
  facet normal 0 -1 0
    outer loop
      vertex 22.156 0.61 11.6575
      vertex 22.7912 0.61 11.4434
      vertex 22.8748 0.61 11.8676
    endloop
  endfacet
  facet normal 0 -1 0
    outer loop
      vertex 22.5401 0.61 11.0867
      vertex 22.05 0.61 11.4736
      vertex 21.8925 0.61 11.3561
    endloop
  endfacet
  facet normal 0 -1 0
    outer loop
      vertex 22.5401 0.61 11.0867
      vertex 21.8925 0.61 11.3561
      vertex 21.7023 0.61 11.317
    endloop
  endfacet
  facet normal 0 -1 0
    outer loop
      vertex 22.156 0.61 11.6575
      vertex 22.5401 0.61 11.0867
      vertex 22.7912 0.61 11.4434
    endloop
  endfacet
  facet normal 0 -1 0
    outer loop
      vertex 27.3159 0.61 11.3259
      vertex 27.8601 0.61 11.7869
      vertex 27.1955 0.61 11.7181
    endloop
  endfacet
  facet normal 0 -1 -0
    outer loop
      vertex 27.8601 0.61 11.7869
      vertex 27.3159 0.61 11.3259
      vertex 27.9164 0.61 11.5849
    endloop
  endfacet
  facet normal 0 -1 0
    outer loop
      vertex 27.5586 0.61 11.0226
      vertex 27.9164 0.61 11.5849
      vertex 27.3159 0.61 11.3259
    endloop
  endfacet
  facet normal 0 -1 -0
    outer loop
      vertex 27.9164 0.61 11.5849
      vertex 27.5586 0.61 11.0226
      vertex 28.0286 0.61 11.4297
    endloop
  endfacet
  facet normal 0 -1 0
    outer loop
      vertex 27.9069 0.61 10.8286
      vertex 28.0286 0.61 11.4297
      vertex 27.5586 0.61 11.0226
    endloop
  endfacet
  facet normal 0 -1 -0
    outer loop
      vertex 28.0286 0.61 11.4297
      vertex 27.9069 0.61 10.8286
      vertex 28.1793 0.61 11.3309
    endloop
  endfacet
  facet normal 0 -1 0
    outer loop
      vertex 28.3443 0.61 10.764
      vertex 28.1793 0.61 11.3309
      vertex 27.9069 0.61 10.8286
    endloop
  endfacet
  facet normal -0 -1 0
    outer loop
      vertex 28.8813 0.61 10.8791
      vertex 28.3514 0.61 11.298
      vertex 28.3443 0.61 10.764
    endloop
  endfacet
  facet normal 0 -1 0
    outer loop
      vertex 28.1793 0.61 11.3309
      vertex 28.3443 0.61 10.764
      vertex 28.3514 0.61 11.298
    endloop
  endfacet
  facet normal 0 -1 0
    outer loop
      vertex 28.3514 0.61 11.298
      vertex 28.8813 0.61 10.8791
      vertex 29.2865 0.61 11.2244
    endloop
  endfacet
  facet normal 0 -1 0
    outer loop
      vertex 27.618 0.61 14.2553
      vertex 28.1235 0.61 13.631
      vertex 29.3814 0.61 14.2553
    endloop
  endfacet
  facet normal 0 -1 0
    outer loop
      vertex 27.618 0.61 14.2553
      vertex 28.0191 0.61 13.0401
      vertex 28.1235 0.61 13.631
    endloop
  endfacet
  facet normal 0 -1 0
    outer loop
      vertex 28.4748 0.61 13.1516
      vertex 28.5409 0.61 12.5799
      vertex 28.8848 0.61 13.0709
    endloop
  endfacet
  facet normal 0 -1 0
    outer loop
      vertex 28.0191 0.61 13.0401
      vertex 28.06 0.61 12.5565
      vertex 28.3324 0.61 12.62
    endloop
  endfacet
  facet normal 0 -1 0
    outer loop
      vertex 27.2762 0.61 12.4444
      vertex 28.0191 0.61 13.0401
      vertex 27.618 0.61 14.2553
    endloop
  endfacet
  facet normal 0 -1 0
    outer loop
      vertex 27.8174 0.61 12.366
      vertex 28.0191 0.61 13.0401
      vertex 27.2762 0.61 12.4444
    endloop
  endfacet
  facet normal 0 -1 -0
    outer loop
      vertex 28.0191 0.61 13.0401
      vertex 27.8174 0.61 12.366
      vertex 28.06 0.61 12.5565
    endloop
  endfacet
  facet normal 0 -1 -0
    outer loop
      vertex 29.3814 0.61 14.2553
      vertex 28.1235 0.61 13.631
      vertex 29.3814 0.61 13.631
    endloop
  endfacet
  facet normal 0 -1 0
    outer loop
      vertex 28.3324 0.61 12.62
      vertex 28.4748 0.61 13.1516
      vertex 28.2446 0.61 13.1237
    endloop
  endfacet
  facet normal 0 -1 0
    outer loop
      vertex 28.3324 0.61 12.62
      vertex 28.2446 0.61 13.1237
      vertex 28.0191 0.61 13.0401
    endloop
  endfacet
  facet normal 0 -1 0
    outer loop
      vertex 28.5409 0.61 12.5799
      vertex 28.4748 0.61 13.1516
      vertex 28.3324 0.61 12.62
    endloop
  endfacet
  facet normal 0 -1 0
    outer loop
      vertex 28.7062 0.61 12.4597
      vertex 28.8848 0.61 13.0709
      vertex 28.5409 0.61 12.5799
    endloop
  endfacet
  facet normal 0 -1 -0
    outer loop
      vertex 28.8848 0.61 13.0709
      vertex 28.7062 0.61 12.4597
      vertex 29.2272 0.61 12.8288
    endloop
  endfacet
  facet normal 0 -1 0
    outer loop
      vertex 28.8139 0.61 12.2595
      vertex 29.2272 0.61 12.8288
      vertex 28.7062 0.61 12.4597
    endloop
  endfacet
  facet normal 0 -1 -0
    outer loop
      vertex 29.2272 0.61 12.8288
      vertex 28.8139 0.61 12.2595
      vertex 29.4586 0.61 12.458
    endloop
  endfacet
  facet normal 0 -1 0
    outer loop
      vertex 28.8139 0.61 12.2595
      vertex 29.5357 0.61 11.991
      vertex 29.4586 0.61 12.458
    endloop
  endfacet
  facet normal 0 -1 0
    outer loop
      vertex 28.8498 0.61 11.9792
      vertex 29.5357 0.61 11.991
      vertex 28.8139 0.61 12.2595
    endloop
  endfacet
  facet normal 0 -1 0
    outer loop
      vertex 29.4734 0.61 11.5846
      vertex 28.8498 0.61 11.9792
      vertex 28.8136 0.61 11.6804
    endloop
  endfacet
  facet normal 0 -1 0
    outer loop
      vertex 28.8498 0.61 11.9792
      vertex 29.4734 0.61 11.5846
      vertex 29.5357 0.61 11.991
    endloop
  endfacet
  facet normal 0 -1 0
    outer loop
      vertex 29.2865 0.61 11.2244
      vertex 28.8136 0.61 11.6804
      vertex 28.705 0.61 11.4677
    endloop
  endfacet
  facet normal 0 -1 0
    outer loop
      vertex 29.2865 0.61 11.2244
      vertex 28.705 0.61 11.4677
      vertex 28.5442 0.61 11.3404
    endloop
  endfacet
  facet normal 0 -1 0
    outer loop
      vertex 28.8136 0.61 11.6804
      vertex 29.2865 0.61 11.2244
      vertex 29.4734 0.61 11.5846
    endloop
  endfacet
  facet normal 0 -1 0
    outer loop
      vertex 29.2865 0.61 11.2244
      vertex 28.5442 0.61 11.3404
      vertex 28.3514 0.61 11.298
    endloop
  endfacet
  facet normal 0 -1 0
    outer loop
      vertex 23.3694 0.61 10.8233
      vertex 24.0363 0.61 11.4902
      vertex 23.3694 0.61 11.4902
    endloop
  endfacet
  facet normal 0 -1 -0
    outer loop
      vertex 24.0363 0.61 11.4902
      vertex 23.3694 0.61 10.8233
      vertex 24.0363 0.61 10.8233
    endloop
  endfacet
  facet normal -0.541719 0 0.84056
    outer loop
      vertex 22.1646 0.61 10.8447
      vertex 22.5401 0 11.0867
      vertex 22.5401 0.61 11.0867
    endloop
  endfacet
  facet normal -0.541719 0 0.84056
    outer loop
      vertex 22.5401 0 11.0867
      vertex 22.1646 0.61 10.8447
      vertex 22.1646 0 10.8447
    endloop
  endfacet
  facet normal -0.817711 0 0.57563
    outer loop
      vertex 22.5401 0 11.0867
      vertex 22.7912 0.61 11.4434
      vertex 22.5401 0.61 11.0867
    endloop
  endfacet
  facet normal -0.817711 0 0.57563
    outer loop
      vertex 22.7912 0.61 11.4434
      vertex 22.5401 0 11.0867
      vertex 22.7912 0 11.4434
    endloop
  endfacet
  facet normal -0.981128 0 0.193358
    outer loop
      vertex 22.7912 0 11.4434
      vertex 22.8748 0.61 11.8676
      vertex 22.7912 0.61 11.4434
    endloop
  endfacet
  facet normal -0.981128 0 0.193358
    outer loop
      vertex 22.8748 0.61 11.8676
      vertex 22.7912 0 11.4434
      vertex 22.8748 0 11.8676
    endloop
  endfacet
  facet normal -0.988473 0 -0.151397
    outer loop
      vertex 22.8748 0 11.8676
      vertex 22.83 0.61 12.1601
      vertex 22.8748 0.61 11.8676
    endloop
  endfacet
  facet normal -0.988473 -0 -0.151397
    outer loop
      vertex 22.83 0.61 12.1601
      vertex 22.8748 0 11.8676
      vertex 22.83 0 12.1601
    endloop
  endfacet
  facet normal -0.877814 0 -0.479002
    outer loop
      vertex 22.83 0 12.1601
      vertex 22.6956 0.61 12.4064
      vertex 22.83 0.61 12.1601
    endloop
  endfacet
  facet normal -0.877814 -0 -0.479002
    outer loop
      vertex 22.6956 0.61 12.4064
      vertex 22.83 0 12.1601
      vertex 22.6956 0 12.4064
    endloop
  endfacet
  facet normal -0.659192 0 -0.751975
    outer loop
      vertex 22.4865 0 12.5897
      vertex 22.6956 0.61 12.4064
      vertex 22.6956 0 12.4064
    endloop
  endfacet
  facet normal -0.659192 0 -0.751975
    outer loop
      vertex 22.6956 0.61 12.4064
      vertex 22.4865 0 12.5897
      vertex 22.4865 0.61 12.5897
    endloop
  endfacet
  facet normal -0.359885 0 -0.932997
    outer loop
      vertex 22.2174 0 12.6935
      vertex 22.4865 0.61 12.5897
      vertex 22.4865 0 12.5897
    endloop
  endfacet
  facet normal -0.359885 0 -0.932997
    outer loop
      vertex 22.4865 0.61 12.5897
      vertex 22.2174 0 12.6935
      vertex 22.2174 0.61 12.6935
    endloop
  endfacet
  facet normal -0.647696 0 0.761899
    outer loop
      vertex 22.2174 0.61 12.6935
      vertex 22.593 0 13.0128
      vertex 22.593 0.61 13.0128
    endloop
  endfacet
  facet normal -0.647696 0 0.761899
    outer loop
      vertex 22.593 0 13.0128
      vertex 22.2174 0.61 12.6935
      vertex 22.2174 0 12.6935
    endloop
  endfacet
  facet normal -0.956758 0 0.290884
    outer loop
      vertex 22.593 0 13.0128
      vertex 22.7182 0.61 13.4246
      vertex 22.593 0.61 13.0128
    endloop
  endfacet
  facet normal -0.956758 0 0.290884
    outer loop
      vertex 22.7182 0.61 13.4246
      vertex 22.593 0 13.0128
      vertex 22.7182 0 13.4246
    endloop
  endfacet
  facet normal -0.980593 0 -0.196055
    outer loop
      vertex 22.7182 0 13.4246
      vertex 22.657 0.61 13.7307
      vertex 22.7182 0.61 13.4246
    endloop
  endfacet
  facet normal -0.980593 -0 -0.196055
    outer loop
      vertex 22.657 0.61 13.7307
      vertex 22.7182 0 13.4246
      vertex 22.657 0 13.7307
    endloop
  endfacet
  facet normal -0.830221 0 -0.557434
    outer loop
      vertex 22.657 0 13.7307
      vertex 22.4737 0.61 14.0037
      vertex 22.657 0.61 13.7307
    endloop
  endfacet
  facet normal -0.830221 -0 -0.557434
    outer loop
      vertex 22.4737 0.61 14.0037
      vertex 22.657 0 13.7307
      vertex 22.4737 0 14.0037
    endloop
  endfacet
  facet normal -0.562467 0 -0.82682
    outer loop
      vertex 22.1284 0 14.2386
      vertex 22.4737 0.61 14.0037
      vertex 22.4737 0 14.0037
    endloop
  endfacet
  facet normal -0.562467 0 -0.82682
    outer loop
      vertex 22.4737 0.61 14.0037
      vertex 22.1284 0 14.2386
      vertex 22.1284 0.61 14.2386
    endloop
  endfacet
  facet normal -0.174382 0 -0.984678
    outer loop
      vertex 21.6857 0 14.317
      vertex 22.1284 0.61 14.2386
      vertex 22.1284 0 14.2386
    endloop
  endfacet
  facet normal -0.174382 0 -0.984678
    outer loop
      vertex 22.1284 0.61 14.2386
      vertex 21.6857 0 14.317
      vertex 21.6857 0.61 14.317
    endloop
  endfacet
  facet normal 0.0983496 0 -0.995152
    outer loop
      vertex 21.4125 0 14.29
      vertex 21.6857 0.61 14.317
      vertex 21.6857 0 14.317
    endloop
  endfacet
  facet normal 0.0983496 0 -0.995152
    outer loop
      vertex 21.6857 0.61 14.317
      vertex 21.4125 0 14.29
      vertex 21.4125 0.61 14.29
    endloop
  endfacet
  facet normal 0.31344 0 -0.949608
    outer loop
      vertex 21.1671 0 14.209
      vertex 21.4125 0.61 14.29
      vertex 21.4125 0 14.29
    endloop
  endfacet
  facet normal 0.31344 0 -0.949608
    outer loop
      vertex 21.4125 0.61 14.29
      vertex 21.1671 0 14.209
      vertex 21.1671 0.61 14.209
    endloop
  endfacet
  facet normal 0.528553 0 -0.8489
    outer loop
      vertex 20.9612 0 14.0808
      vertex 21.1671 0.61 14.209
      vertex 21.1671 0 14.209
    endloop
  endfacet
  facet normal 0.528553 0 -0.8489
    outer loop
      vertex 21.1671 0.61 14.209
      vertex 20.9612 0 14.0808
      vertex 20.9612 0.61 14.0808
    endloop
  endfacet
  facet normal 0.73641 0 -0.676536
    outer loop
      vertex 20.9612 0 14.0808
      vertex 20.8064 0.61 13.9123
      vertex 20.9612 0.61 14.0808
    endloop
  endfacet
  facet normal 0.73641 0 -0.676536
    outer loop
      vertex 20.8064 0.61 13.9123
      vertex 20.9612 0 14.0808
      vertex 20.8064 0 13.9123
    endloop
  endfacet
  facet normal 0.889696 0 -0.456554
    outer loop
      vertex 20.8064 0 13.9123
      vertex 20.6933 0.61 13.6919
      vertex 20.8064 0.61 13.9123
    endloop
  endfacet
  facet normal 0.889696 0 -0.456554
    outer loop
      vertex 20.6933 0.61 13.6919
      vertex 20.8064 0 13.9123
      vertex 20.6933 0 13.6919
    endloop
  endfacet
  facet normal 0.962161 0 -0.272482
    outer loop
      vertex 20.6933 0 13.6919
      vertex 20.6129 0.61 13.408
      vertex 20.6933 0.61 13.6919
    endloop
  endfacet
  facet normal 0.962161 0 -0.272482
    outer loop
      vertex 20.6129 0.61 13.408
      vertex 20.6933 0 13.6919
      vertex 20.6129 0 13.408
    endloop
  endfacet
  facet normal 0.167597 0 0.985856
    outer loop
      vertex 20.6129 0.61 13.408
      vertex 21.2276 0 13.3035
      vertex 21.2276 0.61 13.3035
    endloop
  endfacet
  facet normal 0.167597 0 0.985856
    outer loop
      vertex 21.2276 0 13.3035
      vertex 20.6129 0.61 13.408
      vertex 20.6129 0 13.408
    endloop
  endfacet
  facet normal -0.970426 0 0.241397
    outer loop
      vertex 21.2276 0 13.3035
      vertex 21.2775 0.61 13.5041
      vertex 21.2276 0.61 13.3035
    endloop
  endfacet
  facet normal -0.970426 0 0.241397
    outer loop
      vertex 21.2775 0.61 13.5041
      vertex 21.2276 0 13.3035
      vertex 21.2775 0 13.5041
    endloop
  endfacet
  facet normal -0.831963 0 0.554832
    outer loop
      vertex 21.2775 0 13.5041
      vertex 21.3748 0.61 13.65
      vertex 21.2775 0.61 13.5041
    endloop
  endfacet
  facet normal -0.831963 0 0.554832
    outer loop
      vertex 21.3748 0.61 13.65
      vertex 21.2775 0 13.5041
      vertex 21.3748 0 13.65
    endloop
  endfacet
  facet normal -0.5547 0 0.83205
    outer loop
      vertex 21.3748 0.61 13.65
      vertex 21.5083 0 13.739
      vertex 21.5083 0.61 13.739
    endloop
  endfacet
  facet normal -0.5547 0 0.83205
    outer loop
      vertex 21.5083 0 13.739
      vertex 21.3748 0.61 13.65
      vertex 21.3748 0 13.65
    endloop
  endfacet
  facet normal -0.184289 0 0.982872
    outer loop
      vertex 21.5083 0.61 13.739
      vertex 21.6667 0 13.7687
      vertex 21.6667 0.61 13.7687
    endloop
  endfacet
  facet normal -0.184289 0 0.982872
    outer loop
      vertex 21.6667 0 13.7687
      vertex 21.5083 0.61 13.739
      vertex 21.5083 0 13.739
    endloop
  endfacet
  facet normal 0.164911 0 0.986308
    outer loop
      vertex 21.6667 0.61 13.7687
      vertex 21.8228 0 13.7426
      vertex 21.8228 0.61 13.7426
    endloop
  endfacet
  facet normal 0.164911 0 0.986308
    outer loop
      vertex 21.8228 0 13.7426
      vertex 21.6667 0.61 13.7687
      vertex 21.6667 0 13.7687
    endloop
  endfacet
  facet normal 0.541386 0 0.840774
    outer loop
      vertex 21.8228 0.61 13.7426
      vertex 21.9444 0 13.6643
      vertex 21.9444 0.61 13.6643
    endloop
  endfacet
  facet normal 0.541386 0 0.840774
    outer loop
      vertex 21.9444 0 13.6643
      vertex 21.8228 0.61 13.7426
      vertex 21.8228 0 13.7426
    endloop
  endfacet
  facet normal 0.841983 -0 0.539503
    outer loop
      vertex 21.9444 0 13.6643
      vertex 22.0227 0.61 13.5421
      vertex 21.9444 0.61 13.6643
    endloop
  endfacet
  facet normal 0.841983 0 0.539503
    outer loop
      vertex 22.0227 0.61 13.5421
      vertex 21.9444 0 13.6643
      vertex 22.0227 0 13.5421
    endloop
  endfacet
  facet normal 0.986512 -0 0.16369
    outer loop
      vertex 22.0227 0 13.5421
      vertex 22.0489 0.61 13.3842
      vertex 22.0227 0.61 13.5421
    endloop
  endfacet
  facet normal 0.986512 0 0.16369
    outer loop
      vertex 22.0489 0.61 13.3842
      vertex 22.0227 0 13.5421
      vertex 22.0489 0 13.3842
    endloop
  endfacet
  facet normal 0.982074 0 -0.188495
    outer loop
      vertex 22.0489 0 13.3842
      vertex 22.0132 0.61 13.1982
      vertex 22.0489 0.61 13.3842
    endloop
  endfacet
  facet normal 0.982074 0 -0.188495
    outer loop
      vertex 22.0132 0.61 13.1982
      vertex 22.0489 0 13.3842
      vertex 22.0132 0 13.1982
    endloop
  endfacet
  facet normal 0.805363 0 -0.592782
    outer loop
      vertex 22.0132 0 13.1982
      vertex 21.9064 0.61 13.0531
      vertex 22.0132 0.61 13.1982
    endloop
  endfacet
  facet normal 0.805363 0 -0.592782
    outer loop
      vertex 21.9064 0.61 13.0531
      vertex 22.0132 0 13.1982
      vertex 21.9064 0 13.0531
    endloop
  endfacet
  facet normal 0.464993 0 -0.885314
    outer loop
      vertex 21.732 0 12.9615
      vertex 21.9064 0.61 13.0531
      vertex 21.9064 0 13.0531
    endloop
  endfacet
  facet normal 0.464993 0 -0.885314
    outer loop
      vertex 21.9064 0.61 13.0531
      vertex 21.732 0 12.9615
      vertex 21.732 0.61 12.9615
    endloop
  endfacet
  facet normal 0.107961 0 -0.994155
    outer loop
      vertex 21.4935 0 12.9356
      vertex 21.732 0.61 12.9615
      vertex 21.732 0 12.9615
    endloop
  endfacet
  facet normal 0.107961 0 -0.994155
    outer loop
      vertex 21.732 0.61 12.9615
      vertex 21.4935 0 12.9356
      vertex 21.4935 0.61 12.9356
    endloop
  endfacet
  facet normal 0.990955 0 -0.134194
    outer loop
      vertex 21.4935 0 12.9356
      vertex 21.4199 0.61 12.3921
      vertex 21.4935 0.61 12.9356
    endloop
  endfacet
  facet normal 0.990955 0 -0.134194
    outer loop
      vertex 21.4199 0.61 12.3921
      vertex 21.4935 0 12.9356
      vertex 21.4199 0 12.3921
    endloop
  endfacet
  facet normal -0.220424 0 0.975404
    outer loop
      vertex 21.4199 0.61 12.3921
      vertex 21.5854 0 12.4295
      vertex 21.5854 0.61 12.4295
    endloop
  endfacet
  facet normal -0.220424 0 0.975404
    outer loop
      vertex 21.5854 0 12.4295
      vertex 21.4199 0.61 12.3921
      vertex 21.4199 0 12.3921
    endloop
  endfacet
  facet normal -0.088493 0 0.996077
    outer loop
      vertex 21.5854 0.61 12.4295
      vertex 21.7261 0 12.442
      vertex 21.7261 0.61 12.442
    endloop
  endfacet
  facet normal -0.088493 0 0.996077
    outer loop
      vertex 21.7261 0 12.442
      vertex 21.5854 0.61 12.4295
      vertex 21.5854 0 12.4295
    endloop
  endfacet
  facet normal 0.200515 0 0.979691
    outer loop
      vertex 21.7261 0.61 12.442
      vertex 21.9059 0 12.4052
      vertex 21.9059 0.61 12.4052
    endloop
  endfacet
  facet normal 0.200515 0 0.979691
    outer loop
      vertex 21.9059 0 12.4052
      vertex 21.7261 0.61 12.442
      vertex 21.7261 0 12.442
    endloop
  endfacet
  facet normal 0.592503 0 0.805568
    outer loop
      vertex 21.9059 0.61 12.4052
      vertex 22.056 0 12.2948
      vertex 22.056 0.61 12.2948
    endloop
  endfacet
  facet normal 0.592503 0 0.805568
    outer loop
      vertex 22.056 0 12.2948
      vertex 21.9059 0.61 12.4052
      vertex 21.9059 0 12.4052
    endloop
  endfacet
  facet normal 0.86311 -0 0.505016
    outer loop
      vertex 22.056 0 12.2948
      vertex 22.1574 0.61 12.1215
      vertex 22.056 0.61 12.2948
    endloop
  endfacet
  facet normal 0.86311 0 0.505016
    outer loop
      vertex 22.1574 0.61 12.1215
      vertex 22.056 0 12.2948
      vertex 22.1574 0 12.1215
    endloop
  endfacet
  facet normal 0.988878 -0 0.148727
    outer loop
      vertex 22.1574 0 12.1215
      vertex 22.1913 0.61 11.8961
      vertex 22.1574 0.61 12.1215
    endloop
  endfacet
  facet normal 0.988878 0 0.148727
    outer loop
      vertex 22.1913 0.61 11.8961
      vertex 22.1574 0 12.1215
      vertex 22.1913 0 11.8961
    endloop
  endfacet
  facet normal 0.989232 0 -0.146353
    outer loop
      vertex 22.1913 0 11.8961
      vertex 22.156 0.61 11.6575
      vertex 22.1913 0.61 11.8961
    endloop
  endfacet
  facet normal 0.989232 0 -0.146353
    outer loop
      vertex 22.156 0.61 11.6575
      vertex 22.1913 0 11.8961
      vertex 22.156 0 11.6575
    endloop
  endfacet
  facet normal 0.866382 0 -0.499383
    outer loop
      vertex 22.156 0 11.6575
      vertex 22.05 0.61 11.4736
      vertex 22.156 0.61 11.6575
    endloop
  endfacet
  facet normal 0.866382 0 -0.499383
    outer loop
      vertex 22.05 0.61 11.4736
      vertex 22.156 0 11.6575
      vertex 22.05 0 11.4736
    endloop
  endfacet
  facet normal 0.597962 0 -0.801524
    outer loop
      vertex 21.8925 0 11.3561
      vertex 22.05 0.61 11.4736
      vertex 22.05 0 11.4736
    endloop
  endfacet
  facet normal 0.597962 0 -0.801524
    outer loop
      vertex 22.05 0.61 11.4736
      vertex 21.8925 0 11.3561
      vertex 21.8925 0.61 11.3561
    endloop
  endfacet
  facet normal 0.201362 0 -0.979517
    outer loop
      vertex 21.7023 0 11.317
      vertex 21.8925 0.61 11.3561
      vertex 21.8925 0 11.3561
    endloop
  endfacet
  facet normal 0.201362 0 -0.979517
    outer loop
      vertex 21.8925 0.61 11.3561
      vertex 21.7023 0 11.317
      vertex 21.7023 0.61 11.317
    endloop
  endfacet
  facet normal -0.18015 0 -0.983639
    outer loop
      vertex 21.5243 0 11.3496
      vertex 21.7023 0.61 11.317
      vertex 21.7023 0 11.317
    endloop
  endfacet
  facet normal -0.18015 0 -0.983639
    outer loop
      vertex 21.7023 0.61 11.317
      vertex 21.5243 0 11.3496
      vertex 21.5243 0.61 11.3496
    endloop
  endfacet
  facet normal -0.547837 0 -0.836585
    outer loop
      vertex 21.3748 0 11.4475
      vertex 21.5243 0.61 11.3496
      vertex 21.5243 0 11.3496
    endloop
  endfacet
  facet normal -0.547837 0 -0.836585
    outer loop
      vertex 21.5243 0.61 11.3496
      vertex 21.3748 0 11.4475
      vertex 21.3748 0.61 11.4475
    endloop
  endfacet
  facet normal -0.825307 0 -0.564684
    outer loop
      vertex 21.3748 0 11.4475
      vertex 21.2656 0.61 11.6071
      vertex 21.3748 0.61 11.4475
    endloop
  endfacet
  facet normal -0.825307 -0 -0.564684
    outer loop
      vertex 21.2656 0.61 11.6071
      vertex 21.3748 0 11.4475
      vertex 21.2656 0 11.6071
    endloop
  endfacet
  facet normal -0.967528 0 -0.252765
    outer loop
      vertex 21.2656 0 11.6071
      vertex 21.2087 0.61 11.8249
      vertex 21.2656 0.61 11.6071
    endloop
  endfacet
  facet normal -0.967528 -0 -0.252765
    outer loop
      vertex 21.2087 0.61 11.8249
      vertex 21.2656 0 11.6071
      vertex 21.2087 0 11.8249
    endloop
  endfacet
  facet normal 0.1204 0 -0.992725
    outer loop
      vertex 20.5631 0 11.7466
      vertex 21.2087 0.61 11.8249
      vertex 21.2087 0 11.8249
    endloop
  endfacet
  facet normal 0.1204 0 -0.992725
    outer loop
      vertex 21.2087 0.61 11.8249
      vertex 20.5631 0 11.7466
      vertex 20.5631 0.61 11.7466
    endloop
  endfacet
  facet normal 0.960505 -0 0.278264
    outer loop
      vertex 20.5631 0 11.7466
      vertex 20.6782 0.61 11.3493
      vertex 20.5631 0.61 11.7466
    endloop
  endfacet
  facet normal 0.960505 0 0.278264
    outer loop
      vertex 20.6782 0.61 11.3493
      vertex 20.5631 0 11.7466
      vertex 20.6782 0 11.3493
    endloop
  endfacet
  facet normal 0.787293 -0 0.616579
    outer loop
      vertex 20.6782 0 11.3493
      vertex 20.9238 0.61 11.0357
      vertex 20.6782 0.61 11.3493
    endloop
  endfacet
  facet normal 0.787293 0 0.616579
    outer loop
      vertex 20.9238 0.61 11.0357
      vertex 20.6782 0 11.3493
      vertex 20.9238 0 11.0357
    endloop
  endfacet
  facet normal 0.501803 0 0.864982
    outer loop
      vertex 20.9238 0.61 11.0357
      vertex 21.2751 0 10.8319
      vertex 21.2751 0.61 10.8319
    endloop
  endfacet
  facet normal 0.501803 0 0.864982
    outer loop
      vertex 21.2751 0 10.8319
      vertex 20.9238 0.61 11.0357
      vertex 20.9238 0 11.0357
    endloop
  endfacet
  facet normal 0.15527 0 0.987872
    outer loop
      vertex 21.2751 0.61 10.8319
      vertex 21.7071 0 10.764
      vertex 21.7071 0.61 10.764
    endloop
  endfacet
  facet normal 0.15527 0 0.987872
    outer loop
      vertex 21.7071 0 10.764
      vertex 21.2751 0.61 10.8319
      vertex 21.2751 0 10.8319
    endloop
  endfacet
  facet normal -0.173712 0 0.984797
    outer loop
      vertex 21.7071 0.61 10.764
      vertex 22.1646 0 10.8447
      vertex 22.1646 0.61 10.8447
    endloop
  endfacet
  facet normal -0.173712 0 0.984797
    outer loop
      vertex 22.1646 0 10.8447
      vertex 21.7071 0.61 10.764
      vertex 21.7071 0 10.764
    endloop
  endfacet
  facet normal 0 0 -1
    outer loop
      vertex 25.4739 0 11.4427
      vertex 26.7983 0.61 11.4427
      vertex 26.7983 0 11.4427
    endloop
  endfacet
  facet normal -0 0 -1
    outer loop
      vertex 26.7983 0.61 11.4427
      vertex 25.4739 0 11.4427
      vertex 25.4739 0.61 11.4427
    endloop
  endfacet
  facet normal -0.83513 0 0.550053
    outer loop
      vertex 25.4739 0 11.4427
      vertex 25.5341 0.61 11.5341
      vertex 25.4739 0.61 11.4427
    endloop
  endfacet
  facet normal -0.83513 0 0.550053
    outer loop
      vertex 25.5341 0.61 11.5341
      vertex 25.4739 0 11.4427
      vertex 25.5341 0 11.5341
    endloop
  endfacet
  facet normal -0.776165 0 0.63053
    outer loop
      vertex 25.5341 0 11.5341
      vertex 25.6103 0.61 11.6279
      vertex 25.5341 0.61 11.5341
    endloop
  endfacet
  facet normal -0.776165 0 0.63053
    outer loop
      vertex 25.6103 0.61 11.6279
      vertex 25.5341 0 11.5341
      vertex 25.6103 0 11.6279
    endloop
  endfacet
  facet normal -0.710562 0 0.703635
    outer loop
      vertex 25.6103 0 11.6279
      vertex 25.7525 0.61 11.7715
      vertex 25.6103 0.61 11.6279
    endloop
  endfacet
  facet normal -0.710562 0 0.703635
    outer loop
      vertex 25.7525 0.61 11.7715
      vertex 25.6103 0 11.6279
      vertex 25.7525 0 11.7715
    endloop
  endfacet
  facet normal -0.682752 0 0.73065
    outer loop
      vertex 25.7525 0.61 11.7715
      vertex 26.0103 0 12.0124
      vertex 26.0103 0.61 12.0124
    endloop
  endfacet
  facet normal -0.682752 0 0.73065
    outer loop
      vertex 26.0103 0 12.0124
      vertex 25.7525 0.61 11.7715
      vertex 25.7525 0 11.7715
    endloop
  endfacet
  facet normal -0.691659 0 0.722225
    outer loop
      vertex 26.0103 0.61 12.0124
      vertex 26.2773 0 12.2681
      vertex 26.2773 0.61 12.2681
    endloop
  endfacet
  facet normal -0.691659 0 0.722225
    outer loop
      vertex 26.2773 0 12.2681
      vertex 26.0103 0.61 12.0124
      vertex 26.0103 0 12.0124
    endloop
  endfacet
  facet normal -0.742489 0 0.669858
    outer loop
      vertex 26.2773 0 12.2681
      vertex 26.447 0.61 12.4562
      vertex 26.2773 0.61 12.2681
    endloop
  endfacet
  facet normal -0.742489 0 0.669858
    outer loop
      vertex 26.447 0.61 12.4562
      vertex 26.2773 0 12.2681
      vertex 26.447 0 12.4562
    endloop
  endfacet
  facet normal -0.821295 0 0.570504
    outer loop
      vertex 26.447 0 12.4562
      vertex 26.6051 0.61 12.6838
      vertex 26.447 0.61 12.4562
    endloop
  endfacet
  facet normal -0.821295 0 0.570504
    outer loop
      vertex 26.6051 0.61 12.6838
      vertex 26.447 0 12.4562
      vertex 26.6051 0 12.6838
    endloop
  endfacet
  facet normal -0.894098 0 0.447872
    outer loop
      vertex 26.6051 0 12.6838
      vertex 26.714 0.61 12.9012
      vertex 26.6051 0.61 12.6838
    endloop
  endfacet
  facet normal -0.894098 0 0.447872
    outer loop
      vertex 26.714 0.61 12.9012
      vertex 26.6051 0 12.6838
      vertex 26.714 0 12.9012
    endloop
  endfacet
  facet normal -0.960487 0 0.278325
    outer loop
      vertex 26.714 0 12.9012
      vertex 26.7772 0.61 13.1193
      vertex 26.714 0.61 12.9012
    endloop
  endfacet
  facet normal -0.960487 0 0.278325
    outer loop
      vertex 26.7772 0.61 13.1193
      vertex 26.714 0 12.9012
      vertex 26.7772 0 13.1193
    endloop
  endfacet
  facet normal -0.995793 0 0.0916321
    outer loop
      vertex 26.7772 0 13.1193
      vertex 26.7983 0.61 13.3486
      vertex 26.7772 0.61 13.1193
    endloop
  endfacet
  facet normal -0.995793 0 0.0916321
    outer loop
      vertex 26.7983 0.61 13.3486
      vertex 26.7772 0 13.1193
      vertex 26.7983 0 13.3486
    endloop
  endfacet
  facet normal -0.98168 0 -0.190537
    outer loop
      vertex 26.7983 0 13.3486
      vertex 26.7247 0.61 13.7278
      vertex 26.7983 0.61 13.3486
    endloop
  endfacet
  facet normal -0.98168 -0 -0.190537
    outer loop
      vertex 26.7247 0.61 13.7278
      vertex 26.7983 0 13.3486
      vertex 26.7247 0 13.7278
    endloop
  endfacet
  facet normal -0.815958 0 -0.578112
    outer loop
      vertex 26.7247 0 13.7278
      vertex 26.504 0.61 14.0393
      vertex 26.7247 0.61 13.7278
    endloop
  endfacet
  facet normal -0.815958 -0 -0.578112
    outer loop
      vertex 26.504 0.61 14.0393
      vertex 26.7247 0 13.7278
      vertex 26.504 0 14.0393
    endloop
  endfacet
  facet normal -0.511963 0 -0.859007
    outer loop
      vertex 26.1545 0 14.2476
      vertex 26.504 0.61 14.0393
      vertex 26.504 0 14.0393
    endloop
  endfacet
  facet normal -0.511963 0 -0.859007
    outer loop
      vertex 26.504 0.61 14.0393
      vertex 26.1545 0 14.2476
      vertex 26.1545 0.61 14.2476
    endloop
  endfacet
  facet normal -0.149213 0 -0.988805
    outer loop
      vertex 25.6946 0 14.317
      vertex 26.1545 0.61 14.2476
      vertex 26.1545 0 14.2476
    endloop
  endfacet
  facet normal -0.149213 0 -0.988805
    outer loop
      vertex 26.1545 0.61 14.2476
      vertex 25.6946 0 14.317
      vertex 25.6946 0.61 14.317
    endloop
  endfacet
  facet normal 0.137944 0 -0.99044
    outer loop
      vertex 25.2638 0 14.257
      vertex 25.6946 0.61 14.317
      vertex 25.6946 0 14.317
    endloop
  endfacet
  facet normal 0.137944 0 -0.99044
    outer loop
      vertex 25.6946 0.61 14.317
      vertex 25.2638 0 14.257
      vertex 25.2638 0.61 14.257
    endloop
  endfacet
  facet normal 0.454278 0 -0.89086
    outer loop
      vertex 24.9114 0 14.0773
      vertex 25.2638 0.61 14.257
      vertex 25.2638 0 14.257
    endloop
  endfacet
  facet normal 0.454278 0 -0.89086
    outer loop
      vertex 25.2638 0.61 14.257
      vertex 24.9114 0 14.0773
      vertex 24.9114 0.61 14.0773
    endloop
  endfacet
  facet normal 0.785914 0 -0.618335
    outer loop
      vertex 24.9114 0 14.0773
      vertex 24.6616 0.61 13.7598
      vertex 24.9114 0.61 14.0773
    endloop
  endfacet
  facet normal 0.785914 0 -0.618335
    outer loop
      vertex 24.6616 0.61 13.7598
      vertex 24.9114 0 14.0773
      vertex 24.6616 0 13.7598
    endloop
  endfacet
  facet normal 0.967899 0 -0.251339
    outer loop
      vertex 24.6616 0 13.7598
      vertex 24.5388 0.61 13.2869
      vertex 24.6616 0.61 13.7598
    endloop
  endfacet
  facet normal 0.967899 0 -0.251339
    outer loop
      vertex 24.5388 0.61 13.2869
      vertex 24.6616 0 13.7598
      vertex 24.5388 0 13.2869
    endloop
  endfacet
  facet normal 0.0994296 0 0.995045
    outer loop
      vertex 24.5388 0.61 13.2869
      vertex 25.2033 0 13.2205
      vertex 25.2033 0.61 13.2205
    endloop
  endfacet
  facet normal 0.0994296 0 0.995045
    outer loop
      vertex 25.2033 0 13.2205
      vertex 24.5388 0.61 13.2869
      vertex 24.5388 0 13.2869
    endloop
  endfacet
  facet normal -0.984164 0 0.17726
    outer loop
      vertex 25.2033 0 13.2205
      vertex 25.2484 0.61 13.4709
      vertex 25.2033 0.61 13.2205
    endloop
  endfacet
  facet normal -0.984164 0 0.17726
    outer loop
      vertex 25.2484 0.61 13.4709
      vertex 25.2033 0 13.2205
      vertex 25.2484 0 13.4709
    endloop
  endfacet
  facet normal -0.864434 0 0.502746
    outer loop
      vertex 25.2484 0 13.4709
      vertex 25.3457 0.61 13.6382
      vertex 25.2484 0.61 13.4709
    endloop
  endfacet
  facet normal -0.864434 0 0.502746
    outer loop
      vertex 25.3457 0.61 13.6382
      vertex 25.2484 0 13.4709
      vertex 25.3457 0 13.6382
    endloop
  endfacet
  facet normal -0.54572 0 0.837967
    outer loop
      vertex 25.3457 0.61 13.6382
      vertex 25.4905 0 13.7325
      vertex 25.4905 0.61 13.7325
    endloop
  endfacet
  facet normal -0.54572 0 0.837967
    outer loop
      vertex 25.4905 0 13.7325
      vertex 25.3457 0.61 13.6382
      vertex 25.3457 0 13.6382
    endloop
  endfacet
  facet normal -0.165678 0 0.98618
    outer loop
      vertex 25.4905 0.61 13.7325
      vertex 25.678 0 13.764
      vertex 25.678 0.61 13.764
    endloop
  endfacet
  facet normal -0.165678 0 0.98618
    outer loop
      vertex 25.678 0 13.764
      vertex 25.4905 0.61 13.7325
      vertex 25.4905 0 13.7325
    endloop
  endfacet
  facet normal 0.157254 0 0.987558
    outer loop
      vertex 25.678 0.61 13.764
      vertex 25.8664 0 13.734
      vertex 25.8664 0.61 13.734
    endloop
  endfacet
  facet normal 0.157254 0 0.987558
    outer loop
      vertex 25.8664 0 13.734
      vertex 25.678 0.61 13.764
      vertex 25.678 0 13.764
    endloop
  endfacet
  facet normal 0.533033 0 0.846094
    outer loop
      vertex 25.8664 0.61 13.734
      vertex 26.0091 0 13.6441
      vertex 26.0091 0.61 13.6441
    endloop
  endfacet
  facet normal 0.533033 0 0.846094
    outer loop
      vertex 26.0091 0 13.6441
      vertex 25.8664 0.61 13.734
      vertex 25.8664 0 13.734
    endloop
  endfacet
  facet normal 0.851036 -0 0.525107
    outer loop
      vertex 26.0091 0 13.6441
      vertex 26.099 0.61 13.4984
      vertex 26.0091 0.61 13.6441
    endloop
  endfacet
  facet normal 0.851036 0 0.525107
    outer loop
      vertex 26.099 0.61 13.4984
      vertex 26.0091 0 13.6441
      vertex 26.099 0 13.4984
    endloop
  endfacet
  facet normal 0.988637 -0 0.150325
    outer loop
      vertex 26.099 0 13.4984
      vertex 26.129 0.61 13.3011
      vertex 26.099 0.61 13.4984
    endloop
  endfacet
  facet normal 0.988637 0 0.150325
    outer loop
      vertex 26.129 0.61 13.3011
      vertex 26.099 0 13.4984
      vertex 26.129 0 13.3011
    endloop
  endfacet
  facet normal 0.98593 0 -0.167156
    outer loop
      vertex 26.129 0 13.3011
      vertex 26.0946 0.61 13.0982
      vertex 26.129 0.61 13.3011
    endloop
  endfacet
  facet normal 0.98593 0 -0.167156
    outer loop
      vertex 26.0946 0.61 13.0982
      vertex 26.129 0 13.3011
      vertex 26.0946 0 13.0982
    endloop
  endfacet
  facet normal 0.893293 0 -0.449475
    outer loop
      vertex 26.0946 0 13.0982
      vertex 25.9913 0.61 12.8929
      vertex 26.0946 0.61 13.0982
    endloop
  endfacet
  facet normal 0.893293 0 -0.449475
    outer loop
      vertex 25.9913 0.61 12.8929
      vertex 26.0946 0 13.0982
      vertex 25.9913 0 12.8929
    endloop
  endfacet
  facet normal 0.753715 0 -0.657201
    outer loop
      vertex 25.9913 0 12.8929
      vertex 25.802 0.61 12.6758
      vertex 25.9913 0.61 12.8929
    endloop
  endfacet
  facet normal 0.753715 0 -0.657201
    outer loop
      vertex 25.802 0.61 12.6758
      vertex 25.9913 0 12.8929
      vertex 25.802 0 12.6758
    endloop
  endfacet
  facet normal 0.695964 0 -0.718077
    outer loop
      vertex 25.4383 0 12.3233
      vertex 25.802 0.61 12.6758
      vertex 25.802 0 12.6758
    endloop
  endfacet
  facet normal 0.695964 0 -0.718077
    outer loop
      vertex 25.802 0.61 12.6758
      vertex 25.4383 0 12.3233
      vertex 25.4383 0.61 12.3233
    endloop
  endfacet
  facet normal 0.707711 0 -0.706502
    outer loop
      vertex 25.4383 0 12.3233
      vertex 24.9707 0.61 11.8549
      vertex 25.4383 0.61 12.3233
    endloop
  endfacet
  facet normal 0.707711 0 -0.706502
    outer loop
      vertex 24.9707 0.61 11.8549
      vertex 25.4383 0 12.3233
      vertex 24.9707 0 11.8549
    endloop
  endfacet
  facet normal 0.791642 0 -0.610986
    outer loop
      vertex 24.9707 0 11.8549
      vertex 24.6883 0.61 11.489
      vertex 24.9707 0.61 11.8549
    endloop
  endfacet
  facet normal 0.791642 0 -0.610986
    outer loop
      vertex 24.6883 0.61 11.489
      vertex 24.9707 0 11.8549
      vertex 24.6883 0 11.489
    endloop
  endfacet
  facet normal 0.90523 0 -0.424921
    outer loop
      vertex 24.6883 0 11.489
      vertex 24.5364 0.61 11.1654
      vertex 24.6883 0.61 11.489
    endloop
  endfacet
  facet normal 0.90523 0 -0.424921
    outer loop
      vertex 24.5364 0.61 11.1654
      vertex 24.6883 0 11.489
      vertex 24.5364 0 11.1654
    endloop
  endfacet
  facet normal 0.9762 0 -0.21687
    outer loop
      vertex 24.5364 0 11.1654
      vertex 24.4604 0.61 10.8233
      vertex 24.5364 0.61 11.1654
    endloop
  endfacet
  facet normal 0.9762 0 -0.21687
    outer loop
      vertex 24.4604 0.61 10.8233
      vertex 24.5364 0 11.1654
      vertex 24.4604 0 10.8233
    endloop
  endfacet
  facet normal -0 0 1
    outer loop
      vertex 24.4604 0.61 10.8233
      vertex 26.7983 0 10.8233
      vertex 26.7983 0.61 10.8233
    endloop
  endfacet
  facet normal 0 0 1
    outer loop
      vertex 26.7983 0 10.8233
      vertex 24.4604 0.61 10.8233
      vertex 24.4604 0 10.8233
    endloop
  endfacet
  facet normal -1 0 0
    outer loop
      vertex 26.7983 0 10.8233
      vertex 26.7983 0.61 11.4427
      vertex 26.7983 0.61 10.8233
    endloop
  endfacet
  facet normal -1 -0 0
    outer loop
      vertex 26.7983 0.61 11.4427
      vertex 26.7983 0 10.8233
      vertex 26.7983 0 11.4427
    endloop
  endfacet
  facet normal -0.648608 0 0.761123
    outer loop
      vertex 28.8813 0.61 10.8791
      vertex 29.2865 0 11.2244
      vertex 29.2865 0.61 11.2244
    endloop
  endfacet
  facet normal -0.648608 0 0.761123
    outer loop
      vertex 29.2865 0 11.2244
      vertex 28.8813 0.61 10.8791
      vertex 28.8813 0 10.8791
    endloop
  endfacet
  facet normal -0.887624 0 0.460569
    outer loop
      vertex 29.2865 0 11.2244
      vertex 29.4734 0.61 11.5846
      vertex 29.2865 0.61 11.2244
    endloop
  endfacet
  facet normal -0.887624 0 0.460569
    outer loop
      vertex 29.4734 0.61 11.5846
      vertex 29.2865 0 11.2244
      vertex 29.4734 0 11.5846
    endloop
  endfacet
  facet normal -0.988453 0 0.151527
    outer loop
      vertex 29.4734 0 11.5846
      vertex 29.5357 0.61 11.991
      vertex 29.4734 0.61 11.5846
    endloop
  endfacet
  facet normal -0.988453 0 0.151527
    outer loop
      vertex 29.5357 0.61 11.991
      vertex 29.4734 0 11.5846
      vertex 29.5357 0 11.991
    endloop
  endfacet
  facet normal -0.986644 0 -0.162891
    outer loop
      vertex 29.5357 0 11.991
      vertex 29.4586 0.61 12.458
      vertex 29.5357 0.61 11.991
    endloop
  endfacet
  facet normal -0.986644 -0 -0.162891
    outer loop
      vertex 29.4586 0.61 12.458
      vertex 29.5357 0 11.991
      vertex 29.4586 0 12.458
    endloop
  endfacet
  facet normal -0.848358 0 -0.529423
    outer loop
      vertex 29.4586 0 12.458
      vertex 29.2272 0.61 12.8288
      vertex 29.4586 0.61 12.458
    endloop
  endfacet
  facet normal -0.848358 -0 -0.529423
    outer loop
      vertex 29.2272 0.61 12.8288
      vertex 29.4586 0 12.458
      vertex 29.2272 0 12.8288
    endloop
  endfacet
  facet normal -0.577329 0 -0.816512
    outer loop
      vertex 28.8848 0 13.0709
      vertex 29.2272 0.61 12.8288
      vertex 29.2272 0 12.8288
    endloop
  endfacet
  facet normal -0.577329 0 -0.816512
    outer loop
      vertex 29.2272 0.61 12.8288
      vertex 28.8848 0 13.0709
      vertex 28.8848 0.61 13.0709
    endloop
  endfacet
  facet normal -0.193124 0 -0.981174
    outer loop
      vertex 28.4748 0 13.1516
      vertex 28.8848 0.61 13.0709
      vertex 28.8848 0 13.0709
    endloop
  endfacet
  facet normal -0.193124 0 -0.981174
    outer loop
      vertex 28.8848 0.61 13.0709
      vertex 28.4748 0 13.1516
      vertex 28.4748 0.61 13.1516
    endloop
  endfacet
  facet normal 0.120318 0 -0.992735
    outer loop
      vertex 28.2446 0 13.1237
      vertex 28.4748 0.61 13.1516
      vertex 28.4748 0 13.1516
    endloop
  endfacet
  facet normal 0.120318 0 -0.992735
    outer loop
      vertex 28.4748 0.61 13.1516
      vertex 28.2446 0 13.1237
      vertex 28.2446 0.61 13.1237
    endloop
  endfacet
  facet normal 0.347612 0 -0.937638
    outer loop
      vertex 28.0191 0 13.0401
      vertex 28.2446 0.61 13.1237
      vertex 28.2446 0 13.1237
    endloop
  endfacet
  facet normal 0.347612 0 -0.937638
    outer loop
      vertex 28.2446 0.61 13.1237
      vertex 28.0191 0 13.0401
      vertex 28.0191 0.61 13.0401
    endloop
  endfacet
  facet normal -0.984748 0 0.173985
    outer loop
      vertex 28.0191 0 13.0401
      vertex 28.1235 0.61 13.631
      vertex 28.0191 0.61 13.0401
    endloop
  endfacet
  facet normal -0.984748 0 0.173985
    outer loop
      vertex 28.1235 0.61 13.631
      vertex 28.0191 0 13.0401
      vertex 28.1235 0 13.631
    endloop
  endfacet
  facet normal -0 0 1
    outer loop
      vertex 28.1235 0.61 13.631
      vertex 29.3814 0 13.631
      vertex 29.3814 0.61 13.631
    endloop
  endfacet
  facet normal 0 0 1
    outer loop
      vertex 29.3814 0 13.631
      vertex 28.1235 0.61 13.631
      vertex 28.1235 0 13.631
    endloop
  endfacet
  facet normal -1 0 0
    outer loop
      vertex 29.3814 0 13.631
      vertex 29.3814 0.61 14.2553
      vertex 29.3814 0.61 13.631
    endloop
  endfacet
  facet normal -1 -0 0
    outer loop
      vertex 29.3814 0.61 14.2553
      vertex 29.3814 0 13.631
      vertex 29.3814 0 14.2553
    endloop
  endfacet
  facet normal 0 0 -1
    outer loop
      vertex 27.618 0 14.2553
      vertex 29.3814 0.61 14.2553
      vertex 29.3814 0 14.2553
    endloop
  endfacet
  facet normal -0 0 -1
    outer loop
      vertex 29.3814 0.61 14.2553
      vertex 27.618 0 14.2553
      vertex 27.618 0.61 14.2553
    endloop
  endfacet
  facet normal 0.98265 0 -0.185471
    outer loop
      vertex 27.618 0 14.2553
      vertex 27.2762 0.61 12.4444
      vertex 27.618 0.61 14.2553
    endloop
  endfacet
  facet normal 0.98265 0 -0.185471
    outer loop
      vertex 27.2762 0.61 12.4444
      vertex 27.618 0 14.2553
      vertex 27.2762 0 12.4444
    endloop
  endfacet
  facet normal 0.143367 0 0.98967
    outer loop
      vertex 27.2762 0.61 12.4444
      vertex 27.8174 0 12.366
      vertex 27.8174 0.61 12.366
    endloop
  endfacet
  facet normal 0.143367 0 0.98967
    outer loop
      vertex 27.8174 0 12.366
      vertex 27.2762 0.61 12.4444
      vertex 27.2762 0 12.4444
    endloop
  endfacet
  facet normal -0.617592 0 0.786498
    outer loop
      vertex 27.8174 0.61 12.366
      vertex 28.06 0 12.5565
      vertex 28.06 0.61 12.5565
    endloop
  endfacet
  facet normal -0.617592 0 0.786498
    outer loop
      vertex 28.06 0 12.5565
      vertex 27.8174 0.61 12.366
      vertex 27.8174 0 12.366
    endloop
  endfacet
  facet normal -0.227026 0 0.973889
    outer loop
      vertex 28.06 0.61 12.5565
      vertex 28.3324 0 12.62
      vertex 28.3324 0.61 12.62
    endloop
  endfacet
  facet normal -0.227026 0 0.973889
    outer loop
      vertex 28.3324 0 12.62
      vertex 28.06 0.61 12.5565
      vertex 28.06 0 12.5565
    endloop
  endfacet
  facet normal 0.188865 0 0.982003
    outer loop
      vertex 28.3324 0.61 12.62
      vertex 28.5409 0 12.5799
      vertex 28.5409 0.61 12.5799
    endloop
  endfacet
  facet normal 0.188865 0 0.982003
    outer loop
      vertex 28.5409 0 12.5799
      vertex 28.3324 0.61 12.62
      vertex 28.3324 0 12.62
    endloop
  endfacet
  facet normal 0.588114 0 0.808778
    outer loop
      vertex 28.5409 0.61 12.5799
      vertex 28.7062 0 12.4597
      vertex 28.7062 0.61 12.4597
    endloop
  endfacet
  facet normal 0.588114 0 0.808778
    outer loop
      vertex 28.7062 0 12.4597
      vertex 28.5409 0.61 12.5799
      vertex 28.5409 0 12.5799
    endloop
  endfacet
  facet normal 0.880655 -0 0.473759
    outer loop
      vertex 28.7062 0 12.4597
      vertex 28.8139 0.61 12.2595
      vertex 28.7062 0.61 12.4597
    endloop
  endfacet
  facet normal 0.880655 0 0.473759
    outer loop
      vertex 28.8139 0.61 12.2595
      vertex 28.7062 0 12.4597
      vertex 28.8139 0 12.2595
    endloop
  endfacet
  facet normal 0.991898 -0 0.127039
    outer loop
      vertex 28.8139 0 12.2595
      vertex 28.8498 0.61 11.9792
      vertex 28.8139 0.61 12.2595
    endloop
  endfacet
  facet normal 0.991898 0 0.127039
    outer loop
      vertex 28.8498 0.61 11.9792
      vertex 28.8139 0 12.2595
      vertex 28.8498 0 11.9792
    endloop
  endfacet
  facet normal 0.992741 0 -0.120272
    outer loop
      vertex 28.8498 0 11.9792
      vertex 28.8136 0.61 11.6804
      vertex 28.8498 0.61 11.9792
    endloop
  endfacet
  facet normal 0.992741 0 -0.120272
    outer loop
      vertex 28.8136 0.61 11.6804
      vertex 28.8498 0 11.9792
      vertex 28.8136 0 11.6804
    endloop
  endfacet
  facet normal 0.890627 0 -0.454735
    outer loop
      vertex 28.8136 0 11.6804
      vertex 28.705 0.61 11.4677
      vertex 28.8136 0.61 11.6804
    endloop
  endfacet
  facet normal 0.890627 0 -0.454735
    outer loop
      vertex 28.705 0.61 11.4677
      vertex 28.8136 0 11.6804
      vertex 28.705 0 11.4677
    endloop
  endfacet
  facet normal 0.620703 0 -0.784046
    outer loop
      vertex 28.5442 0 11.3404
      vertex 28.705 0.61 11.4677
      vertex 28.705 0 11.4677
    endloop
  endfacet
  facet normal 0.620703 0 -0.784046
    outer loop
      vertex 28.705 0.61 11.4677
      vertex 28.5442 0 11.3404
      vertex 28.5442 0.61 11.3404
    endloop
  endfacet
  facet normal 0.214784 0 -0.976661
    outer loop
      vertex 28.3514 0 11.298
      vertex 28.5442 0.61 11.3404
      vertex 28.5442 0 11.3404
    endloop
  endfacet
  facet normal 0.214784 0 -0.976661
    outer loop
      vertex 28.5442 0.61 11.3404
      vertex 28.3514 0 11.298
      vertex 28.3514 0.61 11.298
    endloop
  endfacet
  facet normal -0.187768 0 -0.982213
    outer loop
      vertex 28.1793 0 11.3309
      vertex 28.3514 0.61 11.298
      vertex 28.3514 0 11.298
    endloop
  endfacet
  facet normal -0.187768 0 -0.982213
    outer loop
      vertex 28.3514 0.61 11.298
      vertex 28.1793 0 11.3309
      vertex 28.1793 0.61 11.3309
    endloop
  endfacet
  facet normal -0.548281 0 -0.836294
    outer loop
      vertex 28.0286 0 11.4297
      vertex 28.1793 0.61 11.3309
      vertex 28.1793 0 11.3309
    endloop
  endfacet
  facet normal -0.548281 0 -0.836294
    outer loop
      vertex 28.1793 0.61 11.3309
      vertex 28.0286 0 11.4297
      vertex 28.0286 0.61 11.4297
    endloop
  endfacet
  facet normal -0.810404 0 -0.585872
    outer loop
      vertex 28.0286 0 11.4297
      vertex 27.9164 0.61 11.5849
      vertex 28.0286 0.61 11.4297
    endloop
  endfacet
  facet normal -0.810404 -0 -0.585872
    outer loop
      vertex 27.9164 0.61 11.5849
      vertex 28.0286 0 11.4297
      vertex 27.9164 0 11.5849
    endloop
  endfacet
  facet normal -0.963285 0 -0.26848
    outer loop
      vertex 27.9164 0 11.5849
      vertex 27.8601 0.61 11.7869
      vertex 27.9164 0.61 11.5849
    endloop
  endfacet
  facet normal -0.963285 -0 -0.26848
    outer loop
      vertex 27.8601 0.61 11.7869
      vertex 27.9164 0 11.5849
      vertex 27.8601 0 11.7869
    endloop
  endfacet
  facet normal 0.102971 0 -0.994684
    outer loop
      vertex 27.1955 0 11.7181
      vertex 27.8601 0.61 11.7869
      vertex 27.8601 0 11.7869
    endloop
  endfacet
  facet normal 0.102971 0 -0.994684
    outer loop
      vertex 27.8601 0.61 11.7869
      vertex 27.1955 0 11.7181
      vertex 27.1955 0.61 11.7181
    endloop
  endfacet
  facet normal 0.955969 -0 0.293469
    outer loop
      vertex 27.1955 0 11.7181
      vertex 27.3159 0.61 11.3259
      vertex 27.1955 0.61 11.7181
    endloop
  endfacet
  facet normal 0.955969 0 0.293469
    outer loop
      vertex 27.3159 0.61 11.3259
      vertex 27.1955 0 11.7181
      vertex 27.3159 0 11.3259
    endloop
  endfacet
  facet normal 0.780793 -0 0.624789
    outer loop
      vertex 27.3159 0 11.3259
      vertex 27.5586 0.61 11.0226
      vertex 27.3159 0.61 11.3259
    endloop
  endfacet
  facet normal 0.780793 0 0.624789
    outer loop
      vertex 27.5586 0.61 11.0226
      vertex 27.3159 0 11.3259
      vertex 27.5586 0 11.0226
    endloop
  endfacet
  facet normal 0.486601 0 0.873624
    outer loop
      vertex 27.5586 0.61 11.0226
      vertex 27.9069 0 10.8286
      vertex 27.9069 0.61 10.8286
    endloop
  endfacet
  facet normal 0.486601 0 0.873624
    outer loop
      vertex 27.9069 0 10.8286
      vertex 27.5586 0.61 11.0226
      vertex 27.5586 0 11.0226
    endloop
  endfacet
  facet normal 0.146106 0 0.989269
    outer loop
      vertex 27.9069 0.61 10.8286
      vertex 28.3443 0 10.764
      vertex 28.3443 0.61 10.764
    endloop
  endfacet
  facet normal 0.146106 0 0.989269
    outer loop
      vertex 28.3443 0 10.764
      vertex 27.9069 0.61 10.8286
      vertex 27.9069 0 10.8286
    endloop
  endfacet
  facet normal -0.209579 0 0.977792
    outer loop
      vertex 28.3443 0.61 10.764
      vertex 28.8813 0 10.8791
      vertex 28.8813 0.61 10.8791
    endloop
  endfacet
  facet normal -0.209579 0 0.977792
    outer loop
      vertex 28.8813 0 10.8791
      vertex 28.3443 0.61 10.764
      vertex 28.3443 0 10.764
    endloop
  endfacet
  facet normal 0 0 -1
    outer loop
      vertex 23.3694 0 11.4902
      vertex 24.0363 0.61 11.4902
      vertex 24.0363 0 11.4902
    endloop
  endfacet
  facet normal -0 0 -1
    outer loop
      vertex 24.0363 0.61 11.4902
      vertex 23.3694 0 11.4902
      vertex 23.3694 0.61 11.4902
    endloop
  endfacet
  facet normal 1 -0 0
    outer loop
      vertex 23.3694 0 11.4902
      vertex 23.3694 0.61 10.8233
      vertex 23.3694 0.61 11.4902
    endloop
  endfacet
  facet normal 1 0 0
    outer loop
      vertex 23.3694 0.61 10.8233
      vertex 23.3694 0 11.4902
      vertex 23.3694 0 10.8233
    endloop
  endfacet
  facet normal -0 0 1
    outer loop
      vertex 23.3694 0.61 10.8233
      vertex 24.0363 0 10.8233
      vertex 24.0363 0.61 10.8233
    endloop
  endfacet
  facet normal 0 0 1
    outer loop
      vertex 24.0363 0 10.8233
      vertex 23.3694 0.61 10.8233
      vertex 23.3694 0 10.8233
    endloop
  endfacet
  facet normal -1 0 0
    outer loop
      vertex 24.0363 0 10.8233
      vertex 24.0363 0.61 11.4902
      vertex 24.0363 0.61 10.8233
    endloop
  endfacet
  facet normal -1 -0 0
    outer loop
      vertex 24.0363 0.61 11.4902
      vertex 24.0363 0 10.8233
      vertex 24.0363 0 11.4902
    endloop
  endfacet
  facet normal 0 -1 0
    outer loop
      vertex 38.8832 0.61 11.7466
      vertex 39.5857 0.61 11.6071
      vertex 39.5287 0.61 11.8249
    endloop
  endfacet
  facet normal 0 -1 0
    outer loop
      vertex 38.9983 0.61 11.3493
      vertex 39.5857 0.61 11.6071
      vertex 38.8832 0.61 11.7466
    endloop
  endfacet
  facet normal 0 -1 0
    outer loop
      vertex 39.2439 0.61 11.0357
      vertex 39.5857 0.61 11.6071
      vertex 38.9983 0.61 11.3493
    endloop
  endfacet
  facet normal 0 -1 -0
    outer loop
      vertex 39.5857 0.61 11.6071
      vertex 39.2439 0.61 11.0357
      vertex 39.6949 0.61 11.4475
    endloop
  endfacet
  facet normal 0 -1 0
    outer loop
      vertex 39.5952 0.61 10.8319
      vertex 39.6949 0.61 11.4475
      vertex 39.2439 0.61 11.0357
    endloop
  endfacet
  facet normal 0 -1 -0
    outer loop
      vertex 39.6949 0.61 11.4475
      vertex 39.5952 0.61 10.8319
      vertex 39.8444 0.61 11.3496
    endloop
  endfacet
  facet normal 0 -1 0
    outer loop
      vertex 40.0271 0.61 10.764
      vertex 39.8444 0.61 11.3496
      vertex 39.5952 0.61 10.8319
    endloop
  endfacet
  facet normal -0 -1 0
    outer loop
      vertex 40.4846 0.61 10.8447
      vertex 40.0224 0.61 11.317
      vertex 40.0271 0.61 10.764
    endloop
  endfacet
  facet normal 0 -1 0
    outer loop
      vertex 39.8444 0.61 11.3496
      vertex 40.0271 0.61 10.764
      vertex 40.0224 0.61 11.317
    endloop
  endfacet
  facet normal 0 -1 0
    outer loop
      vertex 40.0224 0.61 11.317
      vertex 40.4846 0.61 10.8447
      vertex 40.8602 0.61 11.0867
    endloop
  endfacet
  facet normal 0 -1 0
    outer loop
      vertex 39.7326 0.61 14.29
      vertex 39.8284 0.61 13.739
      vertex 39.9868 0.61 13.7687
    endloop
  endfacet
  facet normal 0 -1 0
    outer loop
      vertex 39.5976 0.61 13.5041
      vertex 39.1264 0.61 13.9123
      vertex 39.0134 0.61 13.6919
    endloop
  endfacet
  facet normal 0 -1 0
    outer loop
      vertex 39.2813 0.61 14.0808
      vertex 39.6949 0.61 13.65
      vertex 39.8284 0.61 13.739
    endloop
  endfacet
  facet normal 0 -1 0
    outer loop
      vertex 39.1264 0.61 13.9123
      vertex 39.5976 0.61 13.5041
      vertex 39.6949 0.61 13.65
    endloop
  endfacet
  facet normal 0 -1 0
    outer loop
      vertex 39.5477 0.61 13.3035
      vertex 39.0134 0.61 13.6919
      vertex 38.933 0.61 13.408
    endloop
  endfacet
  facet normal 0 -1 0
    outer loop
      vertex 39.0134 0.61 13.6919
      vertex 39.5477 0.61 13.3035
      vertex 39.5976 0.61 13.5041
    endloop
  endfacet
  facet normal 0 -1 0
    outer loop
      vertex 39.9868 0.61 13.7687
      vertex 40.0058 0.61 14.317
      vertex 39.7326 0.61 14.29
    endloop
  endfacet
  facet normal 0 -1 0
    outer loop
      vertex 39.8284 0.61 13.739
      vertex 39.7326 0.61 14.29
      vertex 39.4872 0.61 14.209
    endloop
  endfacet
  facet normal 0 -1 0
    outer loop
      vertex 39.8284 0.61 13.739
      vertex 39.4872 0.61 14.209
      vertex 39.2813 0.61 14.0808
    endloop
  endfacet
  facet normal 0 -1 0
    outer loop
      vertex 40.1429 0.61 13.7426
      vertex 40.0058 0.61 14.317
      vertex 39.9868 0.61 13.7687
    endloop
  endfacet
  facet normal 0 -1 0
    outer loop
      vertex 39.6949 0.61 13.65
      vertex 39.2813 0.61 14.0808
      vertex 39.1264 0.61 13.9123
    endloop
  endfacet
  facet normal 0 -1 0
    outer loop
      vertex 40.0058 0.61 14.317
      vertex 40.1429 0.61 13.7426
      vertex 40.4484 0.61 14.2386
    endloop
  endfacet
  facet normal 0 -1 0
    outer loop
      vertex 40.2645 0.61 13.6643
      vertex 40.4484 0.61 14.2386
      vertex 40.1429 0.61 13.7426
    endloop
  endfacet
  facet normal 0 -1 -0
    outer loop
      vertex 40.4484 0.61 14.2386
      vertex 40.2645 0.61 13.6643
      vertex 40.7938 0.61 14.0037
    endloop
  endfacet
  facet normal 0 -1 0
    outer loop
      vertex 40.3428 0.61 13.5421
      vertex 40.7938 0.61 14.0037
      vertex 40.2645 0.61 13.6643
    endloop
  endfacet
  facet normal 0 -1 -0
    outer loop
      vertex 40.7938 0.61 14.0037
      vertex 40.3428 0.61 13.5421
      vertex 40.9771 0.61 13.7307
    endloop
  endfacet
  facet normal 0 -1 0
    outer loop
      vertex 40.3689 0.61 13.3842
      vertex 40.9771 0.61 13.7307
      vertex 40.3428 0.61 13.5421
    endloop
  endfacet
  facet normal 0 -1 -0
    outer loop
      vertex 40.9771 0.61 13.7307
      vertex 40.3689 0.61 13.3842
      vertex 41.0382 0.61 13.4246
    endloop
  endfacet
  facet normal 0 -1 0
    outer loop
      vertex 40.913 0.61 13.0128
      vertex 40.3689 0.61 13.3842
      vertex 40.3333 0.61 13.1982
    endloop
  endfacet
  facet normal 0 -1 0
    outer loop
      vertex 40.5374 0.61 12.6935
      vertex 40.3333 0.61 13.1982
      vertex 40.2265 0.61 13.0531
    endloop
  endfacet
  facet normal 0 -1 0
    outer loop
      vertex 40.3689 0.61 13.3842
      vertex 40.913 0.61 13.0128
      vertex 41.0382 0.61 13.4246
    endloop
  endfacet
  facet normal 0 -1 0
    outer loop
      vertex 40.5374 0.61 12.6935
      vertex 40.2265 0.61 13.0531
      vertex 40.0521 0.61 12.9615
    endloop
  endfacet
  facet normal 0 -1 0
    outer loop
      vertex 40.0462 0.61 12.442
      vertex 40.0521 0.61 12.9615
      vertex 39.8135 0.61 12.9356
    endloop
  endfacet
  facet normal 0 -1 0
    outer loop
      vertex 40.3333 0.61 13.1982
      vertex 40.5374 0.61 12.6935
      vertex 40.913 0.61 13.0128
    endloop
  endfacet
  facet normal 0 -1 0
    outer loop
      vertex 40.2259 0.61 12.4052
      vertex 40.0521 0.61 12.9615
      vertex 40.0462 0.61 12.442
    endloop
  endfacet
  facet normal 0 -1 0
    outer loop
      vertex 40.0521 0.61 12.9615
      vertex 40.2259 0.61 12.4052
      vertex 40.5374 0.61 12.6935
    endloop
  endfacet
  facet normal 0 -1 0
    outer loop
      vertex 39.8135 0.61 12.9356
      vertex 39.9055 0.61 12.4295
      vertex 40.0462 0.61 12.442
    endloop
  endfacet
  facet normal -0 -1 0
    outer loop
      vertex 39.9055 0.61 12.4295
      vertex 39.8135 0.61 12.9356
      vertex 39.74 0.61 12.3921
    endloop
  endfacet
  facet normal 0 -1 0
    outer loop
      vertex 40.376 0.61 12.2948
      vertex 40.5374 0.61 12.6935
      vertex 40.2259 0.61 12.4052
    endloop
  endfacet
  facet normal 0 -1 -0
    outer loop
      vertex 40.5374 0.61 12.6935
      vertex 40.376 0.61 12.2948
      vertex 40.8065 0.61 12.5897
    endloop
  endfacet
  facet normal 0 -1 0
    outer loop
      vertex 40.4775 0.61 12.1215
      vertex 40.8065 0.61 12.5897
      vertex 40.376 0.61 12.2948
    endloop
  endfacet
  facet normal 0 -1 -0
    outer loop
      vertex 40.8065 0.61 12.5897
      vertex 40.4775 0.61 12.1215
      vertex 41.0157 0.61 12.4064
    endloop
  endfacet
  facet normal 0 -1 -0
    outer loop
      vertex 41.0157 0.61 12.4064
      vertex 40.4775 0.61 12.1215
      vertex 41.1501 0.61 12.1601
    endloop
  endfacet
  facet normal 0 -1 0
    outer loop
      vertex 40.5113 0.61 11.8961
      vertex 41.1501 0.61 12.1601
      vertex 40.4775 0.61 12.1215
    endloop
  endfacet
  facet normal 0 -1 0
    outer loop
      vertex 40.5113 0.61 11.8961
      vertex 41.1949 0.61 11.8676
      vertex 41.1501 0.61 12.1601
    endloop
  endfacet
  facet normal 0 -1 0
    outer loop
      vertex 40.476 0.61 11.6575
      vertex 41.1949 0.61 11.8676
      vertex 40.5113 0.61 11.8961
    endloop
  endfacet
  facet normal 0 -1 0
    outer loop
      vertex 40.8602 0.61 11.0867
      vertex 40.476 0.61 11.6575
      vertex 40.3701 0.61 11.4736
    endloop
  endfacet
  facet normal 0 -1 0
    outer loop
      vertex 40.476 0.61 11.6575
      vertex 41.1112 0.61 11.4434
      vertex 41.1949 0.61 11.8676
    endloop
  endfacet
  facet normal 0 -1 0
    outer loop
      vertex 40.8602 0.61 11.0867
      vertex 40.3701 0.61 11.4736
      vertex 40.2126 0.61 11.3561
    endloop
  endfacet
  facet normal 0 -1 0
    outer loop
      vertex 40.8602 0.61 11.0867
      vertex 40.2126 0.61 11.3561
      vertex 40.0224 0.61 11.317
    endloop
  endfacet
  facet normal 0 -1 0
    outer loop
      vertex 40.476 0.61 11.6575
      vertex 40.8602 0.61 11.0867
      vertex 41.1112 0.61 11.4434
    endloop
  endfacet
  facet normal 0 -1 0
    outer loop
      vertex 42.9959 0.61 11.3259
      vertex 43.54 0.61 11.7869
      vertex 42.8754 0.61 11.7181
    endloop
  endfacet
  facet normal 0 -1 -0
    outer loop
      vertex 43.54 0.61 11.7869
      vertex 42.9959 0.61 11.3259
      vertex 43.5964 0.61 11.5849
    endloop
  endfacet
  facet normal 0 -1 0
    outer loop
      vertex 43.2386 0.61 11.0226
      vertex 43.5964 0.61 11.5849
      vertex 42.9959 0.61 11.3259
    endloop
  endfacet
  facet normal 0 -1 -0
    outer loop
      vertex 43.5964 0.61 11.5849
      vertex 43.2386 0.61 11.0226
      vertex 43.7085 0.61 11.4297
    endloop
  endfacet
  facet normal 0 -1 0
    outer loop
      vertex 43.5869 0.61 10.8286
      vertex 43.7085 0.61 11.4297
      vertex 43.2386 0.61 11.0226
    endloop
  endfacet
  facet normal 0 -1 -0
    outer loop
      vertex 43.7085 0.61 11.4297
      vertex 43.5869 0.61 10.8286
      vertex 43.8592 0.61 11.3309
    endloop
  endfacet
  facet normal 0 -1 0
    outer loop
      vertex 44.0242 0.61 10.764
      vertex 43.8592 0.61 11.3309
      vertex 43.5869 0.61 10.8286
    endloop
  endfacet
  facet normal -0 -1 0
    outer loop
      vertex 44.5612 0.61 10.8791
      vertex 44.0313 0.61 11.298
      vertex 44.0242 0.61 10.764
    endloop
  endfacet
  facet normal 0 -1 0
    outer loop
      vertex 43.8592 0.61 11.3309
      vertex 44.0242 0.61 10.764
      vertex 44.0313 0.61 11.298
    endloop
  endfacet
  facet normal 0 -1 0
    outer loop
      vertex 44.0313 0.61 11.298
      vertex 44.5612 0.61 10.8791
      vertex 44.9664 0.61 11.2244
    endloop
  endfacet
  facet normal 0 -1 0
    outer loop
      vertex 43.2979 0.61 14.2553
      vertex 43.8035 0.61 13.631
      vertex 45.0614 0.61 14.2553
    endloop
  endfacet
  facet normal 0 -1 0
    outer loop
      vertex 43.2979 0.61 14.2553
      vertex 43.699 0.61 13.0401
      vertex 43.8035 0.61 13.631
    endloop
  endfacet
  facet normal 0 -1 0
    outer loop
      vertex 44.1547 0.61 13.1516
      vertex 44.2209 0.61 12.5799
      vertex 44.5647 0.61 13.0709
    endloop
  endfacet
  facet normal 0 -1 0
    outer loop
      vertex 43.699 0.61 13.0401
      vertex 43.74 0.61 12.5565
      vertex 44.0123 0.61 12.62
    endloop
  endfacet
  facet normal 0 -1 0
    outer loop
      vertex 42.9561 0.61 12.4444
      vertex 43.699 0.61 13.0401
      vertex 43.2979 0.61 14.2553
    endloop
  endfacet
  facet normal 0 -1 0
    outer loop
      vertex 43.4973 0.61 12.366
      vertex 43.699 0.61 13.0401
      vertex 42.9561 0.61 12.4444
    endloop
  endfacet
  facet normal 0 -1 -0
    outer loop
      vertex 43.699 0.61 13.0401
      vertex 43.4973 0.61 12.366
      vertex 43.74 0.61 12.5565
    endloop
  endfacet
  facet normal 0 -1 -0
    outer loop
      vertex 45.0614 0.61 14.2553
      vertex 43.8035 0.61 13.631
      vertex 45.0614 0.61 13.631
    endloop
  endfacet
  facet normal 0 -1 0
    outer loop
      vertex 44.0123 0.61 12.62
      vertex 44.1547 0.61 13.1516
      vertex 43.9245 0.61 13.1237
    endloop
  endfacet
  facet normal 0 -1 0
    outer loop
      vertex 44.0123 0.61 12.62
      vertex 43.9245 0.61 13.1237
      vertex 43.699 0.61 13.0401
    endloop
  endfacet
  facet normal 0 -1 0
    outer loop
      vertex 44.2209 0.61 12.5799
      vertex 44.1547 0.61 13.1516
      vertex 44.0123 0.61 12.62
    endloop
  endfacet
  facet normal 0 -1 0
    outer loop
      vertex 44.3861 0.61 12.4597
      vertex 44.5647 0.61 13.0709
      vertex 44.2209 0.61 12.5799
    endloop
  endfacet
  facet normal 0 -1 -0
    outer loop
      vertex 44.5647 0.61 13.0709
      vertex 44.3861 0.61 12.4597
      vertex 44.9071 0.61 12.8288
    endloop
  endfacet
  facet normal 0 -1 0
    outer loop
      vertex 44.4938 0.61 12.2595
      vertex 44.9071 0.61 12.8288
      vertex 44.3861 0.61 12.4597
    endloop
  endfacet
  facet normal 0 -1 -0
    outer loop
      vertex 44.9071 0.61 12.8288
      vertex 44.4938 0.61 12.2595
      vertex 45.1385 0.61 12.458
    endloop
  endfacet
  facet normal 0 -1 0
    outer loop
      vertex 44.4938 0.61 12.2595
      vertex 45.2157 0.61 11.991
      vertex 45.1385 0.61 12.458
    endloop
  endfacet
  facet normal 0 -1 0
    outer loop
      vertex 44.5297 0.61 11.9792
      vertex 45.2157 0.61 11.991
      vertex 44.4938 0.61 12.2595
    endloop
  endfacet
  facet normal 0 -1 0
    outer loop
      vertex 45.1534 0.61 11.5846
      vertex 44.5297 0.61 11.9792
      vertex 44.4935 0.61 11.6804
    endloop
  endfacet
  facet normal 0 -1 0
    outer loop
      vertex 44.5297 0.61 11.9792
      vertex 45.1534 0.61 11.5846
      vertex 45.2157 0.61 11.991
    endloop
  endfacet
  facet normal 0 -1 0
    outer loop
      vertex 44.9664 0.61 11.2244
      vertex 44.4935 0.61 11.6804
      vertex 44.3849 0.61 11.4677
    endloop
  endfacet
  facet normal 0 -1 0
    outer loop
      vertex 44.9664 0.61 11.2244
      vertex 44.3849 0.61 11.4677
      vertex 44.2241 0.61 11.3404
    endloop
  endfacet
  facet normal 0 -1 0
    outer loop
      vertex 44.4935 0.61 11.6804
      vertex 44.9664 0.61 11.2244
      vertex 45.1534 0.61 11.5846
    endloop
  endfacet
  facet normal 0 -1 0
    outer loop
      vertex 44.9664 0.61 11.2244
      vertex 44.2241 0.61 11.3404
      vertex 44.0313 0.61 11.298
    endloop
  endfacet
  facet normal 0 -1 0
    outer loop
      vertex 41.6894 0.61 10.8233
      vertex 42.3564 0.61 11.4902
      vertex 41.6894 0.61 11.4902
    endloop
  endfacet
  facet normal 0 -1 -0
    outer loop
      vertex 42.3564 0.61 11.4902
      vertex 41.6894 0.61 10.8233
      vertex 42.3564 0.61 10.8233
    endloop
  endfacet
  facet normal -0.541617 0 0.840625
    outer loop
      vertex 40.4846 0.61 10.8447
      vertex 40.8602 0 11.0867
      vertex 40.8602 0.61 11.0867
    endloop
  endfacet
  facet normal -0.541617 0 0.840625
    outer loop
      vertex 40.8602 0 11.0867
      vertex 40.4846 0.61 10.8447
      vertex 40.4846 0 10.8447
    endloop
  endfacet
  facet normal -0.817818 0 0.575476
    outer loop
      vertex 40.8602 0 11.0867
      vertex 41.1112 0.61 11.4434
      vertex 40.8602 0.61 11.0867
    endloop
  endfacet
  facet normal -0.817818 0 0.575476
    outer loop
      vertex 41.1112 0.61 11.4434
      vertex 40.8602 0 11.0867
      vertex 41.1112 0 11.4434
    endloop
  endfacet
  facet normal -0.981084 0 0.19358
    outer loop
      vertex 41.1112 0 11.4434
      vertex 41.1949 0.61 11.8676
      vertex 41.1112 0.61 11.4434
    endloop
  endfacet
  facet normal -0.981084 0 0.19358
    outer loop
      vertex 41.1949 0.61 11.8676
      vertex 41.1112 0 11.4434
      vertex 41.1949 0 11.8676
    endloop
  endfacet
  facet normal -0.988473 0 -0.151397
    outer loop
      vertex 41.1949 0 11.8676
      vertex 41.1501 0.61 12.1601
      vertex 41.1949 0.61 11.8676
    endloop
  endfacet
  facet normal -0.988473 -0 -0.151397
    outer loop
      vertex 41.1501 0.61 12.1601
      vertex 41.1949 0 11.8676
      vertex 41.1501 0 12.1601
    endloop
  endfacet
  facet normal -0.877814 0 -0.479002
    outer loop
      vertex 41.1501 0 12.1601
      vertex 41.0157 0.61 12.4064
      vertex 41.1501 0.61 12.1601
    endloop
  endfacet
  facet normal -0.877814 -0 -0.479002
    outer loop
      vertex 41.0157 0.61 12.4064
      vertex 41.1501 0 12.1601
      vertex 41.0157 0 12.4064
    endloop
  endfacet
  facet normal -0.659014 0 -0.752131
    outer loop
      vertex 40.8065 0 12.5897
      vertex 41.0157 0.61 12.4064
      vertex 41.0157 0 12.4064
    endloop
  endfacet
  facet normal -0.659014 0 -0.752131
    outer loop
      vertex 41.0157 0.61 12.4064
      vertex 40.8065 0 12.5897
      vertex 40.8065 0.61 12.5897
    endloop
  endfacet
  facet normal -0.359885 0 -0.932997
    outer loop
      vertex 40.5374 0 12.6935
      vertex 40.8065 0.61 12.5897
      vertex 40.8065 0 12.5897
    endloop
  endfacet
  facet normal -0.359885 0 -0.932997
    outer loop
      vertex 40.8065 0.61 12.5897
      vertex 40.5374 0 12.6935
      vertex 40.5374 0.61 12.6935
    endloop
  endfacet
  facet normal -0.647696 0 0.761899
    outer loop
      vertex 40.5374 0.61 12.6935
      vertex 40.913 0 13.0128
      vertex 40.913 0.61 13.0128
    endloop
  endfacet
  facet normal -0.647696 0 0.761899
    outer loop
      vertex 40.913 0 13.0128
      vertex 40.5374 0.61 12.6935
      vertex 40.5374 0 12.6935
    endloop
  endfacet
  facet normal -0.956758 0 0.290884
    outer loop
      vertex 40.913 0 13.0128
      vertex 41.0382 0.61 13.4246
      vertex 40.913 0.61 13.0128
    endloop
  endfacet
  facet normal -0.956758 0 0.290884
    outer loop
      vertex 41.0382 0.61 13.4246
      vertex 40.913 0 13.0128
      vertex 41.0382 0 13.4246
    endloop
  endfacet
  facet normal -0.980655 0 -0.195746
    outer loop
      vertex 41.0382 0 13.4246
      vertex 40.9771 0.61 13.7307
      vertex 41.0382 0.61 13.4246
    endloop
  endfacet
  facet normal -0.980655 -0 -0.195746
    outer loop
      vertex 40.9771 0.61 13.7307
      vertex 41.0382 0 13.4246
      vertex 40.9771 0 13.7307
    endloop
  endfacet
  facet normal -0.830221 0 -0.557434
    outer loop
      vertex 40.9771 0 13.7307
      vertex 40.7938 0.61 14.0037
      vertex 40.9771 0.61 13.7307
    endloop
  endfacet
  facet normal -0.830221 -0 -0.557434
    outer loop
      vertex 40.7938 0.61 14.0037
      vertex 40.9771 0 13.7307
      vertex 40.7938 0 14.0037
    endloop
  endfacet
  facet normal -0.562356 0 -0.826895
    outer loop
      vertex 40.4484 0 14.2386
      vertex 40.7938 0.61 14.0037
      vertex 40.7938 0 14.0037
    endloop
  endfacet
  facet normal -0.562356 0 -0.826895
    outer loop
      vertex 40.7938 0.61 14.0037
      vertex 40.4484 0 14.2386
      vertex 40.4484 0.61 14.2386
    endloop
  endfacet
  facet normal -0.17442 0 -0.984671
    outer loop
      vertex 40.0058 0 14.317
      vertex 40.4484 0.61 14.2386
      vertex 40.4484 0 14.2386
    endloop
  endfacet
  facet normal -0.17442 0 -0.984671
    outer loop
      vertex 40.4484 0.61 14.2386
      vertex 40.0058 0 14.317
      vertex 40.0058 0.61 14.317
    endloop
  endfacet
  facet normal 0.0983496 0 -0.995152
    outer loop
      vertex 39.7326 0 14.29
      vertex 40.0058 0.61 14.317
      vertex 40.0058 0 14.317
    endloop
  endfacet
  facet normal 0.0983496 0 -0.995152
    outer loop
      vertex 40.0058 0.61 14.317
      vertex 39.7326 0 14.29
      vertex 39.7326 0.61 14.29
    endloop
  endfacet
  facet normal 0.31344 0 -0.949608
    outer loop
      vertex 39.4872 0 14.209
      vertex 39.7326 0.61 14.29
      vertex 39.7326 0 14.29
    endloop
  endfacet
  facet normal 0.31344 0 -0.949608
    outer loop
      vertex 39.7326 0.61 14.29
      vertex 39.4872 0 14.209
      vertex 39.4872 0.61 14.209
    endloop
  endfacet
  facet normal 0.528553 0 -0.8489
    outer loop
      vertex 39.2813 0 14.0808
      vertex 39.4872 0.61 14.209
      vertex 39.4872 0 14.209
    endloop
  endfacet
  facet normal 0.528553 0 -0.8489
    outer loop
      vertex 39.4872 0.61 14.209
      vertex 39.2813 0 14.0808
      vertex 39.2813 0.61 14.0808
    endloop
  endfacet
  facet normal 0.736192 0 -0.676773
    outer loop
      vertex 39.2813 0 14.0808
      vertex 39.1264 0.61 13.9123
      vertex 39.2813 0.61 14.0808
    endloop
  endfacet
  facet normal 0.736192 0 -0.676773
    outer loop
      vertex 39.1264 0.61 13.9123
      vertex 39.2813 0 14.0808
      vertex 39.1264 0 13.9123
    endloop
  endfacet
  facet normal 0.889859 0 -0.456235
    outer loop
      vertex 39.1264 0 13.9123
      vertex 39.0134 0.61 13.6919
      vertex 39.1264 0.61 13.9123
    endloop
  endfacet
  facet normal 0.889859 0 -0.456235
    outer loop
      vertex 39.0134 0.61 13.6919
      vertex 39.1264 0 13.9123
      vertex 39.0134 0 13.6919
    endloop
  endfacet
  facet normal 0.962161 0 -0.272482
    outer loop
      vertex 39.0134 0 13.6919
      vertex 38.933 0.61 13.408
      vertex 39.0134 0.61 13.6919
    endloop
  endfacet
  facet normal 0.962161 0 -0.272482
    outer loop
      vertex 38.933 0.61 13.408
      vertex 39.0134 0 13.6919
      vertex 38.933 0 13.408
    endloop
  endfacet
  facet normal 0.167597 0 0.985856
    outer loop
      vertex 38.933 0.61 13.408
      vertex 39.5477 0 13.3035
      vertex 39.5477 0.61 13.3035
    endloop
  endfacet
  facet normal 0.167597 0 0.985856
    outer loop
      vertex 39.5477 0 13.3035
      vertex 38.933 0.61 13.408
      vertex 38.933 0 13.408
    endloop
  endfacet
  facet normal -0.970426 0 0.241397
    outer loop
      vertex 39.5477 0 13.3035
      vertex 39.5976 0.61 13.5041
      vertex 39.5477 0.61 13.3035
    endloop
  endfacet
  facet normal -0.970426 0 0.241397
    outer loop
      vertex 39.5976 0.61 13.5041
      vertex 39.5477 0 13.3035
      vertex 39.5976 0 13.5041
    endloop
  endfacet
  facet normal -0.831963 0 0.554832
    outer loop
      vertex 39.5976 0 13.5041
      vertex 39.6949 0.61 13.65
      vertex 39.5976 0.61 13.5041
    endloop
  endfacet
  facet normal -0.831963 0 0.554832
    outer loop
      vertex 39.6949 0.61 13.65
      vertex 39.5976 0 13.5041
      vertex 39.6949 0 13.65
    endloop
  endfacet
  facet normal -0.5547 0 0.83205
    outer loop
      vertex 39.6949 0.61 13.65
      vertex 39.8284 0 13.739
      vertex 39.8284 0.61 13.739
    endloop
  endfacet
  facet normal -0.5547 0 0.83205
    outer loop
      vertex 39.8284 0 13.739
      vertex 39.6949 0.61 13.65
      vertex 39.6949 0 13.65
    endloop
  endfacet
  facet normal -0.184289 0 0.982872
    outer loop
      vertex 39.8284 0.61 13.739
      vertex 39.9868 0 13.7687
      vertex 39.9868 0.61 13.7687
    endloop
  endfacet
  facet normal -0.184289 0 0.982872
    outer loop
      vertex 39.9868 0 13.7687
      vertex 39.8284 0.61 13.739
      vertex 39.8284 0 13.739
    endloop
  endfacet
  facet normal 0.164911 0 0.986308
    outer loop
      vertex 39.9868 0.61 13.7687
      vertex 40.1429 0 13.7426
      vertex 40.1429 0.61 13.7426
    endloop
  endfacet
  facet normal 0.164911 0 0.986308
    outer loop
      vertex 40.1429 0 13.7426
      vertex 39.9868 0.61 13.7687
      vertex 39.9868 0 13.7687
    endloop
  endfacet
  facet normal 0.541386 0 0.840774
    outer loop
      vertex 40.1429 0.61 13.7426
      vertex 40.2645 0 13.6643
      vertex 40.2645 0.61 13.6643
    endloop
  endfacet
  facet normal 0.541386 0 0.840774
    outer loop
      vertex 40.2645 0 13.6643
      vertex 40.1429 0.61 13.7426
      vertex 40.1429 0 13.7426
    endloop
  endfacet
  facet normal 0.841983 -0 0.539503
    outer loop
      vertex 40.2645 0 13.6643
      vertex 40.3428 0.61 13.5421
      vertex 40.2645 0.61 13.6643
    endloop
  endfacet
  facet normal 0.841983 0 0.539503
    outer loop
      vertex 40.3428 0.61 13.5421
      vertex 40.2645 0 13.6643
      vertex 40.3428 0 13.5421
    endloop
  endfacet
  facet normal 0.986613 -0 0.163082
    outer loop
      vertex 40.3428 0 13.5421
      vertex 40.3689 0.61 13.3842
      vertex 40.3428 0.61 13.5421
    endloop
  endfacet
  facet normal 0.986613 0 0.163082
    outer loop
      vertex 40.3689 0.61 13.3842
      vertex 40.3428 0 13.5421
      vertex 40.3689 0 13.3842
    endloop
  endfacet
  facet normal 0.982172 0 -0.187986
    outer loop
      vertex 40.3689 0 13.3842
      vertex 40.3333 0.61 13.1982
      vertex 40.3689 0.61 13.3842
    endloop
  endfacet
  facet normal 0.982172 0 -0.187986
    outer loop
      vertex 40.3333 0.61 13.1982
      vertex 40.3689 0 13.3842
      vertex 40.3333 0 13.1982
    endloop
  endfacet
  facet normal 0.805363 0 -0.592782
    outer loop
      vertex 40.3333 0 13.1982
      vertex 40.2265 0.61 13.0531
      vertex 40.3333 0.61 13.1982
    endloop
  endfacet
  facet normal 0.805363 0 -0.592782
    outer loop
      vertex 40.2265 0.61 13.0531
      vertex 40.3333 0 13.1982
      vertex 40.2265 0 13.0531
    endloop
  endfacet
  facet normal 0.464993 0 -0.885314
    outer loop
      vertex 40.0521 0 12.9615
      vertex 40.2265 0.61 13.0531
      vertex 40.2265 0 13.0531
    endloop
  endfacet
  facet normal 0.464993 0 -0.885314
    outer loop
      vertex 40.2265 0.61 13.0531
      vertex 40.0521 0 12.9615
      vertex 40.0521 0.61 12.9615
    endloop
  endfacet
  facet normal 0.107916 0 -0.99416
    outer loop
      vertex 39.8135 0 12.9356
      vertex 40.0521 0.61 12.9615
      vertex 40.0521 0 12.9615
    endloop
  endfacet
  facet normal 0.107916 0 -0.99416
    outer loop
      vertex 40.0521 0.61 12.9615
      vertex 39.8135 0 12.9356
      vertex 39.8135 0.61 12.9356
    endloop
  endfacet
  facet normal 0.990979 0 -0.134015
    outer loop
      vertex 39.8135 0 12.9356
      vertex 39.74 0.61 12.3921
      vertex 39.8135 0.61 12.9356
    endloop
  endfacet
  facet normal 0.990979 0 -0.134015
    outer loop
      vertex 39.74 0.61 12.3921
      vertex 39.8135 0 12.9356
      vertex 39.74 0 12.3921
    endloop
  endfacet
  facet normal -0.220424 0 0.975404
    outer loop
      vertex 39.74 0.61 12.3921
      vertex 39.9055 0 12.4295
      vertex 39.9055 0.61 12.4295
    endloop
  endfacet
  facet normal -0.220424 0 0.975404
    outer loop
      vertex 39.9055 0 12.4295
      vertex 39.74 0.61 12.3921
      vertex 39.74 0 12.3921
    endloop
  endfacet
  facet normal -0.088493 0 0.996077
    outer loop
      vertex 39.9055 0.61 12.4295
      vertex 40.0462 0 12.442
      vertex 40.0462 0.61 12.442
    endloop
  endfacet
  facet normal -0.088493 0 0.996077
    outer loop
      vertex 40.0462 0 12.442
      vertex 39.9055 0.61 12.4295
      vertex 39.9055 0 12.4295
    endloop
  endfacet
  facet normal 0.200622 0 0.979669
    outer loop
      vertex 40.0462 0.61 12.442
      vertex 40.2259 0 12.4052
      vertex 40.2259 0.61 12.4052
    endloop
  endfacet
  facet normal 0.200622 0 0.979669
    outer loop
      vertex 40.2259 0 12.4052
      vertex 40.0462 0.61 12.442
      vertex 40.0462 0 12.442
    endloop
  endfacet
  facet normal 0.592503 0 0.805568
    outer loop
      vertex 40.2259 0.61 12.4052
      vertex 40.376 0 12.2948
      vertex 40.376 0.61 12.2948
    endloop
  endfacet
  facet normal 0.592503 0 0.805568
    outer loop
      vertex 40.376 0 12.2948
      vertex 40.2259 0.61 12.4052
      vertex 40.2259 0 12.4052
    endloop
  endfacet
  facet normal 0.862893 -0 0.505387
    outer loop
      vertex 40.376 0 12.2948
      vertex 40.4775 0.61 12.1215
      vertex 40.376 0.61 12.2948
    endloop
  endfacet
  facet normal 0.862893 0 0.505387
    outer loop
      vertex 40.4775 0.61 12.1215
      vertex 40.376 0 12.2948
      vertex 40.4775 0 12.1215
    endloop
  endfacet
  facet normal 0.988943 -0 0.148298
    outer loop
      vertex 40.4775 0 12.1215
      vertex 40.5113 0.61 11.8961
      vertex 40.4775 0.61 12.1215
    endloop
  endfacet
  facet normal 0.988943 0 0.148298
    outer loop
      vertex 40.5113 0.61 11.8961
      vertex 40.4775 0 12.1215
      vertex 40.5113 0 11.8961
    endloop
  endfacet
  facet normal 0.989232 0 -0.146353
    outer loop
      vertex 40.5113 0 11.8961
      vertex 40.476 0.61 11.6575
      vertex 40.5113 0.61 11.8961
    endloop
  endfacet
  facet normal 0.989232 0 -0.146353
    outer loop
      vertex 40.476 0.61 11.6575
      vertex 40.5113 0 11.8961
      vertex 40.476 0 11.6575
    endloop
  endfacet
  facet normal 0.866585 0 -0.499029
    outer loop
      vertex 40.476 0 11.6575
      vertex 40.3701 0.61 11.4736
      vertex 40.476 0.61 11.6575
    endloop
  endfacet
  facet normal 0.866585 0 -0.499029
    outer loop
      vertex 40.3701 0.61 11.4736
      vertex 40.476 0 11.6575
      vertex 40.3701 0 11.4736
    endloop
  endfacet
  facet normal 0.597962 0 -0.801524
    outer loop
      vertex 40.2126 0 11.3561
      vertex 40.3701 0.61 11.4736
      vertex 40.3701 0 11.4736
    endloop
  endfacet
  facet normal 0.597962 0 -0.801524
    outer loop
      vertex 40.3701 0.61 11.4736
      vertex 40.2126 0 11.3561
      vertex 40.2126 0.61 11.3561
    endloop
  endfacet
  facet normal 0.201362 0 -0.979517
    outer loop
      vertex 40.0224 0 11.317
      vertex 40.2126 0.61 11.3561
      vertex 40.2126 0 11.3561
    endloop
  endfacet
  facet normal 0.201362 0 -0.979517
    outer loop
      vertex 40.2126 0.61 11.3561
      vertex 40.0224 0 11.317
      vertex 40.0224 0.61 11.317
    endloop
  endfacet
  facet normal -0.18015 0 -0.983639
    outer loop
      vertex 39.8444 0 11.3496
      vertex 40.0224 0.61 11.317
      vertex 40.0224 0 11.317
    endloop
  endfacet
  facet normal -0.18015 0 -0.983639
    outer loop
      vertex 40.0224 0.61 11.317
      vertex 39.8444 0 11.3496
      vertex 39.8444 0.61 11.3496
    endloop
  endfacet
  facet normal -0.547837 0 -0.836585
    outer loop
      vertex 39.6949 0 11.4475
      vertex 39.8444 0.61 11.3496
      vertex 39.8444 0 11.3496
    endloop
  endfacet
  facet normal -0.547837 0 -0.836585
    outer loop
      vertex 39.8444 0.61 11.3496
      vertex 39.6949 0 11.4475
      vertex 39.6949 0.61 11.4475
    endloop
  endfacet
  facet normal -0.825307 0 -0.564684
    outer loop
      vertex 39.6949 0 11.4475
      vertex 39.5857 0.61 11.6071
      vertex 39.6949 0.61 11.4475
    endloop
  endfacet
  facet normal -0.825307 -0 -0.564684
    outer loop
      vertex 39.5857 0.61 11.6071
      vertex 39.6949 0 11.4475
      vertex 39.5857 0 11.6071
    endloop
  endfacet
  facet normal -0.967419 0 -0.253181
    outer loop
      vertex 39.5857 0 11.6071
      vertex 39.5287 0.61 11.8249
      vertex 39.5857 0.61 11.6071
    endloop
  endfacet
  facet normal -0.967419 -0 -0.253181
    outer loop
      vertex 39.5287 0.61 11.8249
      vertex 39.5857 0 11.6071
      vertex 39.5287 0 11.8249
    endloop
  endfacet
  facet normal 0.120419 0 -0.992723
    outer loop
      vertex 38.8832 0 11.7466
      vertex 39.5287 0.61 11.8249
      vertex 39.5287 0 11.8249
    endloop
  endfacet
  facet normal 0.120419 0 -0.992723
    outer loop
      vertex 39.5287 0.61 11.8249
      vertex 38.8832 0 11.7466
      vertex 38.8832 0.61 11.7466
    endloop
  endfacet
  facet normal 0.960505 -0 0.278264
    outer loop
      vertex 38.8832 0 11.7466
      vertex 38.9983 0.61 11.3493
      vertex 38.8832 0.61 11.7466
    endloop
  endfacet
  facet normal 0.960505 0 0.278264
    outer loop
      vertex 38.9983 0.61 11.3493
      vertex 38.8832 0 11.7466
      vertex 38.9983 0 11.3493
    endloop
  endfacet
  facet normal 0.787293 -0 0.616579
    outer loop
      vertex 38.9983 0 11.3493
      vertex 39.2439 0.61 11.0357
      vertex 38.9983 0.61 11.3493
    endloop
  endfacet
  facet normal 0.787293 0 0.616579
    outer loop
      vertex 39.2439 0.61 11.0357
      vertex 38.9983 0 11.3493
      vertex 39.2439 0 11.0357
    endloop
  endfacet
  facet normal 0.501803 0 0.864982
    outer loop
      vertex 39.2439 0.61 11.0357
      vertex 39.5952 0 10.8319
      vertex 39.5952 0.61 10.8319
    endloop
  endfacet
  facet normal 0.501803 0 0.864982
    outer loop
      vertex 39.5952 0 10.8319
      vertex 39.2439 0.61 11.0357
      vertex 39.2439 0 11.0357
    endloop
  endfacet
  facet normal 0.155305 0 0.987867
    outer loop
      vertex 39.5952 0.61 10.8319
      vertex 40.0271 0 10.764
      vertex 40.0271 0.61 10.764
    endloop
  endfacet
  facet normal 0.155305 0 0.987867
    outer loop
      vertex 40.0271 0 10.764
      vertex 39.5952 0.61 10.8319
      vertex 39.5952 0 10.8319
    endloop
  endfacet
  facet normal -0.173712 0 0.984797
    outer loop
      vertex 40.0271 0.61 10.764
      vertex 40.4846 0 10.8447
      vertex 40.4846 0.61 10.8447
    endloop
  endfacet
  facet normal -0.173712 0 0.984797
    outer loop
      vertex 40.4846 0 10.8447
      vertex 40.0271 0.61 10.764
      vertex 40.0271 0 10.764
    endloop
  endfacet
  facet normal -0.648608 0 0.761123
    outer loop
      vertex 44.5612 0.61 10.8791
      vertex 44.9664 0 11.2244
      vertex 44.9664 0.61 11.2244
    endloop
  endfacet
  facet normal -0.648608 0 0.761123
    outer loop
      vertex 44.9664 0 11.2244
      vertex 44.5612 0.61 10.8791
      vertex 44.5612 0 10.8791
    endloop
  endfacet
  facet normal -0.887523 0 0.460763
    outer loop
      vertex 44.9664 0 11.2244
      vertex 45.1534 0.61 11.5846
      vertex 44.9664 0.61 11.2244
    endloop
  endfacet
  facet normal -0.887523 0 0.460763
    outer loop
      vertex 45.1534 0.61 11.5846
      vertex 44.9664 0 11.2244
      vertex 45.1534 0 11.5846
    endloop
  endfacet
  facet normal -0.988453 0 0.151527
    outer loop
      vertex 45.1534 0 11.5846
      vertex 45.2157 0.61 11.991
      vertex 45.1534 0.61 11.5846
    endloop
  endfacet
  facet normal -0.988453 0 0.151527
    outer loop
      vertex 45.2157 0.61 11.991
      vertex 45.1534 0 11.5846
      vertex 45.2157 0 11.991
    endloop
  endfacet
  facet normal -0.98661 0 -0.163097
    outer loop
      vertex 45.2157 0 11.991
      vertex 45.1385 0.61 12.458
      vertex 45.2157 0.61 11.991
    endloop
  endfacet
  facet normal -0.98661 -0 -0.163097
    outer loop
      vertex 45.1385 0.61 12.458
      vertex 45.2157 0 11.991
      vertex 45.1385 0 12.458
    endloop
  endfacet
  facet normal -0.848358 0 -0.529423
    outer loop
      vertex 45.1385 0 12.458
      vertex 44.9071 0.61 12.8288
      vertex 45.1385 0.61 12.458
    endloop
  endfacet
  facet normal -0.848358 -0 -0.529423
    outer loop
      vertex 44.9071 0.61 12.8288
      vertex 45.1385 0 12.458
      vertex 44.9071 0 12.8288
    endloop
  endfacet
  facet normal -0.577329 0 -0.816512
    outer loop
      vertex 44.5647 0 13.0709
      vertex 44.9071 0.61 12.8288
      vertex 44.9071 0 12.8288
    endloop
  endfacet
  facet normal -0.577329 0 -0.816512
    outer loop
      vertex 44.9071 0.61 12.8288
      vertex 44.5647 0 13.0709
      vertex 44.5647 0.61 13.0709
    endloop
  endfacet
  facet normal -0.193124 0 -0.981174
    outer loop
      vertex 44.1547 0 13.1516
      vertex 44.5647 0.61 13.0709
      vertex 44.5647 0 13.0709
    endloop
  endfacet
  facet normal -0.193124 0 -0.981174
    outer loop
      vertex 44.5647 0.61 13.0709
      vertex 44.1547 0 13.1516
      vertex 44.1547 0.61 13.1516
    endloop
  endfacet
  facet normal 0.120318 0 -0.992735
    outer loop
      vertex 43.9245 0 13.1237
      vertex 44.1547 0.61 13.1516
      vertex 44.1547 0 13.1516
    endloop
  endfacet
  facet normal 0.120318 0 -0.992735
    outer loop
      vertex 44.1547 0.61 13.1516
      vertex 43.9245 0 13.1237
      vertex 43.9245 0.61 13.1237
    endloop
  endfacet
  facet normal 0.347612 0 -0.937638
    outer loop
      vertex 43.699 0 13.0401
      vertex 43.9245 0.61 13.1237
      vertex 43.9245 0 13.1237
    endloop
  endfacet
  facet normal 0.347612 0 -0.937638
    outer loop
      vertex 43.9245 0.61 13.1237
      vertex 43.699 0 13.0401
      vertex 43.699 0.61 13.0401
    endloop
  endfacet
  facet normal -0.98472 0 0.174147
    outer loop
      vertex 43.699 0 13.0401
      vertex 43.8035 0.61 13.631
      vertex 43.699 0.61 13.0401
    endloop
  endfacet
  facet normal -0.98472 0 0.174147
    outer loop
      vertex 43.8035 0.61 13.631
      vertex 43.699 0 13.0401
      vertex 43.8035 0 13.631
    endloop
  endfacet
  facet normal -0 0 1
    outer loop
      vertex 43.8035 0.61 13.631
      vertex 45.0614 0 13.631
      vertex 45.0614 0.61 13.631
    endloop
  endfacet
  facet normal 0 0 1
    outer loop
      vertex 45.0614 0 13.631
      vertex 43.8035 0.61 13.631
      vertex 43.8035 0 13.631
    endloop
  endfacet
  facet normal -1 0 0
    outer loop
      vertex 45.0614 0 13.631
      vertex 45.0614 0.61 14.2553
      vertex 45.0614 0.61 13.631
    endloop
  endfacet
  facet normal -1 -0 0
    outer loop
      vertex 45.0614 0.61 14.2553
      vertex 45.0614 0 13.631
      vertex 45.0614 0 14.2553
    endloop
  endfacet
  facet normal 0 0 -1
    outer loop
      vertex 43.2979 0 14.2553
      vertex 45.0614 0.61 14.2553
      vertex 45.0614 0 14.2553
    endloop
  endfacet
  facet normal -0 0 -1
    outer loop
      vertex 45.0614 0.61 14.2553
      vertex 43.2979 0 14.2553
      vertex 43.2979 0.61 14.2553
    endloop
  endfacet
  facet normal 0.98265 0 -0.185471
    outer loop
      vertex 43.2979 0 14.2553
      vertex 42.9561 0.61 12.4444
      vertex 43.2979 0.61 14.2553
    endloop
  endfacet
  facet normal 0.98265 0 -0.185471
    outer loop
      vertex 42.9561 0.61 12.4444
      vertex 43.2979 0 14.2553
      vertex 42.9561 0 12.4444
    endloop
  endfacet
  facet normal 0.143367 0 0.98967
    outer loop
      vertex 42.9561 0.61 12.4444
      vertex 43.4973 0 12.366
      vertex 43.4973 0.61 12.366
    endloop
  endfacet
  facet normal 0.143367 0 0.98967
    outer loop
      vertex 43.4973 0 12.366
      vertex 42.9561 0.61 12.4444
      vertex 42.9561 0 12.4444
    endloop
  endfacet
  facet normal -0.617435 0 0.786622
    outer loop
      vertex 43.4973 0.61 12.366
      vertex 43.74 0 12.5565
      vertex 43.74 0.61 12.5565
    endloop
  endfacet
  facet normal -0.617435 0 0.786622
    outer loop
      vertex 43.74 0 12.5565
      vertex 43.4973 0.61 12.366
      vertex 43.4973 0 12.366
    endloop
  endfacet
  facet normal -0.227105 0 0.97387
    outer loop
      vertex 43.74 0.61 12.5565
      vertex 44.0123 0 12.62
      vertex 44.0123 0.61 12.62
    endloop
  endfacet
  facet normal -0.227105 0 0.97387
    outer loop
      vertex 44.0123 0 12.62
      vertex 43.74 0.61 12.5565
      vertex 43.74 0 12.5565
    endloop
  endfacet
  facet normal 0.188778 0 0.98202
    outer loop
      vertex 44.0123 0.61 12.62
      vertex 44.2209 0 12.5799
      vertex 44.2209 0.61 12.5799
    endloop
  endfacet
  facet normal 0.188778 0 0.98202
    outer loop
      vertex 44.2209 0 12.5799
      vertex 44.0123 0.61 12.62
      vertex 44.0123 0 12.62
    endloop
  endfacet
  facet normal 0.588346 0 0.808609
    outer loop
      vertex 44.2209 0.61 12.5799
      vertex 44.3861 0 12.4597
      vertex 44.3861 0.61 12.4597
    endloop
  endfacet
  facet normal 0.588346 0 0.808609
    outer loop
      vertex 44.3861 0 12.4597
      vertex 44.2209 0.61 12.5799
      vertex 44.2209 0 12.5799
    endloop
  endfacet
  facet normal 0.880655 -0 0.473759
    outer loop
      vertex 44.3861 0 12.4597
      vertex 44.4938 0.61 12.2595
      vertex 44.3861 0.61 12.4597
    endloop
  endfacet
  facet normal 0.880655 0 0.473759
    outer loop
      vertex 44.4938 0.61 12.2595
      vertex 44.3861 0 12.4597
      vertex 44.4938 0 12.2595
    endloop
  endfacet
  facet normal 0.991898 -0 0.127039
    outer loop
      vertex 44.4938 0 12.2595
      vertex 44.5297 0.61 11.9792
      vertex 44.4938 0.61 12.2595
    endloop
  endfacet
  facet normal 0.991898 0 0.127039
    outer loop
      vertex 44.5297 0.61 11.9792
      vertex 44.4938 0 12.2595
      vertex 44.5297 0 11.9792
    endloop
  endfacet
  facet normal 0.992741 0 -0.120272
    outer loop
      vertex 44.5297 0 11.9792
      vertex 44.4935 0.61 11.6804
      vertex 44.5297 0.61 11.9792
    endloop
  endfacet
  facet normal 0.992741 0 -0.120272
    outer loop
      vertex 44.4935 0.61 11.6804
      vertex 44.5297 0 11.9792
      vertex 44.4935 0 11.6804
    endloop
  endfacet
  facet normal 0.890627 0 -0.454735
    outer loop
      vertex 44.4935 0 11.6804
      vertex 44.3849 0.61 11.4677
      vertex 44.4935 0.61 11.6804
    endloop
  endfacet
  facet normal 0.890627 0 -0.454735
    outer loop
      vertex 44.3849 0.61 11.4677
      vertex 44.4935 0 11.6804
      vertex 44.3849 0 11.4677
    endloop
  endfacet
  facet normal 0.620703 0 -0.784046
    outer loop
      vertex 44.2241 0 11.3404
      vertex 44.3849 0.61 11.4677
      vertex 44.3849 0 11.4677
    endloop
  endfacet
  facet normal 0.620703 0 -0.784046
    outer loop
      vertex 44.3849 0.61 11.4677
      vertex 44.2241 0 11.3404
      vertex 44.2241 0.61 11.3404
    endloop
  endfacet
  facet normal 0.214784 0 -0.976661
    outer loop
      vertex 44.0313 0 11.298
      vertex 44.2241 0.61 11.3404
      vertex 44.2241 0 11.3404
    endloop
  endfacet
  facet normal 0.214784 0 -0.976661
    outer loop
      vertex 44.2241 0.61 11.3404
      vertex 44.0313 0 11.298
      vertex 44.0313 0.61 11.298
    endloop
  endfacet
  facet normal -0.187768 0 -0.982213
    outer loop
      vertex 43.8592 0 11.3309
      vertex 44.0313 0.61 11.298
      vertex 44.0313 0 11.298
    endloop
  endfacet
  facet normal -0.187768 0 -0.982213
    outer loop
      vertex 44.0313 0.61 11.298
      vertex 43.8592 0 11.3309
      vertex 43.8592 0.61 11.3309
    endloop
  endfacet
  facet normal -0.548281 0 -0.836294
    outer loop
      vertex 43.7085 0 11.4297
      vertex 43.8592 0.61 11.3309
      vertex 43.8592 0 11.3309
    endloop
  endfacet
  facet normal -0.548281 0 -0.836294
    outer loop
      vertex 43.8592 0.61 11.3309
      vertex 43.7085 0 11.4297
      vertex 43.7085 0.61 11.4297
    endloop
  endfacet
  facet normal -0.810652 0 -0.585529
    outer loop
      vertex 43.7085 0 11.4297
      vertex 43.5964 0.61 11.5849
      vertex 43.7085 0.61 11.4297
    endloop
  endfacet
  facet normal -0.810652 -0 -0.585529
    outer loop
      vertex 43.5964 0.61 11.5849
      vertex 43.7085 0 11.4297
      vertex 43.5964 0 11.5849
    endloop
  endfacet
  facet normal -0.963162 0 -0.268922
    outer loop
      vertex 43.5964 0 11.5849
      vertex 43.54 0.61 11.7869
      vertex 43.5964 0.61 11.5849
    endloop
  endfacet
  facet normal -0.963162 -0 -0.268922
    outer loop
      vertex 43.54 0.61 11.7869
      vertex 43.5964 0 11.5849
      vertex 43.54 0 11.7869
    endloop
  endfacet
  facet normal 0.102971 0 -0.994684
    outer loop
      vertex 42.8754 0 11.7181
      vertex 43.54 0.61 11.7869
      vertex 43.54 0 11.7869
    endloop
  endfacet
  facet normal 0.102971 0 -0.994684
    outer loop
      vertex 43.54 0.61 11.7869
      vertex 42.8754 0 11.7181
      vertex 42.8754 0.61 11.7181
    endloop
  endfacet
  facet normal 0.9559 -0 0.293692
    outer loop
      vertex 42.8754 0 11.7181
      vertex 42.9959 0.61 11.3259
      vertex 42.8754 0.61 11.7181
    endloop
  endfacet
  facet normal 0.9559 0 0.293692
    outer loop
      vertex 42.9959 0.61 11.3259
      vertex 42.8754 0 11.7181
      vertex 42.9959 0 11.3259
    endloop
  endfacet
  facet normal 0.780793 -0 0.624789
    outer loop
      vertex 42.9959 0 11.3259
      vertex 43.2386 0.61 11.0226
      vertex 42.9959 0.61 11.3259
    endloop
  endfacet
  facet normal 0.780793 0 0.624789
    outer loop
      vertex 43.2386 0.61 11.0226
      vertex 42.9959 0 11.3259
      vertex 43.2386 0 11.0226
    endloop
  endfacet
  facet normal 0.486601 0 0.873624
    outer loop
      vertex 43.2386 0.61 11.0226
      vertex 43.5869 0 10.8286
      vertex 43.5869 0.61 10.8286
    endloop
  endfacet
  facet normal 0.486601 0 0.873624
    outer loop
      vertex 43.5869 0 10.8286
      vertex 43.2386 0.61 11.0226
      vertex 43.2386 0 11.0226
    endloop
  endfacet
  facet normal 0.146139 0 0.989264
    outer loop
      vertex 43.5869 0.61 10.8286
      vertex 44.0242 0 10.764
      vertex 44.0242 0.61 10.764
    endloop
  endfacet
  facet normal 0.146139 0 0.989264
    outer loop
      vertex 44.0242 0 10.764
      vertex 43.5869 0.61 10.8286
      vertex 43.5869 0 10.8286
    endloop
  endfacet
  facet normal -0.209579 0 0.977792
    outer loop
      vertex 44.0242 0.61 10.764
      vertex 44.5612 0 10.8791
      vertex 44.5612 0.61 10.8791
    endloop
  endfacet
  facet normal -0.209579 0 0.977792
    outer loop
      vertex 44.5612 0 10.8791
      vertex 44.0242 0.61 10.764
      vertex 44.0242 0 10.764
    endloop
  endfacet
  facet normal 0 0 -1
    outer loop
      vertex 41.6894 0 11.4902
      vertex 42.3564 0.61 11.4902
      vertex 42.3564 0 11.4902
    endloop
  endfacet
  facet normal -0 0 -1
    outer loop
      vertex 42.3564 0.61 11.4902
      vertex 41.6894 0 11.4902
      vertex 41.6894 0.61 11.4902
    endloop
  endfacet
  facet normal 1 -0 0
    outer loop
      vertex 41.6894 0 11.4902
      vertex 41.6894 0.61 10.8233
      vertex 41.6894 0.61 11.4902
    endloop
  endfacet
  facet normal 1 0 0
    outer loop
      vertex 41.6894 0.61 10.8233
      vertex 41.6894 0 11.4902
      vertex 41.6894 0 10.8233
    endloop
  endfacet
  facet normal -0 0 1
    outer loop
      vertex 41.6894 0.61 10.8233
      vertex 42.3564 0 10.8233
      vertex 42.3564 0.61 10.8233
    endloop
  endfacet
  facet normal 0 0 1
    outer loop
      vertex 42.3564 0 10.8233
      vertex 41.6894 0.61 10.8233
      vertex 41.6894 0 10.8233
    endloop
  endfacet
  facet normal -1 0 0
    outer loop
      vertex 42.3564 0 10.8233
      vertex 42.3564 0.61 11.4902
      vertex 42.3564 0.61 10.8233
    endloop
  endfacet
  facet normal -1 -0 0
    outer loop
      vertex 42.3564 0.61 11.4902
      vertex 42.3564 0 10.8233
      vertex 42.3564 0 11.4902
    endloop
  endfacet
  facet normal 0 -1 0
    outer loop
      vertex 55.5631 0.61 11.7466
      vertex 56.2656 0.61 11.6071
      vertex 56.2087 0.61 11.8249
    endloop
  endfacet
  facet normal 0 -1 0
    outer loop
      vertex 55.6782 0.61 11.3493
      vertex 56.2656 0.61 11.6071
      vertex 55.5631 0.61 11.7466
    endloop
  endfacet
  facet normal 0 -1 0
    outer loop
      vertex 55.9238 0.61 11.0357
      vertex 56.2656 0.61 11.6071
      vertex 55.6782 0.61 11.3493
    endloop
  endfacet
  facet normal 0 -1 -0
    outer loop
      vertex 56.2656 0.61 11.6071
      vertex 55.9238 0.61 11.0357
      vertex 56.3748 0.61 11.4475
    endloop
  endfacet
  facet normal 0 -1 0
    outer loop
      vertex 56.2751 0.61 10.8319
      vertex 56.3748 0.61 11.4475
      vertex 55.9238 0.61 11.0357
    endloop
  endfacet
  facet normal 0 -1 -0
    outer loop
      vertex 56.3748 0.61 11.4475
      vertex 56.2751 0.61 10.8319
      vertex 56.5243 0.61 11.3496
    endloop
  endfacet
  facet normal 0 -1 0
    outer loop
      vertex 56.7071 0.61 10.764
      vertex 56.5243 0.61 11.3496
      vertex 56.2751 0.61 10.8319
    endloop
  endfacet
  facet normal -0 -1 0
    outer loop
      vertex 57.1646 0.61 10.8447
      vertex 56.7023 0.61 11.317
      vertex 56.7071 0.61 10.764
    endloop
  endfacet
  facet normal 0 -1 0
    outer loop
      vertex 56.5243 0.61 11.3496
      vertex 56.7071 0.61 10.764
      vertex 56.7023 0.61 11.317
    endloop
  endfacet
  facet normal 0 -1 0
    outer loop
      vertex 56.7023 0.61 11.317
      vertex 57.1646 0.61 10.8447
      vertex 57.5401 0.61 11.0867
    endloop
  endfacet
  facet normal 0 -1 0
    outer loop
      vertex 56.4125 0.61 14.29
      vertex 56.5083 0.61 13.739
      vertex 56.6667 0.61 13.7687
    endloop
  endfacet
  facet normal 0 -1 0
    outer loop
      vertex 56.2775 0.61 13.5041
      vertex 55.8064 0.61 13.9123
      vertex 55.6933 0.61 13.6919
    endloop
  endfacet
  facet normal 0 -1 0
    outer loop
      vertex 55.9612 0.61 14.0808
      vertex 56.3748 0.61 13.65
      vertex 56.5083 0.61 13.739
    endloop
  endfacet
  facet normal 0 -1 0
    outer loop
      vertex 55.8064 0.61 13.9123
      vertex 56.2775 0.61 13.5041
      vertex 56.3748 0.61 13.65
    endloop
  endfacet
  facet normal 0 -1 0
    outer loop
      vertex 56.2276 0.61 13.3035
      vertex 55.6933 0.61 13.6919
      vertex 55.6129 0.61 13.408
    endloop
  endfacet
  facet normal 0 -1 0
    outer loop
      vertex 55.6933 0.61 13.6919
      vertex 56.2276 0.61 13.3035
      vertex 56.2775 0.61 13.5041
    endloop
  endfacet
  facet normal 0 -1 0
    outer loop
      vertex 56.6667 0.61 13.7687
      vertex 56.6857 0.61 14.317
      vertex 56.4125 0.61 14.29
    endloop
  endfacet
  facet normal 0 -1 0
    outer loop
      vertex 56.5083 0.61 13.739
      vertex 56.4125 0.61 14.29
      vertex 56.1671 0.61 14.209
    endloop
  endfacet
  facet normal 0 -1 0
    outer loop
      vertex 56.5083 0.61 13.739
      vertex 56.1671 0.61 14.209
      vertex 55.9612 0.61 14.0808
    endloop
  endfacet
  facet normal 0 -1 0
    outer loop
      vertex 56.8228 0.61 13.7426
      vertex 56.6857 0.61 14.317
      vertex 56.6667 0.61 13.7687
    endloop
  endfacet
  facet normal 0 -1 0
    outer loop
      vertex 56.3748 0.61 13.65
      vertex 55.9612 0.61 14.0808
      vertex 55.8064 0.61 13.9123
    endloop
  endfacet
  facet normal 0 -1 0
    outer loop
      vertex 56.6857 0.61 14.317
      vertex 56.8228 0.61 13.7426
      vertex 57.1284 0.61 14.2386
    endloop
  endfacet
  facet normal 0 -1 0
    outer loop
      vertex 56.9444 0.61 13.6643
      vertex 57.1284 0.61 14.2386
      vertex 56.8228 0.61 13.7426
    endloop
  endfacet
  facet normal 0 -1 -0
    outer loop
      vertex 57.1284 0.61 14.2386
      vertex 56.9444 0.61 13.6643
      vertex 57.4737 0.61 14.0037
    endloop
  endfacet
  facet normal 0 -1 0
    outer loop
      vertex 57.0227 0.61 13.5421
      vertex 57.4737 0.61 14.0037
      vertex 56.9444 0.61 13.6643
    endloop
  endfacet
  facet normal 0 -1 -0
    outer loop
      vertex 57.4737 0.61 14.0037
      vertex 57.0227 0.61 13.5421
      vertex 57.657 0.61 13.7307
    endloop
  endfacet
  facet normal 0 -1 0
    outer loop
      vertex 57.0489 0.61 13.3842
      vertex 57.657 0.61 13.7307
      vertex 57.0227 0.61 13.5421
    endloop
  endfacet
  facet normal 0 -1 -0
    outer loop
      vertex 57.657 0.61 13.7307
      vertex 57.0489 0.61 13.3842
      vertex 57.7182 0.61 13.4246
    endloop
  endfacet
  facet normal 0 -1 0
    outer loop
      vertex 57.593 0.61 13.0128
      vertex 57.0489 0.61 13.3842
      vertex 57.0132 0.61 13.1982
    endloop
  endfacet
  facet normal 0 -1 0
    outer loop
      vertex 57.2174 0.61 12.6935
      vertex 57.0132 0.61 13.1982
      vertex 56.9064 0.61 13.0531
    endloop
  endfacet
  facet normal 0 -1 0
    outer loop
      vertex 57.0489 0.61 13.3842
      vertex 57.593 0.61 13.0128
      vertex 57.7182 0.61 13.4246
    endloop
  endfacet
  facet normal 0 -1 0
    outer loop
      vertex 57.2174 0.61 12.6935
      vertex 56.9064 0.61 13.0531
      vertex 56.732 0.61 12.9615
    endloop
  endfacet
  facet normal 0 -1 0
    outer loop
      vertex 56.7261 0.61 12.442
      vertex 56.732 0.61 12.9615
      vertex 56.4935 0.61 12.9356
    endloop
  endfacet
  facet normal 0 -1 0
    outer loop
      vertex 57.0132 0.61 13.1982
      vertex 57.2174 0.61 12.6935
      vertex 57.593 0.61 13.0128
    endloop
  endfacet
  facet normal 0 -1 0
    outer loop
      vertex 56.9059 0.61 12.4052
      vertex 56.732 0.61 12.9615
      vertex 56.7261 0.61 12.442
    endloop
  endfacet
  facet normal 0 -1 0
    outer loop
      vertex 56.732 0.61 12.9615
      vertex 56.9059 0.61 12.4052
      vertex 57.2174 0.61 12.6935
    endloop
  endfacet
  facet normal 0 -1 0
    outer loop
      vertex 56.4935 0.61 12.9356
      vertex 56.5854 0.61 12.4295
      vertex 56.7261 0.61 12.442
    endloop
  endfacet
  facet normal -0 -1 0
    outer loop
      vertex 56.5854 0.61 12.4295
      vertex 56.4935 0.61 12.9356
      vertex 56.4199 0.61 12.3921
    endloop
  endfacet
  facet normal 0 -1 0
    outer loop
      vertex 57.056 0.61 12.2948
      vertex 57.2174 0.61 12.6935
      vertex 56.9059 0.61 12.4052
    endloop
  endfacet
  facet normal 0 -1 -0
    outer loop
      vertex 57.2174 0.61 12.6935
      vertex 57.056 0.61 12.2948
      vertex 57.4865 0.61 12.5897
    endloop
  endfacet
  facet normal 0 -1 0
    outer loop
      vertex 57.1574 0.61 12.1215
      vertex 57.4865 0.61 12.5897
      vertex 57.056 0.61 12.2948
    endloop
  endfacet
  facet normal 0 -1 -0
    outer loop
      vertex 57.4865 0.61 12.5897
      vertex 57.1574 0.61 12.1215
      vertex 57.6956 0.61 12.4064
    endloop
  endfacet
  facet normal 0 -1 -0
    outer loop
      vertex 57.6956 0.61 12.4064
      vertex 57.1574 0.61 12.1215
      vertex 57.83 0.61 12.1601
    endloop
  endfacet
  facet normal 0 -1 0
    outer loop
      vertex 57.1913 0.61 11.8961
      vertex 57.83 0.61 12.1601
      vertex 57.1574 0.61 12.1215
    endloop
  endfacet
  facet normal 0 -1 0
    outer loop
      vertex 57.1913 0.61 11.8961
      vertex 57.8748 0.61 11.8676
      vertex 57.83 0.61 12.1601
    endloop
  endfacet
  facet normal 0 -1 0
    outer loop
      vertex 57.156 0.61 11.6575
      vertex 57.8748 0.61 11.8676
      vertex 57.1913 0.61 11.8961
    endloop
  endfacet
  facet normal 0 -1 0
    outer loop
      vertex 57.5401 0.61 11.0867
      vertex 57.156 0.61 11.6575
      vertex 57.05 0.61 11.4736
    endloop
  endfacet
  facet normal 0 -1 0
    outer loop
      vertex 57.156 0.61 11.6575
      vertex 57.7912 0.61 11.4434
      vertex 57.8748 0.61 11.8676
    endloop
  endfacet
  facet normal 0 -1 0
    outer loop
      vertex 57.5401 0.61 11.0867
      vertex 57.05 0.61 11.4736
      vertex 56.8925 0.61 11.3561
    endloop
  endfacet
  facet normal 0 -1 0
    outer loop
      vertex 57.5401 0.61 11.0867
      vertex 56.8925 0.61 11.3561
      vertex 56.7023 0.61 11.317
    endloop
  endfacet
  facet normal 0 -1 0
    outer loop
      vertex 57.156 0.61 11.6575
      vertex 57.5401 0.61 11.0867
      vertex 57.7912 0.61 11.4434
    endloop
  endfacet
  facet normal 0 -1 0
    outer loop
      vertex 61.0625 0.61 13.6358
      vertex 61.8268 0.61 14.2553
      vertex 59.5459 0.61 14.2553
    endloop
  endfacet
  facet normal 0 -1 0
    outer loop
      vertex 61.0625 0.61 13.6358
      vertex 59.5459 0.61 14.2553
      vertex 59.5459 0.61 13.6358
    endloop
  endfacet
  facet normal 0 -1 -0
    outer loop
      vertex 61.8268 0.61 14.2553
      vertex 61.0625 0.61 13.6358
      vertex 61.8268 0.61 13.7711
    endloop
  endfacet
  facet normal 0 -1 0
    outer loop
      vertex 61.0625 0.61 13.6358
      vertex 61.5419 0.61 13.4329
      vertex 61.8268 0.61 13.7711
    endloop
  endfacet
  facet normal 0 -1 0
    outer loop
      vertex 61.2524 0.61 12.9736
      vertex 61.0625 0.61 13.6358
      vertex 60.6397 0.61 13.0051
    endloop
  endfacet
  facet normal 0 -1 0
    outer loop
      vertex 61.0625 0.61 13.6358
      vertex 61.2524 0.61 12.9736
      vertex 61.5419 0.61 13.4329
    endloop
  endfacet
  facet normal 0 -1 0
    outer loop
      vertex 60.6397 0.61 13.0051
      vertex 60.9952 0.61 12.4375
      vertex 61.2524 0.61 12.9736
    endloop
  endfacet
  facet normal 0 -1 0
    outer loop
      vertex 60.3113 0.61 12.2948
      vertex 60.9952 0.61 12.4375
      vertex 60.6397 0.61 13.0051
    endloop
  endfacet
  facet normal 0 -1 0
    outer loop
      vertex 60.3113 0.61 12.2948
      vertex 60.8074 0.61 11.8688
      vertex 60.9952 0.61 12.4375
    endloop
  endfacet
  facet normal 0 -1 0
    outer loop
      vertex 60.0962 0.61 11.5519
      vertex 60.8074 0.61 11.8688
      vertex 60.3113 0.61 12.2948
    endloop
  endfacet
  facet normal 0 -1 0
    outer loop
      vertex 60.0962 0.61 11.5519
      vertex 60.6931 0.61 11.3149
      vertex 60.8074 0.61 11.8688
    endloop
  endfacet
  facet normal 0 -1 0
    outer loop
      vertex 60.0134 0.61 10.8233
      vertex 60.6931 0.61 11.3149
      vertex 60.0962 0.61 11.5519
    endloop
  endfacet
  facet normal 0 -1 0
    outer loop
      vertex 60.6931 0.61 11.3149
      vertex 60.0134 0.61 10.8233
      vertex 60.6566 0.61 10.8233
    endloop
  endfacet
  facet normal 0 -1 0
    outer loop
      vertex 62.3159 0.61 11.3259
      vertex 62.8601 0.61 11.7869
      vertex 62.1955 0.61 11.7181
    endloop
  endfacet
  facet normal 0 -1 -0
    outer loop
      vertex 62.8601 0.61 11.7869
      vertex 62.3159 0.61 11.3259
      vertex 62.9164 0.61 11.5849
    endloop
  endfacet
  facet normal 0 -1 0
    outer loop
      vertex 62.5586 0.61 11.0226
      vertex 62.9164 0.61 11.5849
      vertex 62.3159 0.61 11.3259
    endloop
  endfacet
  facet normal 0 -1 -0
    outer loop
      vertex 62.9164 0.61 11.5849
      vertex 62.5586 0.61 11.0226
      vertex 63.0286 0.61 11.4297
    endloop
  endfacet
  facet normal 0 -1 0
    outer loop
      vertex 62.9069 0.61 10.8286
      vertex 63.0286 0.61 11.4297
      vertex 62.5586 0.61 11.0226
    endloop
  endfacet
  facet normal 0 -1 -0
    outer loop
      vertex 63.0286 0.61 11.4297
      vertex 62.9069 0.61 10.8286
      vertex 63.1793 0.61 11.3309
    endloop
  endfacet
  facet normal 0 -1 0
    outer loop
      vertex 63.3443 0.61 10.764
      vertex 63.1793 0.61 11.3309
      vertex 62.9069 0.61 10.8286
    endloop
  endfacet
  facet normal -0 -1 0
    outer loop
      vertex 63.8813 0.61 10.8791
      vertex 63.3514 0.61 11.298
      vertex 63.3443 0.61 10.764
    endloop
  endfacet
  facet normal 0 -1 0
    outer loop
      vertex 63.1793 0.61 11.3309
      vertex 63.3443 0.61 10.764
      vertex 63.3514 0.61 11.298
    endloop
  endfacet
  facet normal 0 -1 0
    outer loop
      vertex 63.3514 0.61 11.298
      vertex 63.8813 0.61 10.8791
      vertex 64.2865 0.61 11.2244
    endloop
  endfacet
  facet normal 0 -1 0
    outer loop
      vertex 62.618 0.61 14.2553
      vertex 63.1235 0.61 13.631
      vertex 64.3814 0.61 14.2553
    endloop
  endfacet
  facet normal 0 -1 0
    outer loop
      vertex 62.618 0.61 14.2553
      vertex 63.0191 0.61 13.0401
      vertex 63.1235 0.61 13.631
    endloop
  endfacet
  facet normal 0 -1 0
    outer loop
      vertex 63.4748 0.61 13.1516
      vertex 63.5409 0.61 12.5799
      vertex 63.8848 0.61 13.0709
    endloop
  endfacet
  facet normal 0 -1 0
    outer loop
      vertex 63.0191 0.61 13.0401
      vertex 63.06 0.61 12.5565
      vertex 63.3324 0.61 12.62
    endloop
  endfacet
  facet normal 0 -1 0
    outer loop
      vertex 62.2762 0.61 12.4444
      vertex 63.0191 0.61 13.0401
      vertex 62.618 0.61 14.2553
    endloop
  endfacet
  facet normal 0 -1 0
    outer loop
      vertex 62.8174 0.61 12.366
      vertex 63.0191 0.61 13.0401
      vertex 62.2762 0.61 12.4444
    endloop
  endfacet
  facet normal 0 -1 -0
    outer loop
      vertex 63.0191 0.61 13.0401
      vertex 62.8174 0.61 12.366
      vertex 63.06 0.61 12.5565
    endloop
  endfacet
  facet normal 0 -1 -0
    outer loop
      vertex 64.3814 0.61 14.2553
      vertex 63.1235 0.61 13.631
      vertex 64.3814 0.61 13.631
    endloop
  endfacet
  facet normal 0 -1 0
    outer loop
      vertex 63.3324 0.61 12.62
      vertex 63.4748 0.61 13.1516
      vertex 63.2446 0.61 13.1237
    endloop
  endfacet
  facet normal 0 -1 0
    outer loop
      vertex 63.3324 0.61 12.62
      vertex 63.2446 0.61 13.1237
      vertex 63.0191 0.61 13.0401
    endloop
  endfacet
  facet normal 0 -1 0
    outer loop
      vertex 63.5409 0.61 12.5799
      vertex 63.4748 0.61 13.1516
      vertex 63.3324 0.61 12.62
    endloop
  endfacet
  facet normal 0 -1 0
    outer loop
      vertex 63.7062 0.61 12.4597
      vertex 63.8848 0.61 13.0709
      vertex 63.5409 0.61 12.5799
    endloop
  endfacet
  facet normal 0 -1 -0
    outer loop
      vertex 63.8848 0.61 13.0709
      vertex 63.7062 0.61 12.4597
      vertex 64.2272 0.61 12.8288
    endloop
  endfacet
  facet normal 0 -1 0
    outer loop
      vertex 63.8139 0.61 12.2595
      vertex 64.2272 0.61 12.8288
      vertex 63.7062 0.61 12.4597
    endloop
  endfacet
  facet normal 0 -1 -0
    outer loop
      vertex 64.2272 0.61 12.8288
      vertex 63.8139 0.61 12.2595
      vertex 64.4586 0.61 12.458
    endloop
  endfacet
  facet normal 0 -1 0
    outer loop
      vertex 63.8139 0.61 12.2595
      vertex 64.5357 0.61 11.991
      vertex 64.4586 0.61 12.458
    endloop
  endfacet
  facet normal 0 -1 0
    outer loop
      vertex 63.8498 0.61 11.9792
      vertex 64.5357 0.61 11.991
      vertex 63.8139 0.61 12.2595
    endloop
  endfacet
  facet normal 0 -1 0
    outer loop
      vertex 64.4734 0.61 11.5846
      vertex 63.8498 0.61 11.9792
      vertex 63.8136 0.61 11.6804
    endloop
  endfacet
  facet normal 0 -1 0
    outer loop
      vertex 63.8498 0.61 11.9792
      vertex 64.4734 0.61 11.5846
      vertex 64.5357 0.61 11.991
    endloop
  endfacet
  facet normal 0 -1 0
    outer loop
      vertex 64.2865 0.61 11.2244
      vertex 63.8136 0.61 11.6804
      vertex 63.705 0.61 11.4677
    endloop
  endfacet
  facet normal 0 -1 0
    outer loop
      vertex 64.2865 0.61 11.2244
      vertex 63.705 0.61 11.4677
      vertex 63.5442 0.61 11.3404
    endloop
  endfacet
  facet normal 0 -1 0
    outer loop
      vertex 63.8136 0.61 11.6804
      vertex 64.2865 0.61 11.2244
      vertex 64.4734 0.61 11.5846
    endloop
  endfacet
  facet normal 0 -1 0
    outer loop
      vertex 64.2865 0.61 11.2244
      vertex 63.5442 0.61 11.3404
      vertex 63.3514 0.61 11.298
    endloop
  endfacet
  facet normal 0 -1 0
    outer loop
      vertex 58.3694 0.61 10.8233
      vertex 59.0363 0.61 11.4902
      vertex 58.3694 0.61 11.4902
    endloop
  endfacet
  facet normal 0 -1 -0
    outer loop
      vertex 59.0363 0.61 11.4902
      vertex 58.3694 0.61 10.8233
      vertex 59.0363 0.61 10.8233
    endloop
  endfacet
  facet normal -0.541719 0 0.84056
    outer loop
      vertex 57.1646 0.61 10.8447
      vertex 57.5401 0 11.0867
      vertex 57.5401 0.61 11.0867
    endloop
  endfacet
  facet normal -0.541719 0 0.84056
    outer loop
      vertex 57.5401 0 11.0867
      vertex 57.1646 0.61 10.8447
      vertex 57.1646 0 10.8447
    endloop
  endfacet
  facet normal -0.817711 0 0.57563
    outer loop
      vertex 57.5401 0 11.0867
      vertex 57.7912 0.61 11.4434
      vertex 57.5401 0.61 11.0867
    endloop
  endfacet
  facet normal -0.817711 0 0.57563
    outer loop
      vertex 57.7912 0.61 11.4434
      vertex 57.5401 0 11.0867
      vertex 57.7912 0 11.4434
    endloop
  endfacet
  facet normal -0.981128 0 0.193358
    outer loop
      vertex 57.7912 0 11.4434
      vertex 57.8748 0.61 11.8676
      vertex 57.7912 0.61 11.4434
    endloop
  endfacet
  facet normal -0.981128 0 0.193358
    outer loop
      vertex 57.8748 0.61 11.8676
      vertex 57.7912 0 11.4434
      vertex 57.8748 0 11.8676
    endloop
  endfacet
  facet normal -0.988473 0 -0.151397
    outer loop
      vertex 57.8748 0 11.8676
      vertex 57.83 0.61 12.1601
      vertex 57.8748 0.61 11.8676
    endloop
  endfacet
  facet normal -0.988473 -0 -0.151397
    outer loop
      vertex 57.83 0.61 12.1601
      vertex 57.8748 0 11.8676
      vertex 57.83 0 12.1601
    endloop
  endfacet
  facet normal -0.877814 0 -0.479002
    outer loop
      vertex 57.83 0 12.1601
      vertex 57.6956 0.61 12.4064
      vertex 57.83 0.61 12.1601
    endloop
  endfacet
  facet normal -0.877814 -0 -0.479002
    outer loop
      vertex 57.6956 0.61 12.4064
      vertex 57.83 0 12.1601
      vertex 57.6956 0 12.4064
    endloop
  endfacet
  facet normal -0.659192 0 -0.751975
    outer loop
      vertex 57.4865 0 12.5897
      vertex 57.6956 0.61 12.4064
      vertex 57.6956 0 12.4064
    endloop
  endfacet
  facet normal -0.659192 0 -0.751975
    outer loop
      vertex 57.6956 0.61 12.4064
      vertex 57.4865 0 12.5897
      vertex 57.4865 0.61 12.5897
    endloop
  endfacet
  facet normal -0.359885 0 -0.932997
    outer loop
      vertex 57.2174 0 12.6935
      vertex 57.4865 0.61 12.5897
      vertex 57.4865 0 12.5897
    endloop
  endfacet
  facet normal -0.359885 0 -0.932997
    outer loop
      vertex 57.4865 0.61 12.5897
      vertex 57.2174 0 12.6935
      vertex 57.2174 0.61 12.6935
    endloop
  endfacet
  facet normal -0.647696 0 0.761899
    outer loop
      vertex 57.2174 0.61 12.6935
      vertex 57.593 0 13.0128
      vertex 57.593 0.61 13.0128
    endloop
  endfacet
  facet normal -0.647696 0 0.761899
    outer loop
      vertex 57.593 0 13.0128
      vertex 57.2174 0.61 12.6935
      vertex 57.2174 0 12.6935
    endloop
  endfacet
  facet normal -0.956758 0 0.290884
    outer loop
      vertex 57.593 0 13.0128
      vertex 57.7182 0.61 13.4246
      vertex 57.593 0.61 13.0128
    endloop
  endfacet
  facet normal -0.956758 0 0.290884
    outer loop
      vertex 57.7182 0.61 13.4246
      vertex 57.593 0 13.0128
      vertex 57.7182 0 13.4246
    endloop
  endfacet
  facet normal -0.980593 0 -0.196055
    outer loop
      vertex 57.7182 0 13.4246
      vertex 57.657 0.61 13.7307
      vertex 57.7182 0.61 13.4246
    endloop
  endfacet
  facet normal -0.980593 -0 -0.196055
    outer loop
      vertex 57.657 0.61 13.7307
      vertex 57.7182 0 13.4246
      vertex 57.657 0 13.7307
    endloop
  endfacet
  facet normal -0.830221 0 -0.557434
    outer loop
      vertex 57.657 0 13.7307
      vertex 57.4737 0.61 14.0037
      vertex 57.657 0.61 13.7307
    endloop
  endfacet
  facet normal -0.830221 -0 -0.557434
    outer loop
      vertex 57.4737 0.61 14.0037
      vertex 57.657 0 13.7307
      vertex 57.4737 0 14.0037
    endloop
  endfacet
  facet normal -0.562467 0 -0.82682
    outer loop
      vertex 57.1284 0 14.2386
      vertex 57.4737 0.61 14.0037
      vertex 57.4737 0 14.0037
    endloop
  endfacet
  facet normal -0.562467 0 -0.82682
    outer loop
      vertex 57.4737 0.61 14.0037
      vertex 57.1284 0 14.2386
      vertex 57.1284 0.61 14.2386
    endloop
  endfacet
  facet normal -0.174382 0 -0.984678
    outer loop
      vertex 56.6857 0 14.317
      vertex 57.1284 0.61 14.2386
      vertex 57.1284 0 14.2386
    endloop
  endfacet
  facet normal -0.174382 0 -0.984678
    outer loop
      vertex 57.1284 0.61 14.2386
      vertex 56.6857 0 14.317
      vertex 56.6857 0.61 14.317
    endloop
  endfacet
  facet normal 0.0983496 0 -0.995152
    outer loop
      vertex 56.4125 0 14.29
      vertex 56.6857 0.61 14.317
      vertex 56.6857 0 14.317
    endloop
  endfacet
  facet normal 0.0983496 0 -0.995152
    outer loop
      vertex 56.6857 0.61 14.317
      vertex 56.4125 0 14.29
      vertex 56.4125 0.61 14.29
    endloop
  endfacet
  facet normal 0.31344 0 -0.949608
    outer loop
      vertex 56.1671 0 14.209
      vertex 56.4125 0.61 14.29
      vertex 56.4125 0 14.29
    endloop
  endfacet
  facet normal 0.31344 0 -0.949608
    outer loop
      vertex 56.4125 0.61 14.29
      vertex 56.1671 0 14.209
      vertex 56.1671 0.61 14.209
    endloop
  endfacet
  facet normal 0.528553 0 -0.8489
    outer loop
      vertex 55.9612 0 14.0808
      vertex 56.1671 0.61 14.209
      vertex 56.1671 0 14.209
    endloop
  endfacet
  facet normal 0.528553 0 -0.8489
    outer loop
      vertex 56.1671 0.61 14.209
      vertex 55.9612 0 14.0808
      vertex 55.9612 0.61 14.0808
    endloop
  endfacet
  facet normal 0.73641 0 -0.676536
    outer loop
      vertex 55.9612 0 14.0808
      vertex 55.8064 0.61 13.9123
      vertex 55.9612 0.61 14.0808
    endloop
  endfacet
  facet normal 0.73641 0 -0.676536
    outer loop
      vertex 55.8064 0.61 13.9123
      vertex 55.9612 0 14.0808
      vertex 55.8064 0 13.9123
    endloop
  endfacet
  facet normal 0.889696 0 -0.456554
    outer loop
      vertex 55.8064 0 13.9123
      vertex 55.6933 0.61 13.6919
      vertex 55.8064 0.61 13.9123
    endloop
  endfacet
  facet normal 0.889696 0 -0.456554
    outer loop
      vertex 55.6933 0.61 13.6919
      vertex 55.8064 0 13.9123
      vertex 55.6933 0 13.6919
    endloop
  endfacet
  facet normal 0.962161 0 -0.272482
    outer loop
      vertex 55.6933 0 13.6919
      vertex 55.6129 0.61 13.408
      vertex 55.6933 0.61 13.6919
    endloop
  endfacet
  facet normal 0.962161 0 -0.272482
    outer loop
      vertex 55.6129 0.61 13.408
      vertex 55.6933 0 13.6919
      vertex 55.6129 0 13.408
    endloop
  endfacet
  facet normal 0.167597 0 0.985856
    outer loop
      vertex 55.6129 0.61 13.408
      vertex 56.2276 0 13.3035
      vertex 56.2276 0.61 13.3035
    endloop
  endfacet
  facet normal 0.167597 0 0.985856
    outer loop
      vertex 56.2276 0 13.3035
      vertex 55.6129 0.61 13.408
      vertex 55.6129 0 13.408
    endloop
  endfacet
  facet normal -0.970426 0 0.241397
    outer loop
      vertex 56.2276 0 13.3035
      vertex 56.2775 0.61 13.5041
      vertex 56.2276 0.61 13.3035
    endloop
  endfacet
  facet normal -0.970426 0 0.241397
    outer loop
      vertex 56.2775 0.61 13.5041
      vertex 56.2276 0 13.3035
      vertex 56.2775 0 13.5041
    endloop
  endfacet
  facet normal -0.831963 0 0.554832
    outer loop
      vertex 56.2775 0 13.5041
      vertex 56.3748 0.61 13.65
      vertex 56.2775 0.61 13.5041
    endloop
  endfacet
  facet normal -0.831963 0 0.554832
    outer loop
      vertex 56.3748 0.61 13.65
      vertex 56.2775 0 13.5041
      vertex 56.3748 0 13.65
    endloop
  endfacet
  facet normal -0.5547 0 0.83205
    outer loop
      vertex 56.3748 0.61 13.65
      vertex 56.5083 0 13.739
      vertex 56.5083 0.61 13.739
    endloop
  endfacet
  facet normal -0.5547 0 0.83205
    outer loop
      vertex 56.5083 0 13.739
      vertex 56.3748 0.61 13.65
      vertex 56.3748 0 13.65
    endloop
  endfacet
  facet normal -0.184289 0 0.982872
    outer loop
      vertex 56.5083 0.61 13.739
      vertex 56.6667 0 13.7687
      vertex 56.6667 0.61 13.7687
    endloop
  endfacet
  facet normal -0.184289 0 0.982872
    outer loop
      vertex 56.6667 0 13.7687
      vertex 56.5083 0.61 13.739
      vertex 56.5083 0 13.739
    endloop
  endfacet
  facet normal 0.164911 0 0.986308
    outer loop
      vertex 56.6667 0.61 13.7687
      vertex 56.8228 0 13.7426
      vertex 56.8228 0.61 13.7426
    endloop
  endfacet
  facet normal 0.164911 0 0.986308
    outer loop
      vertex 56.8228 0 13.7426
      vertex 56.6667 0.61 13.7687
      vertex 56.6667 0 13.7687
    endloop
  endfacet
  facet normal 0.541386 0 0.840774
    outer loop
      vertex 56.8228 0.61 13.7426
      vertex 56.9444 0 13.6643
      vertex 56.9444 0.61 13.6643
    endloop
  endfacet
  facet normal 0.541386 0 0.840774
    outer loop
      vertex 56.9444 0 13.6643
      vertex 56.8228 0.61 13.7426
      vertex 56.8228 0 13.7426
    endloop
  endfacet
  facet normal 0.841983 -0 0.539503
    outer loop
      vertex 56.9444 0 13.6643
      vertex 57.0227 0.61 13.5421
      vertex 56.9444 0.61 13.6643
    endloop
  endfacet
  facet normal 0.841983 0 0.539503
    outer loop
      vertex 57.0227 0.61 13.5421
      vertex 56.9444 0 13.6643
      vertex 57.0227 0 13.5421
    endloop
  endfacet
  facet normal 0.986512 -0 0.16369
    outer loop
      vertex 57.0227 0 13.5421
      vertex 57.0489 0.61 13.3842
      vertex 57.0227 0.61 13.5421
    endloop
  endfacet
  facet normal 0.986512 0 0.16369
    outer loop
      vertex 57.0489 0.61 13.3842
      vertex 57.0227 0 13.5421
      vertex 57.0489 0 13.3842
    endloop
  endfacet
  facet normal 0.982074 0 -0.188495
    outer loop
      vertex 57.0489 0 13.3842
      vertex 57.0132 0.61 13.1982
      vertex 57.0489 0.61 13.3842
    endloop
  endfacet
  facet normal 0.982074 0 -0.188495
    outer loop
      vertex 57.0132 0.61 13.1982
      vertex 57.0489 0 13.3842
      vertex 57.0132 0 13.1982
    endloop
  endfacet
  facet normal 0.805363 0 -0.592782
    outer loop
      vertex 57.0132 0 13.1982
      vertex 56.9064 0.61 13.0531
      vertex 57.0132 0.61 13.1982
    endloop
  endfacet
  facet normal 0.805363 0 -0.592782
    outer loop
      vertex 56.9064 0.61 13.0531
      vertex 57.0132 0 13.1982
      vertex 56.9064 0 13.0531
    endloop
  endfacet
  facet normal 0.464993 0 -0.885314
    outer loop
      vertex 56.732 0 12.9615
      vertex 56.9064 0.61 13.0531
      vertex 56.9064 0 13.0531
    endloop
  endfacet
  facet normal 0.464993 0 -0.885314
    outer loop
      vertex 56.9064 0.61 13.0531
      vertex 56.732 0 12.9615
      vertex 56.732 0.61 12.9615
    endloop
  endfacet
  facet normal 0.107961 0 -0.994155
    outer loop
      vertex 56.4935 0 12.9356
      vertex 56.732 0.61 12.9615
      vertex 56.732 0 12.9615
    endloop
  endfacet
  facet normal 0.107961 0 -0.994155
    outer loop
      vertex 56.732 0.61 12.9615
      vertex 56.4935 0 12.9356
      vertex 56.4935 0.61 12.9356
    endloop
  endfacet
  facet normal 0.990955 0 -0.134194
    outer loop
      vertex 56.4935 0 12.9356
      vertex 56.4199 0.61 12.3921
      vertex 56.4935 0.61 12.9356
    endloop
  endfacet
  facet normal 0.990955 0 -0.134194
    outer loop
      vertex 56.4199 0.61 12.3921
      vertex 56.4935 0 12.9356
      vertex 56.4199 0 12.3921
    endloop
  endfacet
  facet normal -0.220424 0 0.975404
    outer loop
      vertex 56.4199 0.61 12.3921
      vertex 56.5854 0 12.4295
      vertex 56.5854 0.61 12.4295
    endloop
  endfacet
  facet normal -0.220424 0 0.975404
    outer loop
      vertex 56.5854 0 12.4295
      vertex 56.4199 0.61 12.3921
      vertex 56.4199 0 12.3921
    endloop
  endfacet
  facet normal -0.088493 0 0.996077
    outer loop
      vertex 56.5854 0.61 12.4295
      vertex 56.7261 0 12.442
      vertex 56.7261 0.61 12.442
    endloop
  endfacet
  facet normal -0.088493 0 0.996077
    outer loop
      vertex 56.7261 0 12.442
      vertex 56.5854 0.61 12.4295
      vertex 56.5854 0 12.4295
    endloop
  endfacet
  facet normal 0.200515 0 0.979691
    outer loop
      vertex 56.7261 0.61 12.442
      vertex 56.9059 0 12.4052
      vertex 56.9059 0.61 12.4052
    endloop
  endfacet
  facet normal 0.200515 0 0.979691
    outer loop
      vertex 56.9059 0 12.4052
      vertex 56.7261 0.61 12.442
      vertex 56.7261 0 12.442
    endloop
  endfacet
  facet normal 0.592503 0 0.805568
    outer loop
      vertex 56.9059 0.61 12.4052
      vertex 57.056 0 12.2948
      vertex 57.056 0.61 12.2948
    endloop
  endfacet
  facet normal 0.592503 0 0.805568
    outer loop
      vertex 57.056 0 12.2948
      vertex 56.9059 0.61 12.4052
      vertex 56.9059 0 12.4052
    endloop
  endfacet
  facet normal 0.86311 -0 0.505016
    outer loop
      vertex 57.056 0 12.2948
      vertex 57.1574 0.61 12.1215
      vertex 57.056 0.61 12.2948
    endloop
  endfacet
  facet normal 0.86311 0 0.505016
    outer loop
      vertex 57.1574 0.61 12.1215
      vertex 57.056 0 12.2948
      vertex 57.1574 0 12.1215
    endloop
  endfacet
  facet normal 0.988878 -0 0.148727
    outer loop
      vertex 57.1574 0 12.1215
      vertex 57.1913 0.61 11.8961
      vertex 57.1574 0.61 12.1215
    endloop
  endfacet
  facet normal 0.988878 0 0.148727
    outer loop
      vertex 57.1913 0.61 11.8961
      vertex 57.1574 0 12.1215
      vertex 57.1913 0 11.8961
    endloop
  endfacet
  facet normal 0.989232 0 -0.146353
    outer loop
      vertex 57.1913 0 11.8961
      vertex 57.156 0.61 11.6575
      vertex 57.1913 0.61 11.8961
    endloop
  endfacet
  facet normal 0.989232 0 -0.146353
    outer loop
      vertex 57.156 0.61 11.6575
      vertex 57.1913 0 11.8961
      vertex 57.156 0 11.6575
    endloop
  endfacet
  facet normal 0.866382 0 -0.499383
    outer loop
      vertex 57.156 0 11.6575
      vertex 57.05 0.61 11.4736
      vertex 57.156 0.61 11.6575
    endloop
  endfacet
  facet normal 0.866382 0 -0.499383
    outer loop
      vertex 57.05 0.61 11.4736
      vertex 57.156 0 11.6575
      vertex 57.05 0 11.4736
    endloop
  endfacet
  facet normal 0.597962 0 -0.801524
    outer loop
      vertex 56.8925 0 11.3561
      vertex 57.05 0.61 11.4736
      vertex 57.05 0 11.4736
    endloop
  endfacet
  facet normal 0.597962 0 -0.801524
    outer loop
      vertex 57.05 0.61 11.4736
      vertex 56.8925 0 11.3561
      vertex 56.8925 0.61 11.3561
    endloop
  endfacet
  facet normal 0.201362 0 -0.979517
    outer loop
      vertex 56.7023 0 11.317
      vertex 56.8925 0.61 11.3561
      vertex 56.8925 0 11.3561
    endloop
  endfacet
  facet normal 0.201362 0 -0.979517
    outer loop
      vertex 56.8925 0.61 11.3561
      vertex 56.7023 0 11.317
      vertex 56.7023 0.61 11.317
    endloop
  endfacet
  facet normal -0.18015 0 -0.983639
    outer loop
      vertex 56.5243 0 11.3496
      vertex 56.7023 0.61 11.317
      vertex 56.7023 0 11.317
    endloop
  endfacet
  facet normal -0.18015 0 -0.983639
    outer loop
      vertex 56.7023 0.61 11.317
      vertex 56.5243 0 11.3496
      vertex 56.5243 0.61 11.3496
    endloop
  endfacet
  facet normal -0.547837 0 -0.836585
    outer loop
      vertex 56.3748 0 11.4475
      vertex 56.5243 0.61 11.3496
      vertex 56.5243 0 11.3496
    endloop
  endfacet
  facet normal -0.547837 0 -0.836585
    outer loop
      vertex 56.5243 0.61 11.3496
      vertex 56.3748 0 11.4475
      vertex 56.3748 0.61 11.4475
    endloop
  endfacet
  facet normal -0.825307 0 -0.564684
    outer loop
      vertex 56.3748 0 11.4475
      vertex 56.2656 0.61 11.6071
      vertex 56.3748 0.61 11.4475
    endloop
  endfacet
  facet normal -0.825307 -0 -0.564684
    outer loop
      vertex 56.2656 0.61 11.6071
      vertex 56.3748 0 11.4475
      vertex 56.2656 0 11.6071
    endloop
  endfacet
  facet normal -0.967528 0 -0.252765
    outer loop
      vertex 56.2656 0 11.6071
      vertex 56.2087 0.61 11.8249
      vertex 56.2656 0.61 11.6071
    endloop
  endfacet
  facet normal -0.967528 -0 -0.252765
    outer loop
      vertex 56.2087 0.61 11.8249
      vertex 56.2656 0 11.6071
      vertex 56.2087 0 11.8249
    endloop
  endfacet
  facet normal 0.1204 0 -0.992725
    outer loop
      vertex 55.5631 0 11.7466
      vertex 56.2087 0.61 11.8249
      vertex 56.2087 0 11.8249
    endloop
  endfacet
  facet normal 0.1204 0 -0.992725
    outer loop
      vertex 56.2087 0.61 11.8249
      vertex 55.5631 0 11.7466
      vertex 55.5631 0.61 11.7466
    endloop
  endfacet
  facet normal 0.960505 -0 0.278264
    outer loop
      vertex 55.5631 0 11.7466
      vertex 55.6782 0.61 11.3493
      vertex 55.5631 0.61 11.7466
    endloop
  endfacet
  facet normal 0.960505 0 0.278264
    outer loop
      vertex 55.6782 0.61 11.3493
      vertex 55.5631 0 11.7466
      vertex 55.6782 0 11.3493
    endloop
  endfacet
  facet normal 0.787293 -0 0.616579
    outer loop
      vertex 55.6782 0 11.3493
      vertex 55.9238 0.61 11.0357
      vertex 55.6782 0.61 11.3493
    endloop
  endfacet
  facet normal 0.787293 0 0.616579
    outer loop
      vertex 55.9238 0.61 11.0357
      vertex 55.6782 0 11.3493
      vertex 55.9238 0 11.0357
    endloop
  endfacet
  facet normal 0.501803 0 0.864982
    outer loop
      vertex 55.9238 0.61 11.0357
      vertex 56.2751 0 10.8319
      vertex 56.2751 0.61 10.8319
    endloop
  endfacet
  facet normal 0.501803 0 0.864982
    outer loop
      vertex 56.2751 0 10.8319
      vertex 55.9238 0.61 11.0357
      vertex 55.9238 0 11.0357
    endloop
  endfacet
  facet normal 0.15527 0 0.987872
    outer loop
      vertex 56.2751 0.61 10.8319
      vertex 56.7071 0 10.764
      vertex 56.7071 0.61 10.764
    endloop
  endfacet
  facet normal 0.15527 0 0.987872
    outer loop
      vertex 56.7071 0 10.764
      vertex 56.2751 0.61 10.8319
      vertex 56.2751 0 10.8319
    endloop
  endfacet
  facet normal -0.173712 0 0.984797
    outer loop
      vertex 56.7071 0.61 10.764
      vertex 57.1646 0 10.8447
      vertex 57.1646 0.61 10.8447
    endloop
  endfacet
  facet normal -0.173712 0 0.984797
    outer loop
      vertex 57.1646 0 10.8447
      vertex 56.7071 0.61 10.764
      vertex 56.7071 0 10.764
    endloop
  endfacet
  facet normal -0.979366 0 0.202097
    outer loop
      vertex 60.6931 0 11.3149
      vertex 60.8074 0.61 11.8688
      vertex 60.6931 0.61 11.3149
    endloop
  endfacet
  facet normal -0.979366 0 0.202097
    outer loop
      vertex 60.8074 0.61 11.8688
      vertex 60.6931 0 11.3149
      vertex 60.8074 0 11.8688
    endloop
  endfacet
  facet normal -0.949565 0 0.313572
    outer loop
      vertex 60.8074 0 11.8688
      vertex 60.9952 0.61 12.4375
      vertex 60.8074 0.61 11.8688
    endloop
  endfacet
  facet normal -0.949565 0 0.313572
    outer loop
      vertex 60.9952 0.61 12.4375
      vertex 60.8074 0 11.8688
      vertex 60.9952 0 12.4375
    endloop
  endfacet
  facet normal -0.901607 0 0.432556
    outer loop
      vertex 60.9952 0 12.4375
      vertex 61.2524 0.61 12.9736
      vertex 60.9952 0.61 12.4375
    endloop
  endfacet
  facet normal -0.901607 0 0.432556
    outer loop
      vertex 61.2524 0.61 12.9736
      vertex 60.9952 0 12.4375
      vertex 61.2524 0 12.9736
    endloop
  endfacet
  facet normal -0.845974 0 0.533224
    outer loop
      vertex 61.2524 0 12.9736
      vertex 61.5419 0.61 13.4329
      vertex 61.2524 0.61 12.9736
    endloop
  endfacet
  facet normal -0.845974 0 0.533224
    outer loop
      vertex 61.5419 0.61 13.4329
      vertex 61.2524 0 12.9736
      vertex 61.5419 0 13.4329
    endloop
  endfacet
  facet normal -0.7648 0 0.644268
    outer loop
      vertex 61.5419 0 13.4329
      vertex 61.8268 0.61 13.7711
      vertex 61.5419 0.61 13.4329
    endloop
  endfacet
  facet normal -0.7648 0 0.644268
    outer loop
      vertex 61.8268 0.61 13.7711
      vertex 61.5419 0 13.4329
      vertex 61.8268 0 13.7711
    endloop
  endfacet
  facet normal -1 0 0
    outer loop
      vertex 61.8268 0 13.7711
      vertex 61.8268 0.61 14.2553
      vertex 61.8268 0.61 13.7711
    endloop
  endfacet
  facet normal -1 -0 0
    outer loop
      vertex 61.8268 0.61 14.2553
      vertex 61.8268 0 13.7711
      vertex 61.8268 0 14.2553
    endloop
  endfacet
  facet normal 0 0 -1
    outer loop
      vertex 59.5459 0 14.2553
      vertex 61.8268 0.61 14.2553
      vertex 61.8268 0 14.2553
    endloop
  endfacet
  facet normal -0 0 -1
    outer loop
      vertex 61.8268 0.61 14.2553
      vertex 59.5459 0 14.2553
      vertex 59.5459 0.61 14.2553
    endloop
  endfacet
  facet normal 1 -0 0
    outer loop
      vertex 59.5459 0 14.2553
      vertex 59.5459 0.61 13.6358
      vertex 59.5459 0.61 14.2553
    endloop
  endfacet
  facet normal 1 0 0
    outer loop
      vertex 59.5459 0.61 13.6358
      vertex 59.5459 0 14.2553
      vertex 59.5459 0 13.6358
    endloop
  endfacet
  facet normal -0 0 1
    outer loop
      vertex 59.5459 0.61 13.6358
      vertex 61.0625 0 13.6358
      vertex 61.0625 0.61 13.6358
    endloop
  endfacet
  facet normal 0 0 1
    outer loop
      vertex 61.0625 0 13.6358
      vertex 59.5459 0.61 13.6358
      vertex 59.5459 0 13.6358
    endloop
  endfacet
  facet normal 0.830629 0 -0.556826
    outer loop
      vertex 61.0625 0 13.6358
      vertex 60.6397 0.61 13.0051
      vertex 61.0625 0.61 13.6358
    endloop
  endfacet
  facet normal 0.830629 0 -0.556826
    outer loop
      vertex 60.6397 0.61 13.0051
      vertex 61.0625 0 13.6358
      vertex 60.6397 0 13.0051
    endloop
  endfacet
  facet normal 0.907682 0 -0.419658
    outer loop
      vertex 60.6397 0 13.0051
      vertex 60.3113 0.61 12.2948
      vertex 60.6397 0.61 13.0051
    endloop
  endfacet
  facet normal 0.907682 0 -0.419658
    outer loop
      vertex 60.3113 0.61 12.2948
      vertex 60.6397 0 13.0051
      vertex 60.3113 0 12.2948
    endloop
  endfacet
  facet normal 0.960547 0 -0.278118
    outer loop
      vertex 60.3113 0 12.2948
      vertex 60.0962 0.61 11.5519
      vertex 60.3113 0.61 12.2948
    endloop
  endfacet
  facet normal 0.960547 0 -0.278118
    outer loop
      vertex 60.0962 0.61 11.5519
      vertex 60.3113 0 12.2948
      vertex 60.0962 0 11.5519
    endloop
  endfacet
  facet normal 0.993605 0 -0.112916
    outer loop
      vertex 60.0962 0 11.5519
      vertex 60.0134 0.61 10.8233
      vertex 60.0962 0.61 11.5519
    endloop
  endfacet
  facet normal 0.993605 0 -0.112916
    outer loop
      vertex 60.0134 0.61 10.8233
      vertex 60.0962 0 11.5519
      vertex 60.0134 0 10.8233
    endloop
  endfacet
  facet normal -0 0 1
    outer loop
      vertex 60.0134 0.61 10.8233
      vertex 60.6566 0 10.8233
      vertex 60.6566 0.61 10.8233
    endloop
  endfacet
  facet normal 0 0 1
    outer loop
      vertex 60.6566 0 10.8233
      vertex 60.0134 0.61 10.8233
      vertex 60.0134 0 10.8233
    endloop
  endfacet
  facet normal -0.997255 0 0.0740435
    outer loop
      vertex 60.6566 0 10.8233
      vertex 60.6931 0.61 11.3149
      vertex 60.6566 0.61 10.8233
    endloop
  endfacet
  facet normal -0.997255 0 0.0740435
    outer loop
      vertex 60.6931 0.61 11.3149
      vertex 60.6566 0 10.8233
      vertex 60.6931 0 11.3149
    endloop
  endfacet
  facet normal -0.648608 0 0.761123
    outer loop
      vertex 63.8813 0.61 10.8791
      vertex 64.2865 0 11.2244
      vertex 64.2865 0.61 11.2244
    endloop
  endfacet
  facet normal -0.648608 0 0.761123
    outer loop
      vertex 64.2865 0 11.2244
      vertex 63.8813 0.61 10.8791
      vertex 63.8813 0 10.8791
    endloop
  endfacet
  facet normal -0.887624 0 0.460569
    outer loop
      vertex 64.2865 0 11.2244
      vertex 64.4734 0.61 11.5846
      vertex 64.2865 0.61 11.2244
    endloop
  endfacet
  facet normal -0.887624 0 0.460569
    outer loop
      vertex 64.4734 0.61 11.5846
      vertex 64.2865 0 11.2244
      vertex 64.4734 0 11.5846
    endloop
  endfacet
  facet normal -0.988453 0 0.151527
    outer loop
      vertex 64.4734 0 11.5846
      vertex 64.5357 0.61 11.991
      vertex 64.4734 0.61 11.5846
    endloop
  endfacet
  facet normal -0.988453 0 0.151527
    outer loop
      vertex 64.5357 0.61 11.991
      vertex 64.4734 0 11.5846
      vertex 64.5357 0 11.991
    endloop
  endfacet
  facet normal -0.986644 0 -0.162891
    outer loop
      vertex 64.5357 0 11.991
      vertex 64.4586 0.61 12.458
      vertex 64.5357 0.61 11.991
    endloop
  endfacet
  facet normal -0.986644 -0 -0.162891
    outer loop
      vertex 64.4586 0.61 12.458
      vertex 64.5357 0 11.991
      vertex 64.4586 0 12.458
    endloop
  endfacet
  facet normal -0.848358 0 -0.529423
    outer loop
      vertex 64.4586 0 12.458
      vertex 64.2272 0.61 12.8288
      vertex 64.4586 0.61 12.458
    endloop
  endfacet
  facet normal -0.848358 -0 -0.529423
    outer loop
      vertex 64.2272 0.61 12.8288
      vertex 64.4586 0 12.458
      vertex 64.2272 0 12.8288
    endloop
  endfacet
  facet normal -0.577329 0 -0.816512
    outer loop
      vertex 63.8848 0 13.0709
      vertex 64.2272 0.61 12.8288
      vertex 64.2272 0 12.8288
    endloop
  endfacet
  facet normal -0.577329 0 -0.816512
    outer loop
      vertex 64.2272 0.61 12.8288
      vertex 63.8848 0 13.0709
      vertex 63.8848 0.61 13.0709
    endloop
  endfacet
  facet normal -0.193124 0 -0.981174
    outer loop
      vertex 63.4748 0 13.1516
      vertex 63.8848 0.61 13.0709
      vertex 63.8848 0 13.0709
    endloop
  endfacet
  facet normal -0.193124 0 -0.981174
    outer loop
      vertex 63.8848 0.61 13.0709
      vertex 63.4748 0 13.1516
      vertex 63.4748 0.61 13.1516
    endloop
  endfacet
  facet normal 0.120318 0 -0.992735
    outer loop
      vertex 63.2446 0 13.1237
      vertex 63.4748 0.61 13.1516
      vertex 63.4748 0 13.1516
    endloop
  endfacet
  facet normal 0.120318 0 -0.992735
    outer loop
      vertex 63.4748 0.61 13.1516
      vertex 63.2446 0 13.1237
      vertex 63.2446 0.61 13.1237
    endloop
  endfacet
  facet normal 0.347612 0 -0.937638
    outer loop
      vertex 63.0191 0 13.0401
      vertex 63.2446 0.61 13.1237
      vertex 63.2446 0 13.1237
    endloop
  endfacet
  facet normal 0.347612 0 -0.937638
    outer loop
      vertex 63.2446 0.61 13.1237
      vertex 63.0191 0 13.0401
      vertex 63.0191 0.61 13.0401
    endloop
  endfacet
  facet normal -0.984748 0 0.173985
    outer loop
      vertex 63.0191 0 13.0401
      vertex 63.1235 0.61 13.631
      vertex 63.0191 0.61 13.0401
    endloop
  endfacet
  facet normal -0.984748 0 0.173985
    outer loop
      vertex 63.1235 0.61 13.631
      vertex 63.0191 0 13.0401
      vertex 63.1235 0 13.631
    endloop
  endfacet
  facet normal -0 0 1
    outer loop
      vertex 63.1235 0.61 13.631
      vertex 64.3814 0 13.631
      vertex 64.3814 0.61 13.631
    endloop
  endfacet
  facet normal 0 0 1
    outer loop
      vertex 64.3814 0 13.631
      vertex 63.1235 0.61 13.631
      vertex 63.1235 0 13.631
    endloop
  endfacet
  facet normal -1 0 0
    outer loop
      vertex 64.3814 0 13.631
      vertex 64.3814 0.61 14.2553
      vertex 64.3814 0.61 13.631
    endloop
  endfacet
  facet normal -1 -0 0
    outer loop
      vertex 64.3814 0.61 14.2553
      vertex 64.3814 0 13.631
      vertex 64.3814 0 14.2553
    endloop
  endfacet
  facet normal 0 0 -1
    outer loop
      vertex 62.618 0 14.2553
      vertex 64.3814 0.61 14.2553
      vertex 64.3814 0 14.2553
    endloop
  endfacet
  facet normal -0 0 -1
    outer loop
      vertex 64.3814 0.61 14.2553
      vertex 62.618 0 14.2553
      vertex 62.618 0.61 14.2553
    endloop
  endfacet
  facet normal 0.98265 0 -0.185471
    outer loop
      vertex 62.618 0 14.2553
      vertex 62.2762 0.61 12.4444
      vertex 62.618 0.61 14.2553
    endloop
  endfacet
  facet normal 0.98265 0 -0.185471
    outer loop
      vertex 62.2762 0.61 12.4444
      vertex 62.618 0 14.2553
      vertex 62.2762 0 12.4444
    endloop
  endfacet
  facet normal 0.143367 0 0.98967
    outer loop
      vertex 62.2762 0.61 12.4444
      vertex 62.8174 0 12.366
      vertex 62.8174 0.61 12.366
    endloop
  endfacet
  facet normal 0.143367 0 0.98967
    outer loop
      vertex 62.8174 0 12.366
      vertex 62.2762 0.61 12.4444
      vertex 62.2762 0 12.4444
    endloop
  endfacet
  facet normal -0.617592 0 0.786498
    outer loop
      vertex 62.8174 0.61 12.366
      vertex 63.06 0 12.5565
      vertex 63.06 0.61 12.5565
    endloop
  endfacet
  facet normal -0.617592 0 0.786498
    outer loop
      vertex 63.06 0 12.5565
      vertex 62.8174 0.61 12.366
      vertex 62.8174 0 12.366
    endloop
  endfacet
  facet normal -0.227026 0 0.973889
    outer loop
      vertex 63.06 0.61 12.5565
      vertex 63.3324 0 12.62
      vertex 63.3324 0.61 12.62
    endloop
  endfacet
  facet normal -0.227026 0 0.973889
    outer loop
      vertex 63.3324 0 12.62
      vertex 63.06 0.61 12.5565
      vertex 63.06 0 12.5565
    endloop
  endfacet
  facet normal 0.188865 0 0.982003
    outer loop
      vertex 63.3324 0.61 12.62
      vertex 63.5409 0 12.5799
      vertex 63.5409 0.61 12.5799
    endloop
  endfacet
  facet normal 0.188865 0 0.982003
    outer loop
      vertex 63.5409 0 12.5799
      vertex 63.3324 0.61 12.62
      vertex 63.3324 0 12.62
    endloop
  endfacet
  facet normal 0.588114 0 0.808778
    outer loop
      vertex 63.5409 0.61 12.5799
      vertex 63.7062 0 12.4597
      vertex 63.7062 0.61 12.4597
    endloop
  endfacet
  facet normal 0.588114 0 0.808778
    outer loop
      vertex 63.7062 0 12.4597
      vertex 63.5409 0.61 12.5799
      vertex 63.5409 0 12.5799
    endloop
  endfacet
  facet normal 0.880655 -0 0.473759
    outer loop
      vertex 63.7062 0 12.4597
      vertex 63.8139 0.61 12.2595
      vertex 63.7062 0.61 12.4597
    endloop
  endfacet
  facet normal 0.880655 0 0.473759
    outer loop
      vertex 63.8139 0.61 12.2595
      vertex 63.7062 0 12.4597
      vertex 63.8139 0 12.2595
    endloop
  endfacet
  facet normal 0.991898 -0 0.127039
    outer loop
      vertex 63.8139 0 12.2595
      vertex 63.8498 0.61 11.9792
      vertex 63.8139 0.61 12.2595
    endloop
  endfacet
  facet normal 0.991898 0 0.127039
    outer loop
      vertex 63.8498 0.61 11.9792
      vertex 63.8139 0 12.2595
      vertex 63.8498 0 11.9792
    endloop
  endfacet
  facet normal 0.992741 0 -0.120272
    outer loop
      vertex 63.8498 0 11.9792
      vertex 63.8136 0.61 11.6804
      vertex 63.8498 0.61 11.9792
    endloop
  endfacet
  facet normal 0.992741 0 -0.120272
    outer loop
      vertex 63.8136 0.61 11.6804
      vertex 63.8498 0 11.9792
      vertex 63.8136 0 11.6804
    endloop
  endfacet
  facet normal 0.890627 0 -0.454735
    outer loop
      vertex 63.8136 0 11.6804
      vertex 63.705 0.61 11.4677
      vertex 63.8136 0.61 11.6804
    endloop
  endfacet
  facet normal 0.890627 0 -0.454735
    outer loop
      vertex 63.705 0.61 11.4677
      vertex 63.8136 0 11.6804
      vertex 63.705 0 11.4677
    endloop
  endfacet
  facet normal 0.620703 0 -0.784046
    outer loop
      vertex 63.5442 0 11.3404
      vertex 63.705 0.61 11.4677
      vertex 63.705 0 11.4677
    endloop
  endfacet
  facet normal 0.620703 0 -0.784046
    outer loop
      vertex 63.705 0.61 11.4677
      vertex 63.5442 0 11.3404
      vertex 63.5442 0.61 11.3404
    endloop
  endfacet
  facet normal 0.214784 0 -0.976661
    outer loop
      vertex 63.3514 0 11.298
      vertex 63.5442 0.61 11.3404
      vertex 63.5442 0 11.3404
    endloop
  endfacet
  facet normal 0.214784 0 -0.976661
    outer loop
      vertex 63.5442 0.61 11.3404
      vertex 63.3514 0 11.298
      vertex 63.3514 0.61 11.298
    endloop
  endfacet
  facet normal -0.187768 0 -0.982213
    outer loop
      vertex 63.1793 0 11.3309
      vertex 63.3514 0.61 11.298
      vertex 63.3514 0 11.298
    endloop
  endfacet
  facet normal -0.187768 0 -0.982213
    outer loop
      vertex 63.3514 0.61 11.298
      vertex 63.1793 0 11.3309
      vertex 63.1793 0.61 11.3309
    endloop
  endfacet
  facet normal -0.548281 0 -0.836294
    outer loop
      vertex 63.0286 0 11.4297
      vertex 63.1793 0.61 11.3309
      vertex 63.1793 0 11.3309
    endloop
  endfacet
  facet normal -0.548281 0 -0.836294
    outer loop
      vertex 63.1793 0.61 11.3309
      vertex 63.0286 0 11.4297
      vertex 63.0286 0.61 11.4297
    endloop
  endfacet
  facet normal -0.810404 0 -0.585872
    outer loop
      vertex 63.0286 0 11.4297
      vertex 62.9164 0.61 11.5849
      vertex 63.0286 0.61 11.4297
    endloop
  endfacet
  facet normal -0.810404 -0 -0.585872
    outer loop
      vertex 62.9164 0.61 11.5849
      vertex 63.0286 0 11.4297
      vertex 62.9164 0 11.5849
    endloop
  endfacet
  facet normal -0.963285 0 -0.26848
    outer loop
      vertex 62.9164 0 11.5849
      vertex 62.8601 0.61 11.7869
      vertex 62.9164 0.61 11.5849
    endloop
  endfacet
  facet normal -0.963285 -0 -0.26848
    outer loop
      vertex 62.8601 0.61 11.7869
      vertex 62.9164 0 11.5849
      vertex 62.8601 0 11.7869
    endloop
  endfacet
  facet normal 0.102971 0 -0.994684
    outer loop
      vertex 62.1955 0 11.7181
      vertex 62.8601 0.61 11.7869
      vertex 62.8601 0 11.7869
    endloop
  endfacet
  facet normal 0.102971 0 -0.994684
    outer loop
      vertex 62.8601 0.61 11.7869
      vertex 62.1955 0 11.7181
      vertex 62.1955 0.61 11.7181
    endloop
  endfacet
  facet normal 0.955969 -0 0.293469
    outer loop
      vertex 62.1955 0 11.7181
      vertex 62.3159 0.61 11.3259
      vertex 62.1955 0.61 11.7181
    endloop
  endfacet
  facet normal 0.955969 0 0.293469
    outer loop
      vertex 62.3159 0.61 11.3259
      vertex 62.1955 0 11.7181
      vertex 62.3159 0 11.3259
    endloop
  endfacet
  facet normal 0.780793 -0 0.624789
    outer loop
      vertex 62.3159 0 11.3259
      vertex 62.5586 0.61 11.0226
      vertex 62.3159 0.61 11.3259
    endloop
  endfacet
  facet normal 0.780793 0 0.624789
    outer loop
      vertex 62.5586 0.61 11.0226
      vertex 62.3159 0 11.3259
      vertex 62.5586 0 11.0226
    endloop
  endfacet
  facet normal 0.486601 0 0.873624
    outer loop
      vertex 62.5586 0.61 11.0226
      vertex 62.9069 0 10.8286
      vertex 62.9069 0.61 10.8286
    endloop
  endfacet
  facet normal 0.486601 0 0.873624
    outer loop
      vertex 62.9069 0 10.8286
      vertex 62.5586 0.61 11.0226
      vertex 62.5586 0 11.0226
    endloop
  endfacet
  facet normal 0.146106 0 0.989269
    outer loop
      vertex 62.9069 0.61 10.8286
      vertex 63.3443 0 10.764
      vertex 63.3443 0.61 10.764
    endloop
  endfacet
  facet normal 0.146106 0 0.989269
    outer loop
      vertex 63.3443 0 10.764
      vertex 62.9069 0.61 10.8286
      vertex 62.9069 0 10.8286
    endloop
  endfacet
  facet normal -0.209579 0 0.977792
    outer loop
      vertex 63.3443 0.61 10.764
      vertex 63.8813 0 10.8791
      vertex 63.8813 0.61 10.8791
    endloop
  endfacet
  facet normal -0.209579 0 0.977792
    outer loop
      vertex 63.8813 0 10.8791
      vertex 63.3443 0.61 10.764
      vertex 63.3443 0 10.764
    endloop
  endfacet
  facet normal 0 0 -1
    outer loop
      vertex 58.3694 0 11.4902
      vertex 59.0363 0.61 11.4902
      vertex 59.0363 0 11.4902
    endloop
  endfacet
  facet normal -0 0 -1
    outer loop
      vertex 59.0363 0.61 11.4902
      vertex 58.3694 0 11.4902
      vertex 58.3694 0.61 11.4902
    endloop
  endfacet
  facet normal 1 -0 0
    outer loop
      vertex 58.3694 0 11.4902
      vertex 58.3694 0.61 10.8233
      vertex 58.3694 0.61 11.4902
    endloop
  endfacet
  facet normal 1 0 0
    outer loop
      vertex 58.3694 0.61 10.8233
      vertex 58.3694 0 11.4902
      vertex 58.3694 0 10.8233
    endloop
  endfacet
  facet normal -0 0 1
    outer loop
      vertex 58.3694 0.61 10.8233
      vertex 59.0363 0 10.8233
      vertex 59.0363 0.61 10.8233
    endloop
  endfacet
  facet normal 0 0 1
    outer loop
      vertex 59.0363 0 10.8233
      vertex 58.3694 0.61 10.8233
      vertex 58.3694 0 10.8233
    endloop
  endfacet
  facet normal -1 0 0
    outer loop
      vertex 59.0363 0 10.8233
      vertex 59.0363 0.61 11.4902
      vertex 59.0363 0.61 10.8233
    endloop
  endfacet
  facet normal -1 -0 0
    outer loop
      vertex 59.0363 0.61 11.4902
      vertex 59.0363 0 10.8233
      vertex 59.0363 0 11.4902
    endloop
  endfacet
  facet normal 0 -1 0
    outer loop
      vertex 77.2146 0.61 10.8233
      vertex 77.8602 0.61 11.5235
      vertex 77.2146 0.61 11.5235
    endloop
  endfacet
  facet normal 0 -1 -0
    outer loop
      vertex 77.8602 0.61 11.5235
      vertex 77.2146 0.61 10.8233
      vertex 77.8602 0.61 10.8233
    endloop
  endfacet
  facet normal 0 -1 -0
    outer loop
      vertex 77.3001 0.61 14.317
      vertex 77.2146 0.61 13.2988
      vertex 77.8602 0.61 14.317
    endloop
  endfacet
  facet normal 0 -1 0
    outer loop
      vertex 75.7906 0.61 12.1073
      vertex 77.2146 0.61 13.2988
      vertex 77.3001 0.61 14.317
    endloop
  endfacet
  facet normal 0 -1 0
    outer loop
      vertex 77.2146 0.61 11.5235
      vertex 77.2146 0.61 12.1097
      vertex 76.4148 0.61 12.1097
    endloop
  endfacet
  facet normal 0 -1 0
    outer loop
      vertex 77.2146 0.61 12.1097
      vertex 77.2146 0.61 11.5235
      vertex 77.8602 0.61 12.1097
    endloop
  endfacet
  facet normal 0 -1 0
    outer loop
      vertex 77.2146 0.61 13.2988
      vertex 75.7906 0.61 12.1073
      vertex 76.4148 0.61 12.1097
    endloop
  endfacet
  facet normal 0 -1 0
    outer loop
      vertex 75.7906 0.61 11.5235
      vertex 76.4148 0.61 12.1097
      vertex 75.7906 0.61 12.1073
    endloop
  endfacet
  facet normal 0 -1 -0
    outer loop
      vertex 76.4148 0.61 12.1097
      vertex 75.7906 0.61 11.5235
      vertex 77.2146 0.61 11.5235
    endloop
  endfacet
  facet normal 0 -1 0
    outer loop
      vertex 77.8602 0.61 11.5235
      vertex 77.8602 0.61 12.1097
      vertex 77.2146 0.61 11.5235
    endloop
  endfacet
  facet normal 0 -1 0
    outer loop
      vertex 77.8602 0.61 12.1097
      vertex 77.8602 0.61 11.5235
      vertex 78.2922 0.61 12.1097
    endloop
  endfacet
  facet normal 0 -1 -0
    outer loop
      vertex 78.2922 0.61 12.1097
      vertex 77.8602 0.61 11.5235
      vertex 78.2922 0.61 11.5235
    endloop
  endfacet
  facet normal 0 -1 0
    outer loop
      vertex 77.8602 0.61 12.1097
      vertex 77.2146 0.61 13.2988
      vertex 77.2146 0.61 12.1097
    endloop
  endfacet
  facet normal 0 -1 0
    outer loop
      vertex 77.2146 0.61 13.2988
      vertex 77.8602 0.61 12.1097
      vertex 77.8602 0.61 14.317
    endloop
  endfacet
  facet normal 0 -1 0
    outer loop
      vertex 80.8788 0.61 13.7447
      vertex 80.9933 0.61 14.317
      vertex 80.5436 0.61 14.228
    endloop
  endfacet
  facet normal 0 -1 0
    outer loop
      vertex 80.7773 0.61 13.6868
      vertex 80.5436 0.61 14.228
      vertex 80.2054 0.61 13.961
    endloop
  endfacet
  facet normal 0 -1 -0
    outer loop
      vertex 80.9933 0.61 14.317
      vertex 80.8788 0.61 13.7447
      vertex 80.9933 0.61 13.764
    endloop
  endfacet
  facet normal 0 -1 0
    outer loop
      vertex 80.9933 0.61 14.317
      vertex 81.1075 0.61 13.7447
      vertex 81.4437 0.61 14.2268
    endloop
  endfacet
  facet normal 0 -1 0
    outer loop
      vertex 81.1075 0.61 13.7447
      vertex 80.9933 0.61 14.317
      vertex 80.9933 0.61 13.764
    endloop
  endfacet
  facet normal 0 -1 0
    outer loop
      vertex 80.5436 0.61 14.228
      vertex 80.7773 0.61 13.6868
      vertex 80.8788 0.61 13.7447
    endloop
  endfacet
  facet normal 0 -1 0
    outer loop
      vertex 80.2054 0.61 13.961
      vertex 80.6931 0.61 13.5791
      vertex 80.7773 0.61 13.6868
    endloop
  endfacet
  facet normal 0 -1 0
    outer loop
      vertex 80.2054 0.61 13.961
      vertex 80.6302 0.61 13.4103
      vertex 80.6931 0.61 13.5791
    endloop
  endfacet
  facet normal 0 -1 0
    outer loop
      vertex 79.949 0.61 13.3913
      vertex 80.6302 0.61 13.4103
      vertex 80.2054 0.61 13.961
    endloop
  endfacet
  facet normal 0 -1 0
    outer loop
      vertex 79.949 0.61 13.3913
      vertex 80.5786 0.61 13.0632
      vertex 80.6302 0.61 13.4103
    endloop
  endfacet
  facet normal 0 -1 0
    outer loop
      vertex 79.8636 0.61 12.5464
      vertex 80.5786 0.61 13.0632
      vertex 79.949 0.61 13.3913
    endloop
  endfacet
  facet normal 0 -1 0
    outer loop
      vertex 79.8636 0.61 12.5464
      vertex 80.5614 0.61 12.5393
      vertex 80.5786 0.61 13.0632
    endloop
  endfacet
  facet normal 0 -1 0
    outer loop
      vertex 79.8636 0.61 12.5464
      vertex 80.5768 0.61 12.0228
      vertex 80.5614 0.61 12.5393
    endloop
  endfacet
  facet normal 0 -1 0
    outer loop
      vertex 79.9413 0.61 11.6976
      vertex 80.5768 0.61 12.0228
      vertex 79.8636 0.61 12.5464
    endloop
  endfacet
  facet normal 0 -1 -0
    outer loop
      vertex 80.5768 0.61 12.0228
      vertex 79.9413 0.61 11.6976
      vertex 80.6231 0.61 11.6979
    endloop
  endfacet
  facet normal 0 -1 0
    outer loop
      vertex 80.1745 0.61 11.1544
      vertex 80.6231 0.61 11.6979
      vertex 79.9413 0.61 11.6976
    endloop
  endfacet
  facet normal 0 -1 -0
    outer loop
      vertex 80.6231 0.61 11.6979
      vertex 80.1745 0.61 11.1544
      vertex 80.6928 0.61 11.5071
    endloop
  endfacet
  facet normal 0 -1 -0
    outer loop
      vertex 80.6928 0.61 11.5071
      vertex 80.1745 0.61 11.1544
      vertex 80.7785 0.61 11.3929
    endloop
  endfacet
  facet normal 0 -1 -0
    outer loop
      vertex 80.7785 0.61 11.3929
      vertex 80.5347 0.61 10.8616
      vertex 80.8791 0.61 11.336
    endloop
  endfacet
  facet normal 0 -1 0
    outer loop
      vertex 80.5347 0.61 10.8616
      vertex 80.7785 0.61 11.3929
      vertex 80.1745 0.61 11.1544
    endloop
  endfacet
  facet normal 0 -1 0
    outer loop
      vertex 81.2081 0.61 13.6868
      vertex 81.4437 0.61 14.2268
      vertex 81.1075 0.61 13.7447
    endloop
  endfacet
  facet normal 0 -1 -0
    outer loop
      vertex 81.4437 0.61 14.2268
      vertex 81.2081 0.61 13.6868
      vertex 81.7837 0.61 13.9562
    endloop
  endfacet
  facet normal 0 -1 0
    outer loop
      vertex 81.2939 0.61 13.5717
      vertex 81.7837 0.61 13.9562
      vertex 81.2081 0.61 13.6868
    endloop
  endfacet
  facet normal 0 -1 0
    outer loop
      vertex 81.3636 0.61 13.3807
      vertex 81.7837 0.61 13.9562
      vertex 81.2939 0.61 13.5717
    endloop
  endfacet
  facet normal 0 -1 -0
    outer loop
      vertex 81.7837 0.61 13.9562
      vertex 81.3636 0.61 13.3807
      vertex 82.0382 0.61 13.3884
    endloop
  endfacet
  facet normal 0 -1 0
    outer loop
      vertex 81.4099 0.61 13.0558
      vertex 82.0382 0.61 13.3884
      vertex 81.3636 0.61 13.3807
    endloop
  endfacet
  facet normal 0 -1 0
    outer loop
      vertex 82.1231 0.61 12.5393
      vertex 81.4099 0.61 13.0558
      vertex 81.4253 0.61 12.5393
    endloop
  endfacet
  facet normal 0 -1 0
    outer loop
      vertex 81.4099 0.61 13.0558
      vertex 82.1231 0.61 12.5393
      vertex 82.0382 0.61 13.3884
    endloop
  endfacet
  facet normal 0 -1 0
    outer loop
      vertex 81.4081 0.61 12.0159
      vertex 82.1231 0.61 12.5393
      vertex 81.4253 0.61 12.5393
    endloop
  endfacet
  facet normal 0 -1 0
    outer loop
      vertex 81.4081 0.61 12.0159
      vertex 82.0376 0.61 11.6908
      vertex 82.1231 0.61 12.5393
    endloop
  endfacet
  facet normal 0 -1 0
    outer loop
      vertex 81.3565 0.61 11.6706
      vertex 82.0376 0.61 11.6908
      vertex 81.4081 0.61 12.0159
    endloop
  endfacet
  facet normal 0 -1 0
    outer loop
      vertex 81.7813 0.61 11.12
      vertex 81.3565 0.61 11.6706
      vertex 81.2936 0.61 11.5018
    endloop
  endfacet
  facet normal 0 -1 0
    outer loop
      vertex 81.7813 0.61 11.12
      vertex 81.2936 0.61 11.5018
      vertex 81.2093 0.61 11.3941
    endloop
  endfacet
  facet normal 0 -1 0
    outer loop
      vertex 81.4431 0.61 10.853
      vertex 81.2093 0.61 11.3941
      vertex 81.1078 0.61 11.3362
    endloop
  endfacet
  facet normal 0 -1 0
    outer loop
      vertex 80.9933 0.61 10.764
      vertex 80.8791 0.61 11.336
      vertex 80.5347 0.61 10.8616
    endloop
  endfacet
  facet normal 0 -1 0
    outer loop
      vertex 81.3565 0.61 11.6706
      vertex 81.7813 0.61 11.12
      vertex 82.0376 0.61 11.6908
    endloop
  endfacet
  facet normal 0 -1 0
    outer loop
      vertex 80.8791 0.61 11.336
      vertex 80.9933 0.61 10.764
      vertex 80.9933 0.61 11.317
    endloop
  endfacet
  facet normal 0 -1 0
    outer loop
      vertex 80.9933 0.61 11.317
      vertex 80.9933 0.61 10.764
      vertex 81.1078 0.61 11.3362
    endloop
  endfacet
  facet normal -0 -1 0
    outer loop
      vertex 81.4431 0.61 10.853
      vertex 81.1078 0.61 11.3362
      vertex 80.9933 0.61 10.764
    endloop
  endfacet
  facet normal 0 -1 0
    outer loop
      vertex 81.2093 0.61 11.3941
      vertex 81.4431 0.61 10.853
      vertex 81.7813 0.61 11.12
    endloop
  endfacet
  facet normal 0 -1 0
    outer loop
      vertex 78.6894 0.61 10.8233
      vertex 79.3564 0.61 11.4902
      vertex 78.6894 0.61 11.4902
    endloop
  endfacet
  facet normal 0 -1 -0
    outer loop
      vertex 79.3564 0.61 11.4902
      vertex 78.6894 0.61 10.8233
      vertex 79.3564 0.61 10.8233
    endloop
  endfacet
  facet normal -0 0 1
    outer loop
      vertex 77.8602 0.61 11.5235
      vertex 78.2922 0 11.5235
      vertex 78.2922 0.61 11.5235
    endloop
  endfacet
  facet normal 0 0 1
    outer loop
      vertex 78.2922 0 11.5235
      vertex 77.8602 0.61 11.5235
      vertex 77.8602 0 11.5235
    endloop
  endfacet
  facet normal -1 0 0
    outer loop
      vertex 78.2922 0 11.5235
      vertex 78.2922 0.61 12.1097
      vertex 78.2922 0.61 11.5235
    endloop
  endfacet
  facet normal -1 -0 0
    outer loop
      vertex 78.2922 0.61 12.1097
      vertex 78.2922 0 11.5235
      vertex 78.2922 0 12.1097
    endloop
  endfacet
  facet normal 0 0 -1
    outer loop
      vertex 77.8602 0 12.1097
      vertex 78.2922 0.61 12.1097
      vertex 78.2922 0 12.1097
    endloop
  endfacet
  facet normal -0 0 -1
    outer loop
      vertex 78.2922 0.61 12.1097
      vertex 77.8602 0 12.1097
      vertex 77.8602 0.61 12.1097
    endloop
  endfacet
  facet normal -1 0 0
    outer loop
      vertex 77.8602 0 12.1097
      vertex 77.8602 0.61 14.317
      vertex 77.8602 0.61 12.1097
    endloop
  endfacet
  facet normal -1 -0 0
    outer loop
      vertex 77.8602 0.61 14.317
      vertex 77.8602 0 12.1097
      vertex 77.8602 0 14.317
    endloop
  endfacet
  facet normal 0 0 -1
    outer loop
      vertex 77.3001 0 14.317
      vertex 77.8602 0.61 14.317
      vertex 77.8602 0 14.317
    endloop
  endfacet
  facet normal -0 0 -1
    outer loop
      vertex 77.8602 0.61 14.317
      vertex 77.3001 0 14.317
      vertex 77.3001 0.61 14.317
    endloop
  endfacet
  facet normal 0.825725 0 -0.564073
    outer loop
      vertex 77.3001 0 14.317
      vertex 75.7906 0.61 12.1073
      vertex 77.3001 0.61 14.317
    endloop
  endfacet
  facet normal 0.825725 0 -0.564073
    outer loop
      vertex 75.7906 0.61 12.1073
      vertex 77.3001 0 14.317
      vertex 75.7906 0 12.1073
    endloop
  endfacet
  facet normal 1 -0 0
    outer loop
      vertex 75.7906 0 12.1073
      vertex 75.7906 0.61 11.5235
      vertex 75.7906 0.61 12.1073
    endloop
  endfacet
  facet normal 1 0 0
    outer loop
      vertex 75.7906 0.61 11.5235
      vertex 75.7906 0 12.1073
      vertex 75.7906 0 11.5235
    endloop
  endfacet
  facet normal -0 0 1
    outer loop
      vertex 75.7906 0.61 11.5235
      vertex 77.2146 0 11.5235
      vertex 77.2146 0.61 11.5235
    endloop
  endfacet
  facet normal 0 0 1
    outer loop
      vertex 77.2146 0 11.5235
      vertex 75.7906 0.61 11.5235
      vertex 75.7906 0 11.5235
    endloop
  endfacet
  facet normal 1 -0 0
    outer loop
      vertex 77.2146 0 11.5235
      vertex 77.2146 0.61 10.8233
      vertex 77.2146 0.61 11.5235
    endloop
  endfacet
  facet normal 1 0 0
    outer loop
      vertex 77.2146 0.61 10.8233
      vertex 77.2146 0 11.5235
      vertex 77.2146 0 10.8233
    endloop
  endfacet
  facet normal -0 0 1
    outer loop
      vertex 77.2146 0.61 10.8233
      vertex 77.8602 0 10.8233
      vertex 77.8602 0.61 10.8233
    endloop
  endfacet
  facet normal 0 0 1
    outer loop
      vertex 77.8602 0 10.8233
      vertex 77.2146 0.61 10.8233
      vertex 77.2146 0 10.8233
    endloop
  endfacet
  facet normal -1 0 0
    outer loop
      vertex 77.8602 0 10.8233
      vertex 77.8602 0.61 11.5235
      vertex 77.8602 0.61 10.8233
    endloop
  endfacet
  facet normal -1 -0 0
    outer loop
      vertex 77.8602 0.61 11.5235
      vertex 77.8602 0 10.8233
      vertex 77.8602 0 11.5235
    endloop
  endfacet
  facet normal -0.829767 0 0.558109
    outer loop
      vertex 76.4148 0 12.1097
      vertex 77.2146 0.61 13.2988
      vertex 76.4148 0.61 12.1097
    endloop
  endfacet
  facet normal -0.829767 0 0.558109
    outer loop
      vertex 77.2146 0.61 13.2988
      vertex 76.4148 0 12.1097
      vertex 77.2146 0 13.2988
    endloop
  endfacet
  facet normal 1 -0 0
    outer loop
      vertex 77.2146 0 13.2988
      vertex 77.2146 0.61 12.1097
      vertex 77.2146 0.61 13.2988
    endloop
  endfacet
  facet normal 1 0 0
    outer loop
      vertex 77.2146 0.61 12.1097
      vertex 77.2146 0 13.2988
      vertex 77.2146 0 12.1097
    endloop
  endfacet
  facet normal 0 0 -1
    outer loop
      vertex 76.4148 0 12.1097
      vertex 77.2146 0.61 12.1097
      vertex 77.2146 0 12.1097
    endloop
  endfacet
  facet normal -0 0 -1
    outer loop
      vertex 77.2146 0.61 12.1097
      vertex 76.4148 0 12.1097
      vertex 76.4148 0.61 12.1097
    endloop
  endfacet
  facet normal -0.619644 0 0.784883
    outer loop
      vertex 81.4431 0.61 10.853
      vertex 81.7813 0 11.12
      vertex 81.7813 0.61 11.12
    endloop
  endfacet
  facet normal -0.619644 0 0.784883
    outer loop
      vertex 81.7813 0 11.12
      vertex 81.4431 0.61 10.853
      vertex 81.4431 0 10.853
    endloop
  endfacet
  facet normal -0.912256 0 0.40962
    outer loop
      vertex 81.7813 0 11.12
      vertex 82.0376 0.61 11.6908
      vertex 81.7813 0.61 11.12
    endloop
  endfacet
  facet normal -0.912256 0 0.40962
    outer loop
      vertex 82.0376 0.61 11.6908
      vertex 81.7813 0 11.12
      vertex 82.0376 0 11.6908
    endloop
  endfacet
  facet normal -0.994961 0 0.100258
    outer loop
      vertex 82.0376 0 11.6908
      vertex 82.1231 0.61 12.5393
      vertex 82.0376 0.61 11.6908
    endloop
  endfacet
  facet normal -0.994961 0 0.100258
    outer loop
      vertex 82.1231 0.61 12.5393
      vertex 82.0376 0 11.6908
      vertex 82.1231 0 12.5393
    endloop
  endfacet
  facet normal -0.995038 0 -0.0994921
    outer loop
      vertex 82.1231 0 12.5393
      vertex 82.0382 0.61 13.3884
      vertex 82.1231 0.61 12.5393
    endloop
  endfacet
  facet normal -0.995038 -0 -0.0994921
    outer loop
      vertex 82.0382 0.61 13.3884
      vertex 82.1231 0 12.5393
      vertex 82.0382 0 13.3884
    endloop
  endfacet
  facet normal -0.912528 0 -0.409014
    outer loop
      vertex 82.0382 0 13.3884
      vertex 81.7837 0.61 13.9562
      vertex 82.0382 0.61 13.3884
    endloop
  endfacet
  facet normal -0.912528 -0 -0.409014
    outer loop
      vertex 81.7837 0.61 13.9562
      vertex 82.0382 0 13.3884
      vertex 81.7837 0 13.9562
    endloop
  endfacet
  facet normal -0.622729 0 -0.782438
    outer loop
      vertex 81.4437 0 14.2268
      vertex 81.7837 0.61 13.9562
      vertex 81.7837 0 13.9562
    endloop
  endfacet
  facet normal -0.622729 0 -0.782438
    outer loop
      vertex 81.7837 0.61 13.9562
      vertex 81.4437 0 14.2268
      vertex 81.4437 0.61 14.2268
    endloop
  endfacet
  facet normal -0.196367 0 -0.98053
    outer loop
      vertex 80.9933 0 14.317
      vertex 81.4437 0.61 14.2268
      vertex 81.4437 0 14.2268
    endloop
  endfacet
  facet normal -0.196367 0 -0.98053
    outer loop
      vertex 81.4437 0.61 14.2268
      vertex 80.9933 0 14.317
      vertex 80.9933 0.61 14.317
    endloop
  endfacet
  facet normal 0.194144 0 -0.980973
    outer loop
      vertex 80.5436 0 14.228
      vertex 80.9933 0.61 14.317
      vertex 80.9933 0 14.317
    endloop
  endfacet
  facet normal 0.194144 0 -0.980973
    outer loop
      vertex 80.9933 0.61 14.317
      vertex 80.5436 0 14.228
      vertex 80.5436 0.61 14.228
    endloop
  endfacet
  facet normal 0.619644 0 -0.784883
    outer loop
      vertex 80.2054 0 13.961
      vertex 80.5436 0.61 14.228
      vertex 80.5436 0 14.228
    endloop
  endfacet
  facet normal 0.619644 0 -0.784883
    outer loop
      vertex 80.5436 0.61 14.228
      vertex 80.2054 0 13.961
      vertex 80.2054 0.61 13.961
    endloop
  endfacet
  facet normal 0.911901 0 -0.410411
    outer loop
      vertex 80.2054 0 13.961
      vertex 79.949 0.61 13.3913
      vertex 80.2054 0.61 13.961
    endloop
  endfacet
  facet normal 0.911901 0 -0.410411
    outer loop
      vertex 79.949 0.61 13.3913
      vertex 80.2054 0 13.961
      vertex 79.949 0 13.3913
    endloop
  endfacet
  facet normal 0.994931 0 -0.100565
    outer loop
      vertex 79.949 0 13.3913
      vertex 79.8636 0.61 12.5464
      vertex 79.949 0.61 13.3913
    endloop
  endfacet
  facet normal 0.994931 0 -0.100565
    outer loop
      vertex 79.8636 0.61 12.5464
      vertex 79.949 0 13.3913
      vertex 79.8636 0 12.5464
    endloop
  endfacet
  facet normal 0.995836 -0 0.0911598
    outer loop
      vertex 79.8636 0 12.5464
      vertex 79.9413 0.61 11.6976
      vertex 79.8636 0.61 12.5464
    endloop
  endfacet
  facet normal 0.995836 0 0.0911598
    outer loop
      vertex 79.9413 0.61 11.6976
      vertex 79.8636 0 12.5464
      vertex 79.9413 0 11.6976
    endloop
  endfacet
  facet normal 0.9189 -0 0.394491
    outer loop
      vertex 79.9413 0 11.6976
      vertex 80.1745 0.61 11.1544
      vertex 79.9413 0.61 11.6976
    endloop
  endfacet
  facet normal 0.9189 0 0.394491
    outer loop
      vertex 80.1745 0.61 11.1544
      vertex 79.9413 0 11.6976
      vertex 80.1745 0 11.1544
    endloop
  endfacet
  facet normal 0.630771 0 0.775969
    outer loop
      vertex 80.1745 0.61 11.1544
      vertex 80.5347 0 10.8616
      vertex 80.5347 0.61 10.8616
    endloop
  endfacet
  facet normal 0.630771 0 0.775969
    outer loop
      vertex 80.5347 0 10.8616
      vertex 80.1745 0.61 11.1544
      vertex 80.1745 0 11.1544
    endloop
  endfacet
  facet normal 0.20816 0 0.978095
    outer loop
      vertex 80.5347 0.61 10.8616
      vertex 80.9933 0 10.764
      vertex 80.9933 0.61 10.764
    endloop
  endfacet
  facet normal 0.20816 0 0.978095
    outer loop
      vertex 80.9933 0 10.764
      vertex 80.5347 0.61 10.8616
      vertex 80.5347 0 10.8616
    endloop
  endfacet
  facet normal -0.194103 0 0.980981
    outer loop
      vertex 80.9933 0.61 10.764
      vertex 81.4431 0 10.853
      vertex 81.4431 0.61 10.853
    endloop
  endfacet
  facet normal -0.194103 0 0.980981
    outer loop
      vertex 81.4431 0 10.853
      vertex 80.9933 0.61 10.764
      vertex 80.9933 0 10.764
    endloop
  endfacet
  facet normal -0.492314 0 -0.870418
    outer loop
      vertex 80.7785 0 11.3929
      vertex 80.8791 0.61 11.336
      vertex 80.8791 0 11.336
    endloop
  endfacet
  facet normal -0.492314 0 -0.870418
    outer loop
      vertex 80.8791 0.61 11.336
      vertex 80.7785 0 11.3929
      vertex 80.7785 0.61 11.3929
    endloop
  endfacet
  facet normal -0.799832 0 -0.600224
    outer loop
      vertex 80.7785 0 11.3929
      vertex 80.6928 0.61 11.5071
      vertex 80.7785 0.61 11.3929
    endloop
  endfacet
  facet normal -0.799832 -0 -0.600224
    outer loop
      vertex 80.6928 0.61 11.5071
      vertex 80.7785 0 11.3929
      vertex 80.6928 0 11.5071
    endloop
  endfacet
  facet normal -0.939289 0 -0.343126
    outer loop
      vertex 80.6928 0 11.5071
      vertex 80.6231 0.61 11.6979
      vertex 80.6928 0.61 11.5071
    endloop
  endfacet
  facet normal -0.939289 -0 -0.343126
    outer loop
      vertex 80.6231 0.61 11.6979
      vertex 80.6928 0 11.5071
      vertex 80.6231 0 11.6979
    endloop
  endfacet
  facet normal -0.989998 0 -0.14108
    outer loop
      vertex 80.6231 0 11.6979
      vertex 80.5768 0.61 12.0228
      vertex 80.6231 0.61 11.6979
    endloop
  endfacet
  facet normal -0.989998 -0 -0.14108
    outer loop
      vertex 80.5768 0.61 12.0228
      vertex 80.6231 0 11.6979
      vertex 80.5768 0 12.0228
    endloop
  endfacet
  facet normal -0.999556 0 -0.0298028
    outer loop
      vertex 80.5768 0 12.0228
      vertex 80.5614 0.61 12.5393
      vertex 80.5768 0.61 12.0228
    endloop
  endfacet
  facet normal -0.999556 -0 -0.0298028
    outer loop
      vertex 80.5614 0.61 12.5393
      vertex 80.5768 0 12.0228
      vertex 80.5614 0 12.5393
    endloop
  endfacet
  facet normal -0.999462 0 0.032813
    outer loop
      vertex 80.5614 0 12.5393
      vertex 80.5786 0.61 13.0632
      vertex 80.5614 0.61 12.5393
    endloop
  endfacet
  facet normal -0.999462 0 0.032813
    outer loop
      vertex 80.5786 0.61 13.0632
      vertex 80.5614 0 12.5393
      vertex 80.5786 0 13.0632
    endloop
  endfacet
  facet normal -0.98913 0 0.147044
    outer loop
      vertex 80.5786 0 13.0632
      vertex 80.6302 0.61 13.4103
      vertex 80.5786 0.61 13.0632
    endloop
  endfacet
  facet normal -0.98913 0 0.147044
    outer loop
      vertex 80.6302 0.61 13.4103
      vertex 80.5786 0 13.0632
      vertex 80.6302 0 13.4103
    endloop
  endfacet
  facet normal -0.937057 0 0.349176
    outer loop
      vertex 80.6302 0 13.4103
      vertex 80.6931 0.61 13.5791
      vertex 80.6302 0.61 13.4103
    endloop
  endfacet
  facet normal -0.937057 0 0.349176
    outer loop
      vertex 80.6931 0.61 13.5791
      vertex 80.6302 0 13.4103
      vertex 80.6931 0 13.5791
    endloop
  endfacet
  facet normal -0.787814 0 0.615914
    outer loop
      vertex 80.6931 0 13.5791
      vertex 80.7773 0.61 13.6868
      vertex 80.6931 0.61 13.5791
    endloop
  endfacet
  facet normal -0.787814 0 0.615914
    outer loop
      vertex 80.7773 0.61 13.6868
      vertex 80.6931 0 13.5791
      vertex 80.7773 0 13.6868
    endloop
  endfacet
  facet normal -0.495494 0 0.868612
    outer loop
      vertex 80.7773 0.61 13.6868
      vertex 80.8788 0 13.7447
      vertex 80.8788 0.61 13.7447
    endloop
  endfacet
  facet normal -0.495494 0 0.868612
    outer loop
      vertex 80.8788 0 13.7447
      vertex 80.7773 0.61 13.6868
      vertex 80.7773 0 13.6868
    endloop
  endfacet
  facet normal -0.166214 0 0.98609
    outer loop
      vertex 80.8788 0.61 13.7447
      vertex 80.9933 0 13.764
      vertex 80.9933 0.61 13.764
    endloop
  endfacet
  facet normal -0.166214 0 0.98609
    outer loop
      vertex 80.9933 0 13.764
      vertex 80.8788 0.61 13.7447
      vertex 80.8788 0 13.7447
    endloop
  endfacet
  facet normal 0.166639 0 0.986018
    outer loop
      vertex 80.9933 0.61 13.764
      vertex 81.1075 0 13.7447
      vertex 81.1075 0.61 13.7447
    endloop
  endfacet
  facet normal 0.166639 0 0.986018
    outer loop
      vertex 81.1075 0 13.7447
      vertex 80.9933 0.61 13.764
      vertex 80.9933 0 13.764
    endloop
  endfacet
  facet normal 0.498827 0 0.866701
    outer loop
      vertex 81.1075 0.61 13.7447
      vertex 81.2081 0 13.6868
      vertex 81.2081 0.61 13.6868
    endloop
  endfacet
  facet normal 0.498827 0 0.866701
    outer loop
      vertex 81.2081 0 13.6868
      vertex 81.1075 0.61 13.7447
      vertex 81.1075 0 13.7447
    endloop
  endfacet
  facet normal 0.801752 -0 0.597657
    outer loop
      vertex 81.2081 0 13.6868
      vertex 81.2939 0.61 13.5717
      vertex 81.2081 0.61 13.6868
    endloop
  endfacet
  facet normal 0.801752 0 0.597657
    outer loop
      vertex 81.2939 0.61 13.5717
      vertex 81.2081 0 13.6868
      vertex 81.2939 0 13.5717
    endloop
  endfacet
  facet normal 0.939405 -0 0.342809
    outer loop
      vertex 81.2939 0 13.5717
      vertex 81.3636 0.61 13.3807
      vertex 81.2939 0.61 13.5717
    endloop
  endfacet
  facet normal 0.939405 0 0.342809
    outer loop
      vertex 81.3636 0.61 13.3807
      vertex 81.2939 0 13.5717
      vertex 81.3636 0 13.3807
    endloop
  endfacet
  facet normal 0.989998 -0 0.14108
    outer loop
      vertex 81.3636 0 13.3807
      vertex 81.4099 0.61 13.0558
      vertex 81.3636 0.61 13.3807
    endloop
  endfacet
  facet normal 0.989998 0 0.14108
    outer loop
      vertex 81.4099 0.61 13.0558
      vertex 81.3636 0 13.3807
      vertex 81.4099 0 13.0558
    endloop
  endfacet
  facet normal 0.999556 -0 0.0298028
    outer loop
      vertex 81.4099 0 13.0558
      vertex 81.4253 0.61 12.5393
      vertex 81.4099 0.61 13.0558
    endloop
  endfacet
  facet normal 0.999556 0 0.0298028
    outer loop
      vertex 81.4253 0.61 12.5393
      vertex 81.4099 0 13.0558
      vertex 81.4253 0 12.5393
    endloop
  endfacet
  facet normal 0.99946 0 -0.0328443
    outer loop
      vertex 81.4253 0 12.5393
      vertex 81.4081 0.61 12.0159
      vertex 81.4253 0.61 12.5393
    endloop
  endfacet
  facet normal 0.99946 0 -0.0328443
    outer loop
      vertex 81.4081 0.61 12.0159
      vertex 81.4253 0 12.5393
      vertex 81.4081 0 12.0159
    endloop
  endfacet
  facet normal 0.989018 0 -0.147794
    outer loop
      vertex 81.4081 0 12.0159
      vertex 81.3565 0.61 11.6706
      vertex 81.4081 0.61 12.0159
    endloop
  endfacet
  facet normal 0.989018 0 -0.147794
    outer loop
      vertex 81.3565 0.61 11.6706
      vertex 81.4081 0 12.0159
      vertex 81.3565 0 11.6706
    endloop
  endfacet
  facet normal 0.937057 0 -0.349176
    outer loop
      vertex 81.3565 0 11.6706
      vertex 81.2936 0.61 11.5018
      vertex 81.3565 0.61 11.6706
    endloop
  endfacet
  facet normal 0.937057 0 -0.349176
    outer loop
      vertex 81.2936 0.61 11.5018
      vertex 81.3565 0 11.6706
      vertex 81.2936 0 11.5018
    endloop
  endfacet
  facet normal 0.787459 0 -0.616367
    outer loop
      vertex 81.2936 0 11.5018
      vertex 81.2093 0.61 11.3941
      vertex 81.2936 0.61 11.5018
    endloop
  endfacet
  facet normal 0.787459 0 -0.616367
    outer loop
      vertex 81.2093 0.61 11.3941
      vertex 81.2936 0 11.5018
      vertex 81.2093 0 11.3941
    endloop
  endfacet
  facet normal 0.495494 0 -0.868612
    outer loop
      vertex 81.1078 0 11.3362
      vertex 81.2093 0.61 11.3941
      vertex 81.2093 0 11.3941
    endloop
  endfacet
  facet normal 0.495494 0 -0.868612
    outer loop
      vertex 81.2093 0.61 11.3941
      vertex 81.1078 0 11.3362
      vertex 81.1078 0.61 11.3362
    endloop
  endfacet
  facet normal 0.165377 0 -0.98623
    outer loop
      vertex 80.9933 0 11.317
      vertex 81.1078 0.61 11.3362
      vertex 81.1078 0 11.3362
    endloop
  endfacet
  facet normal 0.165377 0 -0.98623
    outer loop
      vertex 81.1078 0.61 11.3362
      vertex 80.9933 0 11.317
      vertex 80.9933 0.61 11.317
    endloop
  endfacet
  facet normal -0.164119 0 -0.986441
    outer loop
      vertex 80.8791 0 11.336
      vertex 80.9933 0.61 11.317
      vertex 80.9933 0 11.317
    endloop
  endfacet
  facet normal -0.164119 0 -0.986441
    outer loop
      vertex 80.9933 0.61 11.317
      vertex 80.8791 0 11.336
      vertex 80.8791 0.61 11.336
    endloop
  endfacet
  facet normal 0 0 -1
    outer loop
      vertex 78.6894 0 11.4902
      vertex 79.3564 0.61 11.4902
      vertex 79.3564 0 11.4902
    endloop
  endfacet
  facet normal -0 0 -1
    outer loop
      vertex 79.3564 0.61 11.4902
      vertex 78.6894 0 11.4902
      vertex 78.6894 0.61 11.4902
    endloop
  endfacet
  facet normal 1 -0 0
    outer loop
      vertex 78.6894 0 11.4902
      vertex 78.6894 0.61 10.8233
      vertex 78.6894 0.61 11.4902
    endloop
  endfacet
  facet normal 1 0 0
    outer loop
      vertex 78.6894 0.61 10.8233
      vertex 78.6894 0 11.4902
      vertex 78.6894 0 10.8233
    endloop
  endfacet
  facet normal -0 0 1
    outer loop
      vertex 78.6894 0.61 10.8233
      vertex 79.3564 0 10.8233
      vertex 79.3564 0.61 10.8233
    endloop
  endfacet
  facet normal 0 0 1
    outer loop
      vertex 79.3564 0 10.8233
      vertex 78.6894 0.61 10.8233
      vertex 78.6894 0 10.8233
    endloop
  endfacet
  facet normal -1 0 0
    outer loop
      vertex 79.3564 0 10.8233
      vertex 79.3564 0.61 11.4902
      vertex 79.3564 0.61 10.8233
    endloop
  endfacet
  facet normal -1 -0 0
    outer loop
      vertex 79.3564 0.61 11.4902
      vertex 79.3564 0 10.8233
      vertex 79.3564 0 11.4902
    endloop
  endfacet
  facet normal 0 -1 0
    outer loop
      vertex 95.8946 0.61 10.8233
      vertex 96.5401 0.61 11.5235
      vertex 95.8946 0.61 11.5235
    endloop
  endfacet
  facet normal 0 -1 -0
    outer loop
      vertex 96.5401 0.61 11.5235
      vertex 95.8946 0.61 10.8233
      vertex 96.5401 0.61 10.8233
    endloop
  endfacet
  facet normal 0 -1 -0
    outer loop
      vertex 95.98 0.61 14.317
      vertex 95.8946 0.61 13.2988
      vertex 96.5401 0.61 14.317
    endloop
  endfacet
  facet normal 0 -1 0
    outer loop
      vertex 94.4705 0.61 12.1073
      vertex 95.8946 0.61 13.2988
      vertex 95.98 0.61 14.317
    endloop
  endfacet
  facet normal 0 -1 0
    outer loop
      vertex 95.8946 0.61 11.5235
      vertex 95.8946 0.61 12.1097
      vertex 95.0948 0.61 12.1097
    endloop
  endfacet
  facet normal 0 -1 0
    outer loop
      vertex 95.8946 0.61 12.1097
      vertex 95.8946 0.61 11.5235
      vertex 96.5401 0.61 12.1097
    endloop
  endfacet
  facet normal 0 -1 0
    outer loop
      vertex 95.8946 0.61 13.2988
      vertex 94.4705 0.61 12.1073
      vertex 95.0948 0.61 12.1097
    endloop
  endfacet
  facet normal 0 -1 0
    outer loop
      vertex 94.4705 0.61 11.5235
      vertex 95.0948 0.61 12.1097
      vertex 94.4705 0.61 12.1073
    endloop
  endfacet
  facet normal 0 -1 -0
    outer loop
      vertex 95.0948 0.61 12.1097
      vertex 94.4705 0.61 11.5235
      vertex 95.8946 0.61 11.5235
    endloop
  endfacet
  facet normal 0 -1 0
    outer loop
      vertex 96.5401 0.61 11.5235
      vertex 96.5401 0.61 12.1097
      vertex 95.8946 0.61 11.5235
    endloop
  endfacet
  facet normal 0 -1 0
    outer loop
      vertex 96.5401 0.61 12.1097
      vertex 96.5401 0.61 11.5235
      vertex 96.9721 0.61 12.1097
    endloop
  endfacet
  facet normal 0 -1 -0
    outer loop
      vertex 96.9721 0.61 12.1097
      vertex 96.5401 0.61 11.5235
      vertex 96.9721 0.61 11.5235
    endloop
  endfacet
  facet normal 0 -1 0
    outer loop
      vertex 96.5401 0.61 12.1097
      vertex 95.8946 0.61 13.2988
      vertex 95.8946 0.61 12.1097
    endloop
  endfacet
  facet normal 0 -1 0
    outer loop
      vertex 95.8946 0.61 13.2988
      vertex 96.5401 0.61 12.1097
      vertex 96.5401 0.61 14.317
    endloop
  endfacet
  facet normal 0 -1 0
    outer loop
      vertex 99.4905 0.61 13.7325
      vertex 99.6946 0.61 14.317
      vertex 99.2638 0.61 14.257
    endloop
  endfacet
  facet normal 0 -1 0
    outer loop
      vertex 99.3457 0.61 13.6382
      vertex 99.2638 0.61 14.257
      vertex 98.9114 0.61 14.0773
    endloop
  endfacet
  facet normal 0 -1 0
    outer loop
      vertex 99.8664 0.61 13.734
      vertex 99.6946 0.61 14.317
      vertex 99.678 0.61 13.764
    endloop
  endfacet
  facet normal 0 -1 0
    outer loop
      vertex 99.6946 0.61 14.317
      vertex 99.8664 0.61 13.734
      vertex 100.154 0.61 14.2476
    endloop
  endfacet
  facet normal 0 -1 0
    outer loop
      vertex 99.3457 0.61 13.6382
      vertex 98.9114 0.61 14.0773
      vertex 98.6616 0.61 13.7598
    endloop
  endfacet
  facet normal 0 -1 0
    outer loop
      vertex 99.6946 0.61 14.317
      vertex 99.4905 0.61 13.7325
      vertex 99.678 0.61 13.764
    endloop
  endfacet
  facet normal 0 -1 0
    outer loop
      vertex 99.2638 0.61 14.257
      vertex 99.3457 0.61 13.6382
      vertex 99.4905 0.61 13.7325
    endloop
  endfacet
  facet normal 0 -1 0
    outer loop
      vertex 98.6616 0.61 13.7598
      vertex 99.2484 0.61 13.4709
      vertex 99.3457 0.61 13.6382
    endloop
  endfacet
  facet normal 0 -1 0
    outer loop
      vertex 98.5388 0.61 13.2869
      vertex 99.2484 0.61 13.4709
      vertex 98.6616 0.61 13.7598
    endloop
  endfacet
  facet normal 0 -1 0
    outer loop
      vertex 99.2484 0.61 13.4709
      vertex 98.5388 0.61 13.2869
      vertex 99.2033 0.61 13.2205
    endloop
  endfacet
  facet normal 0 -1 0
    outer loop
      vertex 100.009 0.61 13.6441
      vertex 100.154 0.61 14.2476
      vertex 99.8664 0.61 13.734
    endloop
  endfacet
  facet normal 0 -1 -0
    outer loop
      vertex 100.154 0.61 14.2476
      vertex 100.009 0.61 13.6441
      vertex 100.504 0.61 14.0393
    endloop
  endfacet
  facet normal 0 -1 0
    outer loop
      vertex 100.099 0.61 13.4984
      vertex 100.504 0.61 14.0393
      vertex 100.009 0.61 13.6441
    endloop
  endfacet
  facet normal 0 -1 -0
    outer loop
      vertex 100.504 0.61 14.0393
      vertex 100.099 0.61 13.4984
      vertex 100.725 0.61 13.7278
    endloop
  endfacet
  facet normal 0 -1 0
    outer loop
      vertex 100.099 0.61 13.4984
      vertex 100.798 0.61 13.3486
      vertex 100.725 0.61 13.7278
    endloop
  endfacet
  facet normal 0 -1 0
    outer loop
      vertex 100.129 0.61 13.3011
      vertex 100.798 0.61 13.3486
      vertex 100.099 0.61 13.4984
    endloop
  endfacet
  facet normal 0 -1 0
    outer loop
      vertex 100.129 0.61 13.3011
      vertex 100.777 0.61 13.1193
      vertex 100.798 0.61 13.3486
    endloop
  endfacet
  facet normal 0 -1 0
    outer loop
      vertex 100.095 0.61 13.0982
      vertex 100.777 0.61 13.1193
      vertex 100.129 0.61 13.3011
    endloop
  endfacet
  facet normal 0 -1 0
    outer loop
      vertex 100.095 0.61 13.0982
      vertex 100.714 0.61 12.9012
      vertex 100.777 0.61 13.1193
    endloop
  endfacet
  facet normal 0 -1 0
    outer loop
      vertex 100.605 0.61 12.6838
      vertex 100.095 0.61 13.0982
      vertex 99.9913 0.61 12.8929
    endloop
  endfacet
  facet normal 0 -1 0
    outer loop
      vertex 100.095 0.61 13.0982
      vertex 100.605 0.61 12.6838
      vertex 100.714 0.61 12.9012
    endloop
  endfacet
  facet normal 0 -1 0
    outer loop
      vertex 100.447 0.61 12.4562
      vertex 99.9913 0.61 12.8929
      vertex 99.802 0.61 12.6758
    endloop
  endfacet
  facet normal 0 -1 0
    outer loop
      vertex 99.9913 0.61 12.8929
      vertex 100.447 0.61 12.4562
      vertex 100.605 0.61 12.6838
    endloop
  endfacet
  facet normal 0 -1 0
    outer loop
      vertex 100.01 0.61 12.0124
      vertex 99.802 0.61 12.6758
      vertex 99.4383 0.61 12.3233
    endloop
  endfacet
  facet normal 0 -1 0
    outer loop
      vertex 99.802 0.61 12.6758
      vertex 100.277 0.61 12.2681
      vertex 100.447 0.61 12.4562
    endloop
  endfacet
  facet normal 0 -1 0
    outer loop
      vertex 99.802 0.61 12.6758
      vertex 100.01 0.61 12.0124
      vertex 100.277 0.61 12.2681
    endloop
  endfacet
  facet normal 0 -1 0
    outer loop
      vertex 99.6103 0.61 11.6279
      vertex 99.4383 0.61 12.3233
      vertex 98.9707 0.61 11.8549
    endloop
  endfacet
  facet normal 0 -1 0
    outer loop
      vertex 99.4383 0.61 12.3233
      vertex 99.7525 0.61 11.7715
      vertex 100.01 0.61 12.0124
    endloop
  endfacet
  facet normal 0 -1 0
    outer loop
      vertex 99.4383 0.61 12.3233
      vertex 99.6103 0.61 11.6279
      vertex 99.7525 0.61 11.7715
    endloop
  endfacet
  facet normal 0 -1 0
    outer loop
      vertex 98.9707 0.61 11.8549
      vertex 99.5341 0.61 11.5341
      vertex 99.6103 0.61 11.6279
    endloop
  endfacet
  facet normal 0 -1 0
    outer loop
      vertex 99.4739 0.61 11.4427
      vertex 98.9707 0.61 11.8549
      vertex 98.6883 0.61 11.489
    endloop
  endfacet
  facet normal 0 -1 0
    outer loop
      vertex 98.9707 0.61 11.8549
      vertex 99.4739 0.61 11.4427
      vertex 99.5341 0.61 11.5341
    endloop
  endfacet
  facet normal 0 -1 0
    outer loop
      vertex 98.5364 0.61 11.1654
      vertex 99.4739 0.61 11.4427
      vertex 98.6883 0.61 11.489
    endloop
  endfacet
  facet normal 0 -1 0
    outer loop
      vertex 98.4604 0.61 10.8233
      vertex 99.4739 0.61 11.4427
      vertex 98.5364 0.61 11.1654
    endloop
  endfacet
  facet normal 0 -1 -0
    outer loop
      vertex 99.4739 0.61 11.4427
      vertex 98.4604 0.61 10.8233
      vertex 100.798 0.61 10.8233
    endloop
  endfacet
  facet normal 0 -1 0
    outer loop
      vertex 99.4739 0.61 11.4427
      vertex 100.798 0.61 10.8233
      vertex 100.798 0.61 11.4427
    endloop
  endfacet
  facet normal 0 -1 0
    outer loop
      vertex 101.316 0.61 11.3259
      vertex 101.86 0.61 11.7869
      vertex 101.196 0.61 11.7181
    endloop
  endfacet
  facet normal 0 -1 -0
    outer loop
      vertex 101.86 0.61 11.7869
      vertex 101.316 0.61 11.3259
      vertex 101.916 0.61 11.5849
    endloop
  endfacet
  facet normal 0 -1 0
    outer loop
      vertex 101.559 0.61 11.0226
      vertex 101.916 0.61 11.5849
      vertex 101.316 0.61 11.3259
    endloop
  endfacet
  facet normal 0 -1 -0
    outer loop
      vertex 101.916 0.61 11.5849
      vertex 101.559 0.61 11.0226
      vertex 102.029 0.61 11.4297
    endloop
  endfacet
  facet normal 0 -1 0
    outer loop
      vertex 101.907 0.61 10.8286
      vertex 102.029 0.61 11.4297
      vertex 101.559 0.61 11.0226
    endloop
  endfacet
  facet normal 0 -1 -0
    outer loop
      vertex 102.029 0.61 11.4297
      vertex 101.907 0.61 10.8286
      vertex 102.179 0.61 11.3309
    endloop
  endfacet
  facet normal 0 -1 0
    outer loop
      vertex 102.344 0.61 10.764
      vertex 102.179 0.61 11.3309
      vertex 101.907 0.61 10.8286
    endloop
  endfacet
  facet normal -0 -1 0
    outer loop
      vertex 102.881 0.61 10.8791
      vertex 102.351 0.61 11.298
      vertex 102.344 0.61 10.764
    endloop
  endfacet
  facet normal 0 -1 0
    outer loop
      vertex 102.179 0.61 11.3309
      vertex 102.344 0.61 10.764
      vertex 102.351 0.61 11.298
    endloop
  endfacet
  facet normal 0 -1 0
    outer loop
      vertex 102.351 0.61 11.298
      vertex 102.881 0.61 10.8791
      vertex 103.287 0.61 11.2244
    endloop
  endfacet
  facet normal 0 -1 0
    outer loop
      vertex 101.618 0.61 14.2553
      vertex 102.124 0.61 13.631
      vertex 103.381 0.61 14.2553
    endloop
  endfacet
  facet normal 0 -1 0
    outer loop
      vertex 101.618 0.61 14.2553
      vertex 102.019 0.61 13.0401
      vertex 102.124 0.61 13.631
    endloop
  endfacet
  facet normal 0 -1 0
    outer loop
      vertex 102.475 0.61 13.1516
      vertex 102.541 0.61 12.5799
      vertex 102.885 0.61 13.0709
    endloop
  endfacet
  facet normal 0 -1 0
    outer loop
      vertex 102.019 0.61 13.0401
      vertex 102.06 0.61 12.5565
      vertex 102.332 0.61 12.62
    endloop
  endfacet
  facet normal 0 -1 0
    outer loop
      vertex 101.276 0.61 12.4444
      vertex 102.019 0.61 13.0401
      vertex 101.618 0.61 14.2553
    endloop
  endfacet
  facet normal 0 -1 0
    outer loop
      vertex 101.817 0.61 12.366
      vertex 102.019 0.61 13.0401
      vertex 101.276 0.61 12.4444
    endloop
  endfacet
  facet normal 0 -1 -0
    outer loop
      vertex 102.019 0.61 13.0401
      vertex 101.817 0.61 12.366
      vertex 102.06 0.61 12.5565
    endloop
  endfacet
  facet normal 0 -1 -0
    outer loop
      vertex 103.381 0.61 14.2553
      vertex 102.124 0.61 13.631
      vertex 103.381 0.61 13.631
    endloop
  endfacet
  facet normal 0 -1 0
    outer loop
      vertex 102.332 0.61 12.62
      vertex 102.475 0.61 13.1516
      vertex 102.245 0.61 13.1237
    endloop
  endfacet
  facet normal 0 -1 0
    outer loop
      vertex 102.332 0.61 12.62
      vertex 102.245 0.61 13.1237
      vertex 102.019 0.61 13.0401
    endloop
  endfacet
  facet normal 0 -1 0
    outer loop
      vertex 102.541 0.61 12.5799
      vertex 102.475 0.61 13.1516
      vertex 102.332 0.61 12.62
    endloop
  endfacet
  facet normal 0 -1 0
    outer loop
      vertex 102.706 0.61 12.4597
      vertex 102.885 0.61 13.0709
      vertex 102.541 0.61 12.5799
    endloop
  endfacet
  facet normal 0 -1 -0
    outer loop
      vertex 102.885 0.61 13.0709
      vertex 102.706 0.61 12.4597
      vertex 103.227 0.61 12.8288
    endloop
  endfacet
  facet normal 0 -1 0
    outer loop
      vertex 102.814 0.61 12.2595
      vertex 103.227 0.61 12.8288
      vertex 102.706 0.61 12.4597
    endloop
  endfacet
  facet normal 0 -1 -0
    outer loop
      vertex 103.227 0.61 12.8288
      vertex 102.814 0.61 12.2595
      vertex 103.459 0.61 12.458
    endloop
  endfacet
  facet normal 0 -1 0
    outer loop
      vertex 102.814 0.61 12.2595
      vertex 103.536 0.61 11.991
      vertex 103.459 0.61 12.458
    endloop
  endfacet
  facet normal 0 -1 0
    outer loop
      vertex 102.85 0.61 11.9792
      vertex 103.536 0.61 11.991
      vertex 102.814 0.61 12.2595
    endloop
  endfacet
  facet normal 0 -1 0
    outer loop
      vertex 103.473 0.61 11.5846
      vertex 102.85 0.61 11.9792
      vertex 102.814 0.61 11.6804
    endloop
  endfacet
  facet normal 0 -1 0
    outer loop
      vertex 102.85 0.61 11.9792
      vertex 103.473 0.61 11.5846
      vertex 103.536 0.61 11.991
    endloop
  endfacet
  facet normal 0 -1 0
    outer loop
      vertex 103.287 0.61 11.2244
      vertex 102.814 0.61 11.6804
      vertex 102.705 0.61 11.4677
    endloop
  endfacet
  facet normal 0 -1 0
    outer loop
      vertex 103.287 0.61 11.2244
      vertex 102.705 0.61 11.4677
      vertex 102.544 0.61 11.3404
    endloop
  endfacet
  facet normal 0 -1 0
    outer loop
      vertex 102.814 0.61 11.6804
      vertex 103.287 0.61 11.2244
      vertex 103.473 0.61 11.5846
    endloop
  endfacet
  facet normal 0 -1 0
    outer loop
      vertex 103.287 0.61 11.2244
      vertex 102.544 0.61 11.3404
      vertex 102.351 0.61 11.298
    endloop
  endfacet
  facet normal 0 -1 0
    outer loop
      vertex 97.3694 0.61 10.8233
      vertex 98.0363 0.61 11.4902
      vertex 97.3694 0.61 11.4902
    endloop
  endfacet
  facet normal 0 -1 -0
    outer loop
      vertex 98.0363 0.61 11.4902
      vertex 97.3694 0.61 10.8233
      vertex 98.0363 0.61 10.8233
    endloop
  endfacet
  facet normal -0 0 1
    outer loop
      vertex 96.5401 0.61 11.5235
      vertex 96.9721 0 11.5235
      vertex 96.9721 0.61 11.5235
    endloop
  endfacet
  facet normal 0 0 1
    outer loop
      vertex 96.9721 0 11.5235
      vertex 96.5401 0.61 11.5235
      vertex 96.5401 0 11.5235
    endloop
  endfacet
  facet normal -1 0 0
    outer loop
      vertex 96.9721 0 11.5235
      vertex 96.9721 0.61 12.1097
      vertex 96.9721 0.61 11.5235
    endloop
  endfacet
  facet normal -1 -0 0
    outer loop
      vertex 96.9721 0.61 12.1097
      vertex 96.9721 0 11.5235
      vertex 96.9721 0 12.1097
    endloop
  endfacet
  facet normal 0 0 -1
    outer loop
      vertex 96.5401 0 12.1097
      vertex 96.9721 0.61 12.1097
      vertex 96.9721 0 12.1097
    endloop
  endfacet
  facet normal -0 0 -1
    outer loop
      vertex 96.9721 0.61 12.1097
      vertex 96.5401 0 12.1097
      vertex 96.5401 0.61 12.1097
    endloop
  endfacet
  facet normal -1 0 0
    outer loop
      vertex 96.5401 0 12.1097
      vertex 96.5401 0.61 14.317
      vertex 96.5401 0.61 12.1097
    endloop
  endfacet
  facet normal -1 -0 0
    outer loop
      vertex 96.5401 0.61 14.317
      vertex 96.5401 0 12.1097
      vertex 96.5401 0 14.317
    endloop
  endfacet
  facet normal 0 0 -1
    outer loop
      vertex 95.98 0 14.317
      vertex 96.5401 0.61 14.317
      vertex 96.5401 0 14.317
    endloop
  endfacet
  facet normal -0 0 -1
    outer loop
      vertex 96.5401 0.61 14.317
      vertex 95.98 0 14.317
      vertex 95.98 0.61 14.317
    endloop
  endfacet
  facet normal 0.825725 0 -0.564073
    outer loop
      vertex 95.98 0 14.317
      vertex 94.4705 0.61 12.1073
      vertex 95.98 0.61 14.317
    endloop
  endfacet
  facet normal 0.825725 0 -0.564073
    outer loop
      vertex 94.4705 0.61 12.1073
      vertex 95.98 0 14.317
      vertex 94.4705 0 12.1073
    endloop
  endfacet
  facet normal 1 -0 0
    outer loop
      vertex 94.4705 0 12.1073
      vertex 94.4705 0.61 11.5235
      vertex 94.4705 0.61 12.1073
    endloop
  endfacet
  facet normal 1 0 0
    outer loop
      vertex 94.4705 0.61 11.5235
      vertex 94.4705 0 12.1073
      vertex 94.4705 0 11.5235
    endloop
  endfacet
  facet normal -0 0 1
    outer loop
      vertex 94.4705 0.61 11.5235
      vertex 95.8946 0 11.5235
      vertex 95.8946 0.61 11.5235
    endloop
  endfacet
  facet normal 0 0 1
    outer loop
      vertex 95.8946 0 11.5235
      vertex 94.4705 0.61 11.5235
      vertex 94.4705 0 11.5235
    endloop
  endfacet
  facet normal 1 -0 0
    outer loop
      vertex 95.8946 0 11.5235
      vertex 95.8946 0.61 10.8233
      vertex 95.8946 0.61 11.5235
    endloop
  endfacet
  facet normal 1 0 0
    outer loop
      vertex 95.8946 0.61 10.8233
      vertex 95.8946 0 11.5235
      vertex 95.8946 0 10.8233
    endloop
  endfacet
  facet normal -0 0 1
    outer loop
      vertex 95.8946 0.61 10.8233
      vertex 96.5401 0 10.8233
      vertex 96.5401 0.61 10.8233
    endloop
  endfacet
  facet normal 0 0 1
    outer loop
      vertex 96.5401 0 10.8233
      vertex 95.8946 0.61 10.8233
      vertex 95.8946 0 10.8233
    endloop
  endfacet
  facet normal -1 0 0
    outer loop
      vertex 96.5401 0 10.8233
      vertex 96.5401 0.61 11.5235
      vertex 96.5401 0.61 10.8233
    endloop
  endfacet
  facet normal -1 -0 0
    outer loop
      vertex 96.5401 0.61 11.5235
      vertex 96.5401 0 10.8233
      vertex 96.5401 0 11.5235
    endloop
  endfacet
  facet normal -0.829767 0 0.558109
    outer loop
      vertex 95.0948 0 12.1097
      vertex 95.8946 0.61 13.2988
      vertex 95.0948 0.61 12.1097
    endloop
  endfacet
  facet normal -0.829767 0 0.558109
    outer loop
      vertex 95.8946 0.61 13.2988
      vertex 95.0948 0 12.1097
      vertex 95.8946 0 13.2988
    endloop
  endfacet
  facet normal 1 -0 0
    outer loop
      vertex 95.8946 0 13.2988
      vertex 95.8946 0.61 12.1097
      vertex 95.8946 0.61 13.2988
    endloop
  endfacet
  facet normal 1 0 0
    outer loop
      vertex 95.8946 0.61 12.1097
      vertex 95.8946 0 13.2988
      vertex 95.8946 0 12.1097
    endloop
  endfacet
  facet normal 0 0 -1
    outer loop
      vertex 95.0948 0 12.1097
      vertex 95.8946 0.61 12.1097
      vertex 95.8946 0 12.1097
    endloop
  endfacet
  facet normal -0 0 -1
    outer loop
      vertex 95.8946 0.61 12.1097
      vertex 95.0948 0 12.1097
      vertex 95.0948 0.61 12.1097
    endloop
  endfacet
  facet normal 0 0 -1
    outer loop
      vertex 99.4739 0 11.4427
      vertex 100.798 0.61 11.4427
      vertex 100.798 0 11.4427
    endloop
  endfacet
  facet normal -0 0 -1
    outer loop
      vertex 100.798 0.61 11.4427
      vertex 99.4739 0 11.4427
      vertex 99.4739 0.61 11.4427
    endloop
  endfacet
  facet normal -0.83513 0 0.550053
    outer loop
      vertex 99.4739 0 11.4427
      vertex 99.5341 0.61 11.5341
      vertex 99.4739 0.61 11.4427
    endloop
  endfacet
  facet normal -0.83513 0 0.550053
    outer loop
      vertex 99.5341 0.61 11.5341
      vertex 99.4739 0 11.4427
      vertex 99.5341 0 11.5341
    endloop
  endfacet
  facet normal -0.776165 0 0.63053
    outer loop
      vertex 99.5341 0 11.5341
      vertex 99.6103 0.61 11.6279
      vertex 99.5341 0.61 11.5341
    endloop
  endfacet
  facet normal -0.776165 0 0.63053
    outer loop
      vertex 99.6103 0.61 11.6279
      vertex 99.5341 0 11.5341
      vertex 99.6103 0 11.6279
    endloop
  endfacet
  facet normal -0.710562 0 0.703635
    outer loop
      vertex 99.6103 0 11.6279
      vertex 99.7525 0.61 11.7715
      vertex 99.6103 0.61 11.6279
    endloop
  endfacet
  facet normal -0.710562 0 0.703635
    outer loop
      vertex 99.7525 0.61 11.7715
      vertex 99.6103 0 11.6279
      vertex 99.7525 0 11.7715
    endloop
  endfacet
  facet normal -0.683177 0 0.730253
    outer loop
      vertex 99.7525 0.61 11.7715
      vertex 100.01 0 12.0124
      vertex 100.01 0.61 12.0124
    endloop
  endfacet
  facet normal -0.683177 0 0.730253
    outer loop
      vertex 100.01 0 12.0124
      vertex 99.7525 0.61 11.7715
      vertex 99.7525 0 11.7715
    endloop
  endfacet
  facet normal -0.691659 0 0.722225
    outer loop
      vertex 100.01 0.61 12.0124
      vertex 100.277 0 12.2681
      vertex 100.277 0.61 12.2681
    endloop
  endfacet
  facet normal -0.691659 0 0.722225
    outer loop
      vertex 100.277 0 12.2681
      vertex 100.01 0.61 12.0124
      vertex 100.01 0 12.0124
    endloop
  endfacet
  facet normal -0.7419 0 0.67051
    outer loop
      vertex 100.277 0 12.2681
      vertex 100.447 0.61 12.4562
      vertex 100.277 0.61 12.2681
    endloop
  endfacet
  facet normal -0.7419 0 0.67051
    outer loop
      vertex 100.447 0.61 12.4562
      vertex 100.277 0 12.2681
      vertex 100.447 0 12.4562
    endloop
  endfacet
  facet normal -0.821464 0 0.570261
    outer loop
      vertex 100.447 0 12.4562
      vertex 100.605 0.61 12.6838
      vertex 100.447 0.61 12.4562
    endloop
  endfacet
  facet normal -0.821464 0 0.570261
    outer loop
      vertex 100.605 0.61 12.6838
      vertex 100.447 0 12.4562
      vertex 100.605 0 12.6838
    endloop
  endfacet
  facet normal -0.893933 0 0.4482
    outer loop
      vertex 100.605 0 12.6838
      vertex 100.714 0.61 12.9012
      vertex 100.605 0.61 12.6838
    endloop
  endfacet
  facet normal -0.893933 0 0.4482
    outer loop
      vertex 100.714 0.61 12.9012
      vertex 100.605 0 12.6838
      vertex 100.714 0 12.9012
    endloop
  endfacet
  facet normal -0.960722 0 0.277513
    outer loop
      vertex 100.714 0 12.9012
      vertex 100.777 0.61 13.1193
      vertex 100.714 0.61 12.9012
    endloop
  endfacet
  facet normal -0.960722 0 0.277513
    outer loop
      vertex 100.777 0.61 13.1193
      vertex 100.714 0 12.9012
      vertex 100.777 0 13.1193
    endloop
  endfacet
  facet normal -0.995832 0 0.0912014
    outer loop
      vertex 100.777 0 13.1193
      vertex 100.798 0.61 13.3486
      vertex 100.777 0.61 13.1193
    endloop
  endfacet
  facet normal -0.995832 0 0.0912014
    outer loop
      vertex 100.798 0.61 13.3486
      vertex 100.777 0 13.1193
      vertex 100.798 0 13.3486
    endloop
  endfacet
  facet normal -0.981969 0 -0.189039
    outer loop
      vertex 100.798 0 13.3486
      vertex 100.725 0.61 13.7278
      vertex 100.798 0.61 13.3486
    endloop
  endfacet
  facet normal -0.981969 -0 -0.189039
    outer loop
      vertex 100.725 0.61 13.7278
      vertex 100.798 0 13.3486
      vertex 100.725 0 13.7278
    endloop
  endfacet
  facet normal -0.815587 0 -0.578635
    outer loop
      vertex 100.725 0 13.7278
      vertex 100.504 0.61 14.0393
      vertex 100.725 0.61 13.7278
    endloop
  endfacet
  facet normal -0.815587 -0 -0.578635
    outer loop
      vertex 100.504 0.61 14.0393
      vertex 100.725 0 13.7278
      vertex 100.504 0 14.0393
    endloop
  endfacet
  facet normal -0.511423 0 -0.859329
    outer loop
      vertex 100.154 0 14.2476
      vertex 100.504 0.61 14.0393
      vertex 100.504 0 14.0393
    endloop
  endfacet
  facet normal -0.511423 0 -0.859329
    outer loop
      vertex 100.504 0.61 14.0393
      vertex 100.154 0 14.2476
      vertex 100.154 0.61 14.2476
    endloop
  endfacet
  facet normal -0.149372 0 -0.988781
    outer loop
      vertex 99.6946 0 14.317
      vertex 100.154 0.61 14.2476
      vertex 100.154 0 14.2476
    endloop
  endfacet
  facet normal -0.149372 0 -0.988781
    outer loop
      vertex 100.154 0.61 14.2476
      vertex 99.6946 0 14.317
      vertex 99.6946 0.61 14.317
    endloop
  endfacet
  facet normal 0.137944 0 -0.99044
    outer loop
      vertex 99.2638 0 14.257
      vertex 99.6946 0.61 14.317
      vertex 99.6946 0 14.317
    endloop
  endfacet
  facet normal 0.137944 0 -0.99044
    outer loop
      vertex 99.6946 0.61 14.317
      vertex 99.2638 0 14.257
      vertex 99.2638 0.61 14.257
    endloop
  endfacet
  facet normal 0.454278 0 -0.89086
    outer loop
      vertex 98.9114 0 14.0773
      vertex 99.2638 0.61 14.257
      vertex 99.2638 0 14.257
    endloop
  endfacet
  facet normal 0.454278 0 -0.89086
    outer loop
      vertex 99.2638 0.61 14.257
      vertex 98.9114 0 14.0773
      vertex 98.9114 0.61 14.0773
    endloop
  endfacet
  facet normal 0.785914 0 -0.618335
    outer loop
      vertex 98.9114 0 14.0773
      vertex 98.6616 0.61 13.7598
      vertex 98.9114 0.61 14.0773
    endloop
  endfacet
  facet normal 0.785914 0 -0.618335
    outer loop
      vertex 98.6616 0.61 13.7598
      vertex 98.9114 0 14.0773
      vertex 98.6616 0 13.7598
    endloop
  endfacet
  facet normal 0.967899 0 -0.251339
    outer loop
      vertex 98.6616 0 13.7598
      vertex 98.5388 0.61 13.2869
      vertex 98.6616 0.61 13.7598
    endloop
  endfacet
  facet normal 0.967899 0 -0.251339
    outer loop
      vertex 98.5388 0.61 13.2869
      vertex 98.6616 0 13.7598
      vertex 98.5388 0 13.2869
    endloop
  endfacet
  facet normal 0.0994296 0 0.995045
    outer loop
      vertex 98.5388 0.61 13.2869
      vertex 99.2033 0 13.2205
      vertex 99.2033 0.61 13.2205
    endloop
  endfacet
  facet normal 0.0994296 0 0.995045
    outer loop
      vertex 99.2033 0 13.2205
      vertex 98.5388 0.61 13.2869
      vertex 98.5388 0 13.2869
    endloop
  endfacet
  facet normal -0.984164 0 0.17726
    outer loop
      vertex 99.2033 0 13.2205
      vertex 99.2484 0.61 13.4709
      vertex 99.2033 0.61 13.2205
    endloop
  endfacet
  facet normal -0.984164 0 0.17726
    outer loop
      vertex 99.2484 0.61 13.4709
      vertex 99.2033 0 13.2205
      vertex 99.2484 0 13.4709
    endloop
  endfacet
  facet normal -0.864434 0 0.502746
    outer loop
      vertex 99.2484 0 13.4709
      vertex 99.3457 0.61 13.6382
      vertex 99.2484 0.61 13.4709
    endloop
  endfacet
  facet normal -0.864434 0 0.502746
    outer loop
      vertex 99.3457 0.61 13.6382
      vertex 99.2484 0 13.4709
      vertex 99.3457 0 13.6382
    endloop
  endfacet
  facet normal -0.54572 0 0.837967
    outer loop
      vertex 99.3457 0.61 13.6382
      vertex 99.4905 0 13.7325
      vertex 99.4905 0.61 13.7325
    endloop
  endfacet
  facet normal -0.54572 0 0.837967
    outer loop
      vertex 99.4905 0 13.7325
      vertex 99.3457 0.61 13.6382
      vertex 99.3457 0 13.6382
    endloop
  endfacet
  facet normal -0.165678 0 0.98618
    outer loop
      vertex 99.4905 0.61 13.7325
      vertex 99.678 0 13.764
      vertex 99.678 0.61 13.764
    endloop
  endfacet
  facet normal -0.165678 0 0.98618
    outer loop
      vertex 99.678 0 13.764
      vertex 99.4905 0.61 13.7325
      vertex 99.4905 0 13.7325
    endloop
  endfacet
  facet normal 0.157254 0 0.987558
    outer loop
      vertex 99.678 0.61 13.764
      vertex 99.8664 0 13.734
      vertex 99.8664 0.61 13.734
    endloop
  endfacet
  facet normal 0.157254 0 0.987558
    outer loop
      vertex 99.8664 0 13.734
      vertex 99.678 0.61 13.764
      vertex 99.678 0 13.764
    endloop
  endfacet
  facet normal 0.533301 0 0.845926
    outer loop
      vertex 99.8664 0.61 13.734
      vertex 100.009 0 13.6441
      vertex 100.009 0.61 13.6441
    endloop
  endfacet
  facet normal 0.533301 0 0.845926
    outer loop
      vertex 100.009 0 13.6441
      vertex 99.8664 0.61 13.734
      vertex 99.8664 0 13.734
    endloop
  endfacet
  facet normal 0.850775 -0 0.52553
    outer loop
      vertex 100.009 0 13.6441
      vertex 100.099 0.61 13.4984
      vertex 100.009 0.61 13.6441
    endloop
  endfacet
  facet normal 0.850775 0 0.52553
    outer loop
      vertex 100.099 0.61 13.4984
      vertex 100.009 0 13.6441
      vertex 100.099 0 13.4984
    endloop
  endfacet
  facet normal 0.988637 -0 0.150325
    outer loop
      vertex 100.099 0 13.4984
      vertex 100.129 0.61 13.3011
      vertex 100.099 0.61 13.4984
    endloop
  endfacet
  facet normal 0.988637 0 0.150325
    outer loop
      vertex 100.129 0.61 13.3011
      vertex 100.099 0 13.4984
      vertex 100.129 0 13.3011
    endloop
  endfacet
  facet normal 0.986249 0 -0.165266
    outer loop
      vertex 100.129 0 13.3011
      vertex 100.095 0.61 13.0982
      vertex 100.129 0.61 13.3011
    endloop
  endfacet
  facet normal 0.986249 0 -0.165266
    outer loop
      vertex 100.095 0.61 13.0982
      vertex 100.129 0 13.3011
      vertex 100.095 0 13.0982
    endloop
  endfacet
  facet normal 0.892594 0 -0.450862
    outer loop
      vertex 100.095 0 13.0982
      vertex 99.9913 0.61 12.8929
      vertex 100.095 0.61 13.0982
    endloop
  endfacet
  facet normal 0.892594 0 -0.450862
    outer loop
      vertex 99.9913 0.61 12.8929
      vertex 100.095 0 13.0982
      vertex 99.9913 0 12.8929
    endloop
  endfacet
  facet normal 0.753715 0 -0.657201
    outer loop
      vertex 99.9913 0 12.8929
      vertex 99.802 0.61 12.6758
      vertex 99.9913 0.61 12.8929
    endloop
  endfacet
  facet normal 0.753715 0 -0.657201
    outer loop
      vertex 99.802 0.61 12.6758
      vertex 99.9913 0 12.8929
      vertex 99.802 0 12.6758
    endloop
  endfacet
  facet normal 0.695964 0 -0.718077
    outer loop
      vertex 99.4383 0 12.3233
      vertex 99.802 0.61 12.6758
      vertex 99.802 0 12.6758
    endloop
  endfacet
  facet normal 0.695964 0 -0.718077
    outer loop
      vertex 99.802 0.61 12.6758
      vertex 99.4383 0 12.3233
      vertex 99.4383 0.61 12.3233
    endloop
  endfacet
  facet normal 0.707711 0 -0.706502
    outer loop
      vertex 99.4383 0 12.3233
      vertex 98.9707 0.61 11.8549
      vertex 99.4383 0.61 12.3233
    endloop
  endfacet
  facet normal 0.707711 0 -0.706502
    outer loop
      vertex 98.9707 0.61 11.8549
      vertex 99.4383 0 12.3233
      vertex 98.9707 0 11.8549
    endloop
  endfacet
  facet normal 0.791642 0 -0.610986
    outer loop
      vertex 98.9707 0 11.8549
      vertex 98.6883 0.61 11.489
      vertex 98.9707 0.61 11.8549
    endloop
  endfacet
  facet normal 0.791642 0 -0.610986
    outer loop
      vertex 98.6883 0.61 11.489
      vertex 98.9707 0 11.8549
      vertex 98.6883 0 11.489
    endloop
  endfacet
  facet normal 0.90523 0 -0.424921
    outer loop
      vertex 98.6883 0 11.489
      vertex 98.5364 0.61 11.1654
      vertex 98.6883 0.61 11.489
    endloop
  endfacet
  facet normal 0.90523 0 -0.424921
    outer loop
      vertex 98.5364 0.61 11.1654
      vertex 98.6883 0 11.489
      vertex 98.5364 0 11.1654
    endloop
  endfacet
  facet normal 0.9762 0 -0.21687
    outer loop
      vertex 98.5364 0 11.1654
      vertex 98.4604 0.61 10.8233
      vertex 98.5364 0.61 11.1654
    endloop
  endfacet
  facet normal 0.9762 0 -0.21687
    outer loop
      vertex 98.4604 0.61 10.8233
      vertex 98.5364 0 11.1654
      vertex 98.4604 0 10.8233
    endloop
  endfacet
  facet normal -0 0 1
    outer loop
      vertex 98.4604 0.61 10.8233
      vertex 100.798 0 10.8233
      vertex 100.798 0.61 10.8233
    endloop
  endfacet
  facet normal 0 0 1
    outer loop
      vertex 100.798 0 10.8233
      vertex 98.4604 0.61 10.8233
      vertex 98.4604 0 10.8233
    endloop
  endfacet
  facet normal -1 0 0
    outer loop
      vertex 100.798 0 10.8233
      vertex 100.798 0.61 11.4427
      vertex 100.798 0.61 10.8233
    endloop
  endfacet
  facet normal -1 -0 0
    outer loop
      vertex 100.798 0.61 11.4427
      vertex 100.798 0 10.8233
      vertex 100.798 0 11.4427
    endloop
  endfacet
  facet normal -0.647866 0 0.761754
    outer loop
      vertex 102.881 0.61 10.8791
      vertex 103.287 0 11.2244
      vertex 103.287 0.61 11.2244
    endloop
  endfacet
  facet normal -0.647866 0 0.761754
    outer loop
      vertex 103.287 0 11.2244
      vertex 102.881 0.61 10.8791
      vertex 102.881 0 10.8791
    endloop
  endfacet
  facet normal -0.88853 0 0.458819
    outer loop
      vertex 103.287 0 11.2244
      vertex 103.473 0.61 11.5846
      vertex 103.287 0.61 11.2244
    endloop
  endfacet
  facet normal -0.88853 0 0.458819
    outer loop
      vertex 103.473 0.61 11.5846
      vertex 103.287 0 11.2244
      vertex 103.473 0 11.5846
    endloop
  endfacet
  facet normal -0.988197 0 0.15319
    outer loop
      vertex 103.473 0 11.5846
      vertex 103.536 0.61 11.991
      vertex 103.473 0.61 11.5846
    endloop
  endfacet
  facet normal -0.988197 0 0.15319
    outer loop
      vertex 103.536 0.61 11.991
      vertex 103.473 0 11.5846
      vertex 103.536 0 11.991
    endloop
  endfacet
  facet normal -0.986678 0 -0.162686
    outer loop
      vertex 103.536 0 11.991
      vertex 103.459 0.61 12.458
      vertex 103.536 0.61 11.991
    endloop
  endfacet
  facet normal -0.986678 -0 -0.162686
    outer loop
      vertex 103.459 0.61 12.458
      vertex 103.536 0 11.991
      vertex 103.459 0 12.458
    endloop
  endfacet
  facet normal -0.847741 0 -0.53041
    outer loop
      vertex 103.459 0 12.458
      vertex 103.227 0.61 12.8288
      vertex 103.459 0.61 12.458
    endloop
  endfacet
  facet normal -0.847741 -0 -0.53041
    outer loop
      vertex 103.227 0.61 12.8288
      vertex 103.459 0 12.458
      vertex 103.227 0 12.8288
    endloop
  endfacet
  facet normal -0.577779 0 -0.816193
    outer loop
      vertex 102.885 0 13.0709
      vertex 103.227 0.61 12.8288
      vertex 103.227 0 12.8288
    endloop
  endfacet
  facet normal -0.577779 0 -0.816193
    outer loop
      vertex 103.227 0.61 12.8288
      vertex 102.885 0 13.0709
      vertex 102.885 0.61 13.0709
    endloop
  endfacet
  facet normal -0.193124 0 -0.981174
    outer loop
      vertex 102.475 0 13.1516
      vertex 102.885 0.61 13.0709
      vertex 102.885 0 13.0709
    endloop
  endfacet
  facet normal -0.193124 0 -0.981174
    outer loop
      vertex 102.885 0.61 13.0709
      vertex 102.475 0 13.1516
      vertex 102.475 0.61 13.1516
    endloop
  endfacet
  facet normal 0.120422 0 -0.992723
    outer loop
      vertex 102.245 0 13.1237
      vertex 102.475 0.61 13.1516
      vertex 102.475 0 13.1516
    endloop
  endfacet
  facet normal 0.120422 0 -0.992723
    outer loop
      vertex 102.475 0.61 13.1516
      vertex 102.245 0 13.1237
      vertex 102.245 0.61 13.1237
    endloop
  endfacet
  facet normal 0.346936 0 -0.937889
    outer loop
      vertex 102.019 0 13.0401
      vertex 102.245 0.61 13.1237
      vertex 102.245 0 13.1237
    endloop
  endfacet
  facet normal 0.346936 0 -0.937889
    outer loop
      vertex 102.245 0.61 13.1237
      vertex 102.019 0 13.0401
      vertex 102.019 0.61 13.0401
    endloop
  endfacet
  facet normal -0.984577 0 0.174954
    outer loop
      vertex 102.019 0 13.0401
      vertex 102.124 0.61 13.631
      vertex 102.019 0.61 13.0401
    endloop
  endfacet
  facet normal -0.984577 0 0.174954
    outer loop
      vertex 102.124 0.61 13.631
      vertex 102.019 0 13.0401
      vertex 102.124 0 13.631
    endloop
  endfacet
  facet normal -0 0 1
    outer loop
      vertex 102.124 0.61 13.631
      vertex 103.381 0 13.631
      vertex 103.381 0.61 13.631
    endloop
  endfacet
  facet normal 0 0 1
    outer loop
      vertex 103.381 0 13.631
      vertex 102.124 0.61 13.631
      vertex 102.124 0 13.631
    endloop
  endfacet
  facet normal -1 0 0
    outer loop
      vertex 103.381 0 13.631
      vertex 103.381 0.61 14.2553
      vertex 103.381 0.61 13.631
    endloop
  endfacet
  facet normal -1 -0 0
    outer loop
      vertex 103.381 0.61 14.2553
      vertex 103.381 0 13.631
      vertex 103.381 0 14.2553
    endloop
  endfacet
  facet normal 0 0 -1
    outer loop
      vertex 101.618 0 14.2553
      vertex 103.381 0.61 14.2553
      vertex 103.381 0 14.2553
    endloop
  endfacet
  facet normal -0 0 -1
    outer loop
      vertex 103.381 0.61 14.2553
      vertex 101.618 0 14.2553
      vertex 101.618 0.61 14.2553
    endloop
  endfacet
  facet normal 0.98263 0 -0.185576
    outer loop
      vertex 101.618 0 14.2553
      vertex 101.276 0.61 12.4444
      vertex 101.618 0.61 14.2553
    endloop
  endfacet
  facet normal 0.98263 0 -0.185576
    outer loop
      vertex 101.276 0.61 12.4444
      vertex 101.618 0 14.2553
      vertex 101.276 0 12.4444
    endloop
  endfacet
  facet normal 0.143419 0 0.989662
    outer loop
      vertex 101.276 0.61 12.4444
      vertex 101.817 0 12.366
      vertex 101.817 0.61 12.366
    endloop
  endfacet
  facet normal 0.143419 0 0.989662
    outer loop
      vertex 101.817 0 12.366
      vertex 101.276 0.61 12.4444
      vertex 101.276 0 12.4444
    endloop
  endfacet
  facet normal -0.616963 0 0.786992
    outer loop
      vertex 101.817 0.61 12.366
      vertex 102.06 0 12.5565
      vertex 102.06 0.61 12.5565
    endloop
  endfacet
  facet normal -0.616963 0 0.786992
    outer loop
      vertex 102.06 0 12.5565
      vertex 101.817 0.61 12.366
      vertex 101.817 0 12.366
    endloop
  endfacet
  facet normal -0.227343 0 0.973815
    outer loop
      vertex 102.06 0.61 12.5565
      vertex 102.332 0 12.62
      vertex 102.332 0.61 12.62
    endloop
  endfacet
  facet normal -0.227343 0 0.973815
    outer loop
      vertex 102.332 0 12.62
      vertex 102.06 0.61 12.5565
      vertex 102.06 0 12.5565
    endloop
  endfacet
  facet normal 0.188429 0 0.982087
    outer loop
      vertex 102.332 0.61 12.62
      vertex 102.541 0 12.5799
      vertex 102.541 0.61 12.5799
    endloop
  endfacet
  facet normal 0.188429 0 0.982087
    outer loop
      vertex 102.541 0 12.5799
      vertex 102.332 0.61 12.62
      vertex 102.332 0 12.62
    endloop
  endfacet
  facet normal 0.588812 0 0.80827
    outer loop
      vertex 102.541 0.61 12.5799
      vertex 102.706 0 12.4597
      vertex 102.706 0.61 12.4597
    endloop
  endfacet
  facet normal 0.588812 0 0.80827
    outer loop
      vertex 102.706 0 12.4597
      vertex 102.541 0.61 12.5799
      vertex 102.541 0 12.5799
    endloop
  endfacet
  facet normal 0.880104 -0 0.474781
    outer loop
      vertex 102.706 0 12.4597
      vertex 102.814 0.61 12.2595
      vertex 102.706 0.61 12.4597
    endloop
  endfacet
  facet normal 0.880104 0 0.474781
    outer loop
      vertex 102.814 0.61 12.2595
      vertex 102.706 0 12.4597
      vertex 102.814 0 12.2595
    endloop
  endfacet
  facet normal 0.991853 -0 0.127387
    outer loop
      vertex 102.814 0 12.2595
      vertex 102.85 0.61 11.9792
      vertex 102.814 0.61 12.2595
    endloop
  endfacet
  facet normal 0.991853 0 0.127387
    outer loop
      vertex 102.85 0.61 11.9792
      vertex 102.814 0 12.2595
      vertex 102.85 0 11.9792
    endloop
  endfacet
  facet normal 0.99282 0 -0.119617
    outer loop
      vertex 102.85 0 11.9792
      vertex 102.814 0.61 11.6804
      vertex 102.85 0.61 11.9792
    endloop
  endfacet
  facet normal 0.99282 0 -0.119617
    outer loop
      vertex 102.814 0.61 11.6804
      vertex 102.85 0 11.9792
      vertex 102.814 0 11.6804
    endloop
  endfacet
  facet normal 0.889948 0 -0.456062
    outer loop
      vertex 102.814 0 11.6804
      vertex 102.705 0.61 11.4677
      vertex 102.814 0.61 11.6804
    endloop
  endfacet
  facet normal 0.889948 0 -0.456062
    outer loop
      vertex 102.705 0.61 11.4677
      vertex 102.814 0 11.6804
      vertex 102.705 0 11.4677
    endloop
  endfacet
  facet normal 0.620229 0 -0.784421
    outer loop
      vertex 102.544 0 11.3404
      vertex 102.705 0.61 11.4677
      vertex 102.705 0 11.4677
    endloop
  endfacet
  facet normal 0.620229 0 -0.784421
    outer loop
      vertex 102.705 0.61 11.4677
      vertex 102.544 0 11.3404
      vertex 102.544 0.61 11.3404
    endloop
  endfacet
  facet normal 0.214572 0 -0.976708
    outer loop
      vertex 102.351 0 11.298
      vertex 102.544 0.61 11.3404
      vertex 102.544 0 11.3404
    endloop
  endfacet
  facet normal 0.214572 0 -0.976708
    outer loop
      vertex 102.544 0.61 11.3404
      vertex 102.351 0 11.298
      vertex 102.351 0.61 11.298
    endloop
  endfacet
  facet normal -0.187873 0 -0.982193
    outer loop
      vertex 102.179 0 11.3309
      vertex 102.351 0.61 11.298
      vertex 102.351 0 11.298
    endloop
  endfacet
  facet normal -0.187873 0 -0.982193
    outer loop
      vertex 102.351 0.61 11.298
      vertex 102.179 0 11.3309
      vertex 102.179 0.61 11.3309
    endloop
  endfacet
  facet normal -0.550066 0 -0.835121
    outer loop
      vertex 102.029 0 11.4297
      vertex 102.179 0.61 11.3309
      vertex 102.179 0 11.3309
    endloop
  endfacet
  facet normal -0.550066 0 -0.835121
    outer loop
      vertex 102.179 0.61 11.3309
      vertex 102.029 0 11.4297
      vertex 102.029 0.61 11.4297
    endloop
  endfacet
  facet normal -0.808421 0 -0.588605
    outer loop
      vertex 102.029 0 11.4297
      vertex 101.916 0.61 11.5849
      vertex 102.029 0.61 11.4297
    endloop
  endfacet
  facet normal -0.808421 -0 -0.588605
    outer loop
      vertex 101.916 0.61 11.5849
      vertex 102.029 0 11.4297
      vertex 101.916 0 11.5849
    endloop
  endfacet
  facet normal -0.963654 0 -0.267152
    outer loop
      vertex 101.916 0 11.5849
      vertex 101.86 0.61 11.7869
      vertex 101.916 0.61 11.5849
    endloop
  endfacet
  facet normal -0.963654 -0 -0.267152
    outer loop
      vertex 101.86 0.61 11.7869
      vertex 101.916 0 11.5849
      vertex 101.86 0 11.7869
    endloop
  endfacet
  facet normal 0.103063 0 -0.994675
    outer loop
      vertex 101.196 0 11.7181
      vertex 101.86 0.61 11.7869
      vertex 101.86 0 11.7869
    endloop
  endfacet
  facet normal 0.103063 0 -0.994675
    outer loop
      vertex 101.86 0.61 11.7869
      vertex 101.196 0 11.7181
      vertex 101.196 0.61 11.7181
    endloop
  endfacet
  facet normal 0.956242 -0 0.292578
    outer loop
      vertex 101.196 0 11.7181
      vertex 101.316 0.61 11.3259
      vertex 101.196 0.61 11.7181
    endloop
  endfacet
  facet normal 0.956242 0 0.292578
    outer loop
      vertex 101.316 0.61 11.3259
      vertex 101.196 0 11.7181
      vertex 101.316 0 11.3259
    endloop
  endfacet
  facet normal 0.780417 -0 0.62526
    outer loop
      vertex 101.316 0 11.3259
      vertex 101.559 0.61 11.0226
      vertex 101.316 0.61 11.3259
    endloop
  endfacet
  facet normal 0.780417 0 0.62526
    outer loop
      vertex 101.559 0.61 11.0226
      vertex 101.316 0 11.3259
      vertex 101.559 0 11.0226
    endloop
  endfacet
  facet normal 0.486921 0 0.873446
    outer loop
      vertex 101.559 0.61 11.0226
      vertex 101.907 0 10.8286
      vertex 101.907 0.61 10.8286
    endloop
  endfacet
  facet normal 0.486921 0 0.873446
    outer loop
      vertex 101.907 0 10.8286
      vertex 101.559 0.61 11.0226
      vertex 101.559 0 11.0226
    endloop
  endfacet
  facet normal 0.146237 0 0.98925
    outer loop
      vertex 101.907 0.61 10.8286
      vertex 102.344 0 10.764
      vertex 102.344 0.61 10.764
    endloop
  endfacet
  facet normal 0.146237 0 0.98925
    outer loop
      vertex 102.344 0 10.764
      vertex 101.907 0.61 10.8286
      vertex 101.907 0 10.8286
    endloop
  endfacet
  facet normal -0.209579 0 0.977792
    outer loop
      vertex 102.344 0.61 10.764
      vertex 102.881 0 10.8791
      vertex 102.881 0.61 10.8791
    endloop
  endfacet
  facet normal -0.209579 0 0.977792
    outer loop
      vertex 102.881 0 10.8791
      vertex 102.344 0.61 10.764
      vertex 102.344 0 10.764
    endloop
  endfacet
  facet normal 0 0 -1
    outer loop
      vertex 97.3694 0 11.4902
      vertex 98.0363 0.61 11.4902
      vertex 98.0363 0 11.4902
    endloop
  endfacet
  facet normal -0 0 -1
    outer loop
      vertex 98.0363 0.61 11.4902
      vertex 97.3694 0 11.4902
      vertex 97.3694 0.61 11.4902
    endloop
  endfacet
  facet normal 1 -0 0
    outer loop
      vertex 97.3694 0 11.4902
      vertex 97.3694 0.61 10.8233
      vertex 97.3694 0.61 11.4902
    endloop
  endfacet
  facet normal 1 0 0
    outer loop
      vertex 97.3694 0.61 10.8233
      vertex 97.3694 0 11.4902
      vertex 97.3694 0 10.8233
    endloop
  endfacet
  facet normal -0 0 1
    outer loop
      vertex 97.3694 0.61 10.8233
      vertex 98.0363 0 10.8233
      vertex 98.0363 0.61 10.8233
    endloop
  endfacet
  facet normal 0 0 1
    outer loop
      vertex 98.0363 0 10.8233
      vertex 97.3694 0.61 10.8233
      vertex 97.3694 0 10.8233
    endloop
  endfacet
  facet normal -1 0 0
    outer loop
      vertex 98.0363 0 10.8233
      vertex 98.0363 0.61 11.4902
      vertex 98.0363 0.61 10.8233
    endloop
  endfacet
  facet normal -1 -0 0
    outer loop
      vertex 98.0363 0.61 11.4902
      vertex 98.0363 0 10.8233
      vertex 98.0363 0 11.4902
    endloop
  endfacet
  facet normal 0 -1 0
    outer loop
      vertex 118.215 0.61 10.8233
      vertex 118.86 0.61 11.5235
      vertex 118.215 0.61 11.5235
    endloop
  endfacet
  facet normal 0 -1 -0
    outer loop
      vertex 118.86 0.61 11.5235
      vertex 118.215 0.61 10.8233
      vertex 118.86 0.61 10.8233
    endloop
  endfacet
  facet normal 0 -1 -0
    outer loop
      vertex 118.3 0.61 14.317
      vertex 118.215 0.61 13.2988
      vertex 118.86 0.61 14.317
    endloop
  endfacet
  facet normal 0 -1 0
    outer loop
      vertex 116.791 0.61 12.1073
      vertex 118.215 0.61 13.2988
      vertex 118.3 0.61 14.317
    endloop
  endfacet
  facet normal 0 -1 0
    outer loop
      vertex 118.215 0.61 11.5235
      vertex 118.215 0.61 12.1097
      vertex 117.415 0.61 12.1097
    endloop
  endfacet
  facet normal 0 -1 0
    outer loop
      vertex 118.215 0.61 12.1097
      vertex 118.215 0.61 11.5235
      vertex 118.86 0.61 12.1097
    endloop
  endfacet
  facet normal 0 -1 0
    outer loop
      vertex 118.215 0.61 13.2988
      vertex 116.791 0.61 12.1073
      vertex 117.415 0.61 12.1097
    endloop
  endfacet
  facet normal 0 -1 0
    outer loop
      vertex 116.791 0.61 11.5235
      vertex 117.415 0.61 12.1097
      vertex 116.791 0.61 12.1073
    endloop
  endfacet
  facet normal 0 -1 -0
    outer loop
      vertex 117.415 0.61 12.1097
      vertex 116.791 0.61 11.5235
      vertex 118.215 0.61 11.5235
    endloop
  endfacet
  facet normal 0 -1 0
    outer loop
      vertex 118.86 0.61 11.5235
      vertex 118.86 0.61 12.1097
      vertex 118.215 0.61 11.5235
    endloop
  endfacet
  facet normal 0 -1 0
    outer loop
      vertex 118.86 0.61 12.1097
      vertex 118.86 0.61 11.5235
      vertex 119.292 0.61 12.1097
    endloop
  endfacet
  facet normal 0 -1 -0
    outer loop
      vertex 119.292 0.61 12.1097
      vertex 118.86 0.61 11.5235
      vertex 119.292 0.61 11.5235
    endloop
  endfacet
  facet normal 0 -1 0
    outer loop
      vertex 118.86 0.61 12.1097
      vertex 118.215 0.61 13.2988
      vertex 118.215 0.61 12.1097
    endloop
  endfacet
  facet normal 0 -1 0
    outer loop
      vertex 118.215 0.61 13.2988
      vertex 118.86 0.61 12.1097
      vertex 118.86 0.61 14.317
    endloop
  endfacet
  facet normal 0 -1 0
    outer loop
      vertex 120.996 0.61 11.3259
      vertex 121.54 0.61 11.7869
      vertex 120.875 0.61 11.7181
    endloop
  endfacet
  facet normal 0 -1 -0
    outer loop
      vertex 121.54 0.61 11.7869
      vertex 120.996 0.61 11.3259
      vertex 121.596 0.61 11.5849
    endloop
  endfacet
  facet normal 0 -1 0
    outer loop
      vertex 121.239 0.61 11.0226
      vertex 121.596 0.61 11.5849
      vertex 120.996 0.61 11.3259
    endloop
  endfacet
  facet normal 0 -1 -0
    outer loop
      vertex 121.596 0.61 11.5849
      vertex 121.239 0.61 11.0226
      vertex 121.709 0.61 11.4297
    endloop
  endfacet
  facet normal 0 -1 0
    outer loop
      vertex 121.587 0.61 10.8286
      vertex 121.709 0.61 11.4297
      vertex 121.239 0.61 11.0226
    endloop
  endfacet
  facet normal 0 -1 -0
    outer loop
      vertex 121.709 0.61 11.4297
      vertex 121.587 0.61 10.8286
      vertex 121.859 0.61 11.3309
    endloop
  endfacet
  facet normal 0 -1 0
    outer loop
      vertex 122.024 0.61 10.764
      vertex 121.859 0.61 11.3309
      vertex 121.587 0.61 10.8286
    endloop
  endfacet
  facet normal -0 -1 0
    outer loop
      vertex 122.561 0.61 10.8791
      vertex 122.031 0.61 11.298
      vertex 122.024 0.61 10.764
    endloop
  endfacet
  facet normal 0 -1 0
    outer loop
      vertex 121.859 0.61 11.3309
      vertex 122.024 0.61 10.764
      vertex 122.031 0.61 11.298
    endloop
  endfacet
  facet normal 0 -1 0
    outer loop
      vertex 122.031 0.61 11.298
      vertex 122.561 0.61 10.8791
      vertex 122.966 0.61 11.2244
    endloop
  endfacet
  facet normal 0 -1 0
    outer loop
      vertex 121.298 0.61 14.2553
      vertex 121.803 0.61 13.631
      vertex 123.061 0.61 14.2553
    endloop
  endfacet
  facet normal 0 -1 0
    outer loop
      vertex 121.298 0.61 14.2553
      vertex 121.699 0.61 13.0401
      vertex 121.803 0.61 13.631
    endloop
  endfacet
  facet normal 0 -1 0
    outer loop
      vertex 122.155 0.61 13.1516
      vertex 122.221 0.61 12.5799
      vertex 122.565 0.61 13.0709
    endloop
  endfacet
  facet normal 0 -1 0
    outer loop
      vertex 121.699 0.61 13.0401
      vertex 121.74 0.61 12.5565
      vertex 122.012 0.61 12.62
    endloop
  endfacet
  facet normal 0 -1 0
    outer loop
      vertex 120.956 0.61 12.4444
      vertex 121.699 0.61 13.0401
      vertex 121.298 0.61 14.2553
    endloop
  endfacet
  facet normal 0 -1 0
    outer loop
      vertex 121.497 0.61 12.366
      vertex 121.699 0.61 13.0401
      vertex 120.956 0.61 12.4444
    endloop
  endfacet
  facet normal 0 -1 -0
    outer loop
      vertex 121.699 0.61 13.0401
      vertex 121.497 0.61 12.366
      vertex 121.74 0.61 12.5565
    endloop
  endfacet
  facet normal 0 -1 -0
    outer loop
      vertex 123.061 0.61 14.2553
      vertex 121.803 0.61 13.631
      vertex 123.061 0.61 13.631
    endloop
  endfacet
  facet normal 0 -1 0
    outer loop
      vertex 122.012 0.61 12.62
      vertex 122.155 0.61 13.1516
      vertex 121.924 0.61 13.1237
    endloop
  endfacet
  facet normal 0 -1 0
    outer loop
      vertex 122.012 0.61 12.62
      vertex 121.924 0.61 13.1237
      vertex 121.699 0.61 13.0401
    endloop
  endfacet
  facet normal 0 -1 0
    outer loop
      vertex 122.221 0.61 12.5799
      vertex 122.155 0.61 13.1516
      vertex 122.012 0.61 12.62
    endloop
  endfacet
  facet normal 0 -1 0
    outer loop
      vertex 122.386 0.61 12.4597
      vertex 122.565 0.61 13.0709
      vertex 122.221 0.61 12.5799
    endloop
  endfacet
  facet normal 0 -1 -0
    outer loop
      vertex 122.565 0.61 13.0709
      vertex 122.386 0.61 12.4597
      vertex 122.907 0.61 12.8288
    endloop
  endfacet
  facet normal 0 -1 0
    outer loop
      vertex 122.494 0.61 12.2595
      vertex 122.907 0.61 12.8288
      vertex 122.386 0.61 12.4597
    endloop
  endfacet
  facet normal 0 -1 -0
    outer loop
      vertex 122.907 0.61 12.8288
      vertex 122.494 0.61 12.2595
      vertex 123.139 0.61 12.458
    endloop
  endfacet
  facet normal 0 -1 0
    outer loop
      vertex 122.494 0.61 12.2595
      vertex 123.216 0.61 11.991
      vertex 123.139 0.61 12.458
    endloop
  endfacet
  facet normal 0 -1 0
    outer loop
      vertex 122.53 0.61 11.9792
      vertex 123.216 0.61 11.991
      vertex 122.494 0.61 12.2595
    endloop
  endfacet
  facet normal 0 -1 0
    outer loop
      vertex 123.153 0.61 11.5846
      vertex 122.53 0.61 11.9792
      vertex 122.494 0.61 11.6804
    endloop
  endfacet
  facet normal 0 -1 0
    outer loop
      vertex 122.53 0.61 11.9792
      vertex 123.153 0.61 11.5846
      vertex 123.216 0.61 11.991
    endloop
  endfacet
  facet normal 0 -1 0
    outer loop
      vertex 122.966 0.61 11.2244
      vertex 122.494 0.61 11.6804
      vertex 122.385 0.61 11.4677
    endloop
  endfacet
  facet normal 0 -1 0
    outer loop
      vertex 122.966 0.61 11.2244
      vertex 122.385 0.61 11.4677
      vertex 122.224 0.61 11.3404
    endloop
  endfacet
  facet normal 0 -1 0
    outer loop
      vertex 122.494 0.61 11.6804
      vertex 122.966 0.61 11.2244
      vertex 123.153 0.61 11.5846
    endloop
  endfacet
  facet normal 0 -1 0
    outer loop
      vertex 122.966 0.61 11.2244
      vertex 122.224 0.61 11.3404
      vertex 122.031 0.61 11.298
    endloop
  endfacet
  facet normal 0 -1 0
    outer loop
      vertex 119.689 0.61 10.8233
      vertex 120.356 0.61 11.4902
      vertex 119.689 0.61 11.4902
    endloop
  endfacet
  facet normal 0 -1 -0
    outer loop
      vertex 120.356 0.61 11.4902
      vertex 119.689 0.61 10.8233
      vertex 120.356 0.61 10.8233
    endloop
  endfacet
  facet normal -0 0 1
    outer loop
      vertex 118.86 0.61 11.5235
      vertex 119.292 0 11.5235
      vertex 119.292 0.61 11.5235
    endloop
  endfacet
  facet normal 0 0 1
    outer loop
      vertex 119.292 0 11.5235
      vertex 118.86 0.61 11.5235
      vertex 118.86 0 11.5235
    endloop
  endfacet
  facet normal -1 0 0
    outer loop
      vertex 119.292 0 11.5235
      vertex 119.292 0.61 12.1097
      vertex 119.292 0.61 11.5235
    endloop
  endfacet
  facet normal -1 -0 0
    outer loop
      vertex 119.292 0.61 12.1097
      vertex 119.292 0 11.5235
      vertex 119.292 0 12.1097
    endloop
  endfacet
  facet normal 0 0 -1
    outer loop
      vertex 118.86 0 12.1097
      vertex 119.292 0.61 12.1097
      vertex 119.292 0 12.1097
    endloop
  endfacet
  facet normal -0 0 -1
    outer loop
      vertex 119.292 0.61 12.1097
      vertex 118.86 0 12.1097
      vertex 118.86 0.61 12.1097
    endloop
  endfacet
  facet normal -1 0 0
    outer loop
      vertex 118.86 0 12.1097
      vertex 118.86 0.61 14.317
      vertex 118.86 0.61 12.1097
    endloop
  endfacet
  facet normal -1 -0 0
    outer loop
      vertex 118.86 0.61 14.317
      vertex 118.86 0 12.1097
      vertex 118.86 0 14.317
    endloop
  endfacet
  facet normal 0 0 -1
    outer loop
      vertex 118.3 0 14.317
      vertex 118.86 0.61 14.317
      vertex 118.86 0 14.317
    endloop
  endfacet
  facet normal -0 0 -1
    outer loop
      vertex 118.86 0.61 14.317
      vertex 118.3 0 14.317
      vertex 118.3 0.61 14.317
    endloop
  endfacet
  facet normal 0.825812 0 -0.563945
    outer loop
      vertex 118.3 0 14.317
      vertex 116.791 0.61 12.1073
      vertex 118.3 0.61 14.317
    endloop
  endfacet
  facet normal 0.825812 0 -0.563945
    outer loop
      vertex 116.791 0.61 12.1073
      vertex 118.3 0 14.317
      vertex 116.791 0 12.1073
    endloop
  endfacet
  facet normal 1 -0 0
    outer loop
      vertex 116.791 0 12.1073
      vertex 116.791 0.61 11.5235
      vertex 116.791 0.61 12.1073
    endloop
  endfacet
  facet normal 1 0 0
    outer loop
      vertex 116.791 0.61 11.5235
      vertex 116.791 0 12.1073
      vertex 116.791 0 11.5235
    endloop
  endfacet
  facet normal -0 0 1
    outer loop
      vertex 116.791 0.61 11.5235
      vertex 118.215 0 11.5235
      vertex 118.215 0.61 11.5235
    endloop
  endfacet
  facet normal 0 0 1
    outer loop
      vertex 118.215 0 11.5235
      vertex 116.791 0.61 11.5235
      vertex 116.791 0 11.5235
    endloop
  endfacet
  facet normal 1 -0 0
    outer loop
      vertex 118.215 0 11.5235
      vertex 118.215 0.61 10.8233
      vertex 118.215 0.61 11.5235
    endloop
  endfacet
  facet normal 1 0 0
    outer loop
      vertex 118.215 0.61 10.8233
      vertex 118.215 0 11.5235
      vertex 118.215 0 10.8233
    endloop
  endfacet
  facet normal -0 0 1
    outer loop
      vertex 118.215 0.61 10.8233
      vertex 118.86 0 10.8233
      vertex 118.86 0.61 10.8233
    endloop
  endfacet
  facet normal 0 0 1
    outer loop
      vertex 118.86 0 10.8233
      vertex 118.215 0.61 10.8233
      vertex 118.215 0 10.8233
    endloop
  endfacet
  facet normal -1 0 0
    outer loop
      vertex 118.86 0 10.8233
      vertex 118.86 0.61 11.5235
      vertex 118.86 0.61 10.8233
    endloop
  endfacet
  facet normal -1 -0 0
    outer loop
      vertex 118.86 0.61 11.5235
      vertex 118.86 0 10.8233
      vertex 118.86 0 11.5235
    endloop
  endfacet
  facet normal -0.829703 0 0.558206
    outer loop
      vertex 117.415 0 12.1097
      vertex 118.215 0.61 13.2988
      vertex 117.415 0.61 12.1097
    endloop
  endfacet
  facet normal -0.829703 0 0.558206
    outer loop
      vertex 118.215 0.61 13.2988
      vertex 117.415 0 12.1097
      vertex 118.215 0 13.2988
    endloop
  endfacet
  facet normal 1 -0 0
    outer loop
      vertex 118.215 0 13.2988
      vertex 118.215 0.61 12.1097
      vertex 118.215 0.61 13.2988
    endloop
  endfacet
  facet normal 1 0 0
    outer loop
      vertex 118.215 0.61 12.1097
      vertex 118.215 0 13.2988
      vertex 118.215 0 12.1097
    endloop
  endfacet
  facet normal 0 0 -1
    outer loop
      vertex 117.415 0 12.1097
      vertex 118.215 0.61 12.1097
      vertex 118.215 0 12.1097
    endloop
  endfacet
  facet normal -0 0 -1
    outer loop
      vertex 118.215 0.61 12.1097
      vertex 117.415 0 12.1097
      vertex 117.415 0.61 12.1097
    endloop
  endfacet
  facet normal -0.648793 0 0.760965
    outer loop
      vertex 122.561 0.61 10.8791
      vertex 122.966 0 11.2244
      vertex 122.966 0.61 11.2244
    endloop
  endfacet
  facet normal -0.648793 0 0.760965
    outer loop
      vertex 122.966 0 11.2244
      vertex 122.561 0.61 10.8791
      vertex 122.561 0 10.8791
    endloop
  endfacet
  facet normal -0.887523 0 0.460763
    outer loop
      vertex 122.966 0 11.2244
      vertex 123.153 0.61 11.5846
      vertex 122.966 0.61 11.2244
    endloop
  endfacet
  facet normal -0.887523 0 0.460763
    outer loop
      vertex 123.153 0.61 11.5846
      vertex 122.966 0 11.2244
      vertex 123.153 0 11.5846
    endloop
  endfacet
  facet normal -0.988197 0 0.15319
    outer loop
      vertex 123.153 0 11.5846
      vertex 123.216 0.61 11.991
      vertex 123.153 0.61 11.5846
    endloop
  endfacet
  facet normal -0.988197 0 0.15319
    outer loop
      vertex 123.216 0.61 11.991
      vertex 123.153 0 11.5846
      vertex 123.216 0 11.991
    endloop
  endfacet
  facet normal -0.986678 0 -0.162686
    outer loop
      vertex 123.216 0 11.991
      vertex 123.139 0.61 12.458
      vertex 123.216 0.61 11.991
    endloop
  endfacet
  facet normal -0.986678 -0 -0.162686
    outer loop
      vertex 123.139 0.61 12.458
      vertex 123.216 0 11.991
      vertex 123.139 0 12.458
    endloop
  endfacet
  facet normal -0.847741 0 -0.53041
    outer loop
      vertex 123.139 0 12.458
      vertex 122.907 0.61 12.8288
      vertex 123.139 0.61 12.458
    endloop
  endfacet
  facet normal -0.847741 -0 -0.53041
    outer loop
      vertex 122.907 0.61 12.8288
      vertex 123.139 0 12.458
      vertex 122.907 0 12.8288
    endloop
  endfacet
  facet normal -0.577779 0 -0.816193
    outer loop
      vertex 122.565 0 13.0709
      vertex 122.907 0.61 12.8288
      vertex 122.907 0 12.8288
    endloop
  endfacet
  facet normal -0.577779 0 -0.816193
    outer loop
      vertex 122.907 0.61 12.8288
      vertex 122.565 0 13.0709
      vertex 122.565 0.61 13.0709
    endloop
  endfacet
  facet normal -0.193124 0 -0.981174
    outer loop
      vertex 122.155 0 13.1516
      vertex 122.565 0.61 13.0709
      vertex 122.565 0 13.0709
    endloop
  endfacet
  facet normal -0.193124 0 -0.981174
    outer loop
      vertex 122.565 0.61 13.0709
      vertex 122.155 0 13.1516
      vertex 122.155 0.61 13.1516
    endloop
  endfacet
  facet normal 0.119908 0 -0.992785
    outer loop
      vertex 121.924 0 13.1237
      vertex 122.155 0.61 13.1516
      vertex 122.155 0 13.1516
    endloop
  endfacet
  facet normal 0.119908 0 -0.992785
    outer loop
      vertex 122.155 0.61 13.1516
      vertex 121.924 0 13.1237
      vertex 121.924 0.61 13.1237
    endloop
  endfacet
  facet normal 0.348291 0 -0.937386
    outer loop
      vertex 121.699 0 13.0401
      vertex 121.924 0.61 13.1237
      vertex 121.924 0 13.1237
    endloop
  endfacet
  facet normal 0.348291 0 -0.937386
    outer loop
      vertex 121.924 0.61 13.1237
      vertex 121.699 0 13.0401
      vertex 121.699 0.61 13.0401
    endloop
  endfacet
  facet normal -0.984862 0 0.173338
    outer loop
      vertex 121.699 0 13.0401
      vertex 121.803 0.61 13.631
      vertex 121.699 0.61 13.0401
    endloop
  endfacet
  facet normal -0.984862 0 0.173338
    outer loop
      vertex 121.803 0.61 13.631
      vertex 121.699 0 13.0401
      vertex 121.803 0 13.631
    endloop
  endfacet
  facet normal -0 0 1
    outer loop
      vertex 121.803 0.61 13.631
      vertex 123.061 0 13.631
      vertex 123.061 0.61 13.631
    endloop
  endfacet
  facet normal 0 0 1
    outer loop
      vertex 123.061 0 13.631
      vertex 121.803 0.61 13.631
      vertex 121.803 0 13.631
    endloop
  endfacet
  facet normal -1 0 0
    outer loop
      vertex 123.061 0 13.631
      vertex 123.061 0.61 14.2553
      vertex 123.061 0.61 13.631
    endloop
  endfacet
  facet normal -1 -0 0
    outer loop
      vertex 123.061 0.61 14.2553
      vertex 123.061 0 13.631
      vertex 123.061 0 14.2553
    endloop
  endfacet
  facet normal 0 0 -1
    outer loop
      vertex 121.298 0 14.2553
      vertex 123.061 0.61 14.2553
      vertex 123.061 0 14.2553
    endloop
  endfacet
  facet normal -0 0 -1
    outer loop
      vertex 123.061 0.61 14.2553
      vertex 121.298 0 14.2553
      vertex 121.298 0.61 14.2553
    endloop
  endfacet
  facet normal 0.98263 0 -0.185576
    outer loop
      vertex 121.298 0 14.2553
      vertex 120.956 0.61 12.4444
      vertex 121.298 0.61 14.2553
    endloop
  endfacet
  facet normal 0.98263 0 -0.185576
    outer loop
      vertex 120.956 0.61 12.4444
      vertex 121.298 0 14.2553
      vertex 120.956 0 12.4444
    endloop
  endfacet
  facet normal 0.143419 0 0.989662
    outer loop
      vertex 120.956 0.61 12.4444
      vertex 121.497 0 12.366
      vertex 121.497 0.61 12.366
    endloop
  endfacet
  facet normal 0.143419 0 0.989662
    outer loop
      vertex 121.497 0 12.366
      vertex 120.956 0.61 12.4444
      vertex 120.956 0 12.4444
    endloop
  endfacet
  facet normal -0.616963 0 0.786992
    outer loop
      vertex 121.497 0.61 12.366
      vertex 121.74 0 12.5565
      vertex 121.74 0.61 12.5565
    endloop
  endfacet
  facet normal -0.616963 0 0.786992
    outer loop
      vertex 121.74 0 12.5565
      vertex 121.497 0.61 12.366
      vertex 121.497 0 12.366
    endloop
  endfacet
  facet normal -0.227343 0 0.973815
    outer loop
      vertex 121.74 0.61 12.5565
      vertex 122.012 0 12.62
      vertex 122.012 0.61 12.62
    endloop
  endfacet
  facet normal -0.227343 0 0.973815
    outer loop
      vertex 122.012 0 12.62
      vertex 121.74 0.61 12.5565
      vertex 121.74 0 12.5565
    endloop
  endfacet
  facet normal 0.188429 0 0.982087
    outer loop
      vertex 122.012 0.61 12.62
      vertex 122.221 0 12.5799
      vertex 122.221 0.61 12.5799
    endloop
  endfacet
  facet normal 0.188429 0 0.982087
    outer loop
      vertex 122.221 0 12.5799
      vertex 122.012 0.61 12.62
      vertex 122.012 0 12.62
    endloop
  endfacet
  facet normal 0.588812 0 0.80827
    outer loop
      vertex 122.221 0.61 12.5799
      vertex 122.386 0 12.4597
      vertex 122.386 0.61 12.4597
    endloop
  endfacet
  facet normal 0.588812 0 0.80827
    outer loop
      vertex 122.386 0 12.4597
      vertex 122.221 0.61 12.5799
      vertex 122.221 0 12.5799
    endloop
  endfacet
  facet normal 0.880104 -0 0.474781
    outer loop
      vertex 122.386 0 12.4597
      vertex 122.494 0.61 12.2595
      vertex 122.386 0.61 12.4597
    endloop
  endfacet
  facet normal 0.880104 0 0.474781
    outer loop
      vertex 122.494 0.61 12.2595
      vertex 122.386 0 12.4597
      vertex 122.494 0 12.2595
    endloop
  endfacet
  facet normal 0.991853 -0 0.127387
    outer loop
      vertex 122.494 0 12.2595
      vertex 122.53 0.61 11.9792
      vertex 122.494 0.61 12.2595
    endloop
  endfacet
  facet normal 0.991853 0 0.127387
    outer loop
      vertex 122.53 0.61 11.9792
      vertex 122.494 0 12.2595
      vertex 122.53 0 11.9792
    endloop
  endfacet
  facet normal 0.99282 0 -0.119617
    outer loop
      vertex 122.53 0 11.9792
      vertex 122.494 0.61 11.6804
      vertex 122.53 0.61 11.9792
    endloop
  endfacet
  facet normal 0.99282 0 -0.119617
    outer loop
      vertex 122.494 0.61 11.6804
      vertex 122.53 0 11.9792
      vertex 122.494 0 11.6804
    endloop
  endfacet
  facet normal 0.889948 0 -0.456062
    outer loop
      vertex 122.494 0 11.6804
      vertex 122.385 0.61 11.4677
      vertex 122.494 0.61 11.6804
    endloop
  endfacet
  facet normal 0.889948 0 -0.456062
    outer loop
      vertex 122.385 0.61 11.4677
      vertex 122.494 0 11.6804
      vertex 122.385 0 11.4677
    endloop
  endfacet
  facet normal 0.620229 0 -0.784421
    outer loop
      vertex 122.224 0 11.3404
      vertex 122.385 0.61 11.4677
      vertex 122.385 0 11.4677
    endloop
  endfacet
  facet normal 0.620229 0 -0.784421
    outer loop
      vertex 122.385 0.61 11.4677
      vertex 122.224 0 11.3404
      vertex 122.224 0.61 11.3404
    endloop
  endfacet
  facet normal 0.214572 0 -0.976708
    outer loop
      vertex 122.031 0 11.298
      vertex 122.224 0.61 11.3404
      vertex 122.224 0 11.3404
    endloop
  endfacet
  facet normal 0.214572 0 -0.976708
    outer loop
      vertex 122.224 0.61 11.3404
      vertex 122.031 0 11.298
      vertex 122.031 0.61 11.298
    endloop
  endfacet
  facet normal -0.187873 0 -0.982193
    outer loop
      vertex 121.859 0 11.3309
      vertex 122.031 0.61 11.298
      vertex 122.031 0 11.298
    endloop
  endfacet
  facet normal -0.187873 0 -0.982193
    outer loop
      vertex 122.031 0.61 11.298
      vertex 121.859 0 11.3309
      vertex 121.859 0.61 11.3309
    endloop
  endfacet
  facet normal -0.550066 0 -0.835121
    outer loop
      vertex 121.709 0 11.4297
      vertex 121.859 0.61 11.3309
      vertex 121.859 0 11.3309
    endloop
  endfacet
  facet normal -0.550066 0 -0.835121
    outer loop
      vertex 121.859 0.61 11.3309
      vertex 121.709 0 11.4297
      vertex 121.709 0.61 11.4297
    endloop
  endfacet
  facet normal -0.808421 0 -0.588605
    outer loop
      vertex 121.709 0 11.4297
      vertex 121.596 0.61 11.5849
      vertex 121.709 0.61 11.4297
    endloop
  endfacet
  facet normal -0.808421 -0 -0.588605
    outer loop
      vertex 121.596 0.61 11.5849
      vertex 121.709 0 11.4297
      vertex 121.596 0 11.5849
    endloop
  endfacet
  facet normal -0.963654 0 -0.267152
    outer loop
      vertex 121.596 0 11.5849
      vertex 121.54 0.61 11.7869
      vertex 121.596 0.61 11.5849
    endloop
  endfacet
  facet normal -0.963654 -0 -0.267152
    outer loop
      vertex 121.54 0.61 11.7869
      vertex 121.596 0 11.5849
      vertex 121.54 0 11.7869
    endloop
  endfacet
  facet normal 0.102909 0 -0.994691
    outer loop
      vertex 120.875 0 11.7181
      vertex 121.54 0.61 11.7869
      vertex 121.54 0 11.7869
    endloop
  endfacet
  facet normal 0.102909 0 -0.994691
    outer loop
      vertex 121.54 0.61 11.7869
      vertex 120.875 0 11.7181
      vertex 120.875 0.61 11.7181
    endloop
  endfacet
  facet normal 0.955557 -0 0.294805
    outer loop
      vertex 120.875 0 11.7181
      vertex 120.996 0.61 11.3259
      vertex 120.875 0.61 11.7181
    endloop
  endfacet
  facet normal 0.955557 0 0.294805
    outer loop
      vertex 120.996 0.61 11.3259
      vertex 120.875 0 11.7181
      vertex 120.996 0 11.3259
    endloop
  endfacet
  facet normal 0.780417 -0 0.62526
    outer loop
      vertex 120.996 0 11.3259
      vertex 121.239 0.61 11.0226
      vertex 120.996 0.61 11.3259
    endloop
  endfacet
  facet normal 0.780417 0 0.62526
    outer loop
      vertex 121.239 0.61 11.0226
      vertex 120.996 0 11.3259
      vertex 121.239 0 11.0226
    endloop
  endfacet
  facet normal 0.486921 0 0.873446
    outer loop
      vertex 121.239 0.61 11.0226
      vertex 121.587 0 10.8286
      vertex 121.587 0.61 10.8286
    endloop
  endfacet
  facet normal 0.486921 0 0.873446
    outer loop
      vertex 121.587 0 10.8286
      vertex 121.239 0.61 11.0226
      vertex 121.239 0 11.0226
    endloop
  endfacet
  facet normal 0.146237 0 0.98925
    outer loop
      vertex 121.587 0.61 10.8286
      vertex 122.024 0 10.764
      vertex 122.024 0.61 10.764
    endloop
  endfacet
  facet normal 0.146237 0 0.98925
    outer loop
      vertex 122.024 0 10.764
      vertex 121.587 0.61 10.8286
      vertex 121.587 0 10.8286
    endloop
  endfacet
  facet normal -0.209579 0 0.977792
    outer loop
      vertex 122.024 0.61 10.764
      vertex 122.561 0 10.8791
      vertex 122.561 0.61 10.8791
    endloop
  endfacet
  facet normal -0.209579 0 0.977792
    outer loop
      vertex 122.561 0 10.8791
      vertex 122.024 0.61 10.764
      vertex 122.024 0 10.764
    endloop
  endfacet
  facet normal 0 0 -1
    outer loop
      vertex 119.689 0 11.4902
      vertex 120.356 0.61 11.4902
      vertex 120.356 0 11.4902
    endloop
  endfacet
  facet normal -0 0 -1
    outer loop
      vertex 120.356 0.61 11.4902
      vertex 119.689 0 11.4902
      vertex 119.689 0.61 11.4902
    endloop
  endfacet
  facet normal 1 -0 0
    outer loop
      vertex 119.689 0 11.4902
      vertex 119.689 0.61 10.8233
      vertex 119.689 0.61 11.4902
    endloop
  endfacet
  facet normal 1 0 0
    outer loop
      vertex 119.689 0.61 10.8233
      vertex 119.689 0 11.4902
      vertex 119.689 0 10.8233
    endloop
  endfacet
  facet normal -0 0 1
    outer loop
      vertex 119.689 0.61 10.8233
      vertex 120.356 0 10.8233
      vertex 120.356 0.61 10.8233
    endloop
  endfacet
  facet normal 0 0 1
    outer loop
      vertex 120.356 0 10.8233
      vertex 119.689 0.61 10.8233
      vertex 119.689 0 10.8233
    endloop
  endfacet
  facet normal -1 0 0
    outer loop
      vertex 120.356 0 10.8233
      vertex 120.356 0.61 11.4902
      vertex 120.356 0.61 10.8233
    endloop
  endfacet
  facet normal -1 -0 0
    outer loop
      vertex 120.356 0.61 11.4902
      vertex 120.356 0 10.8233
      vertex 120.356 0 11.4902
    endloop
  endfacet
endsolid OpenSCAD_Model
